organization_id;month;category_id;category;amount_minor;currency
1;2023-01;1;alimentos;23259281;ARS
1;2023-01;8;vivienda;15796829;ARS
1;2023-01;6;transporte;10666954;ARS
1;2023-01;4;salud;4816827;ARS
1;2023-01;2;educacion;4939576;ARS
1;2023-01;5;servicios;7104161;ARS
1;2023-01;3;recreacion;4950724;ARS
1;2023-01;7;vestimenta;2176633;ARS
1;2023-02;1;alimentos;25436937;ARS
1;2023-02;8;vivienda;17025902;ARS
1;2023-02;6;transporte;10660609;ARS
1;2023-02;4;salud;5432734;ARS
1;2023-02;2;educacion;5794493;ARS
1;2023-02;5;servicios;7751839;ARS
1;2023-02;3;recreacion;3701001;ARS
1;2023-02;7;vestimenta;2316856;ARS
1;2023-03;1;alimentos;26555171;ARS
1;2023-03;8;vivienda;16936269;ARS
1;2023-03;6;transporte;11234762;ARS
1;2023-03;4;salud;5201959;ARS
1;2023-03;2;educacion;7062441;ARS
1;2023-03;5;servicios;6986535;ARS
1;2023-03;3;recreacion;5004084;ARS
1;2023-03;7;vestimenta;2534063;ARS
1;2023-04;1;alimentos;31155963;ARS
1;2023-04;8;vivienda;16526370;ARS
1;2023-04;6;transporte;10604550;ARS
1;2023-04;4;salud;7121842;ARS
1;2023-04;2;educacion;5215268;ARS
1;2023-04;5;servicios;6643634;ARS
1;2023-04;3;recreacion;4529087;ARS
1;2023-04;7;vestimenta;1803483;ARS
1;2023-05;1;alimentos;32072461;ARS
1;2023-05;8;vivienda;19171687;ARS
1;2023-05;6;transporte;11923380;ARS
1;2023-05;4;salud;6572640;ARS
1;2023-05;2;educacion;6720043;ARS
1;2023-05;5;servicios;7779861;ARS
1;2023-05;3;recreacion;4976820;ARS
1;2023-05;7;vestimenta;1938828;ARS
1;2023-06;1;alimentos;38428141;ARS
1;2023-06;8;vivienda;19402559;ARS
1;2023-06;6;transporte;13595431;ARS
1;2023-06;4;salud;6879542;ARS
1;2023-06;2;educacion;5706066;ARS
1;2023-06;5;servicios;7806388;ARS
1;2023-06;3;recreacion;4429667;ARS
1;2023-06;7;vestimenta;2147237;ARS
1;2023-07;1;alimentos;30243434;ARS
1;2023-07;8;vivienda;19704583;ARS
1;2023-07;6;transporte;13220650;ARS
1;2023-07;4;salud;7458485;ARS
1;2023-07;2;educacion;6923173;ARS
1;2023-07;5;servicios;7953379;ARS
1;2023-07;3;recreacion;5361041;ARS
1;2023-07;7;vestimenta;3624807;ARS
1;2023-08;1;alimentos;32895947;ARS
1;2023-08;8;vivienda;20922134;ARS
1;2023-08;6;transporte;13421534;ARS
1;2023-08;4;salud;6939652;ARS
1;2023-08;2;educacion;7418169;ARS
1;2023-08;5;servicios;8943118;ARS
1;2023-08;3;recreacion;6804735;ARS
1;2023-08;7;vestimenta;1841753;ARS
1;2023-09;1;alimentos;41339820;ARS
1;2023-09;8;vivienda;21407990;ARS
1;2023-09;6;transporte;16879036;ARS
1;2023-09;4;salud;8497690;ARS
1;2023-09;2;educacion;8334773;ARS
1;2023-09;5;servicios;9514309;ARS
1;2023-09;3;recreacion;6171648;ARS
1;2023-09;7;vestimenta;3184549;ARS
1;2023-10;1;alimentos;39568520;ARS
1;2023-10;8;vivienda;21661098;ARS
1;2023-10;6;transporte;14375240;ARS
1;2023-10;4;salud;7775760;ARS
1;2023-10;2;educacion;9013974;ARS
1;2023-10;5;servicios;10032245;ARS
1;2023-10;3;recreacion;7631168;ARS
1;2023-10;7;vestimenta;2293167;ARS
1;2023-11;1;alimentos;48601665;ARS
1;2023-11;8;vivienda;23782297;ARS
1;2023-11;6;transporte;15509151;ARS
1;2023-11;4;salud;8571386;ARS
1;2023-11;2;educacion;8384206;ARS
1;2023-11;5;servicios;9995309;ARS
1;2023-11;3;recreacion;8147698;ARS
1;2023-11;7;vestimenta;2968939;ARS
1;2023-12;1;alimentos;43633565;ARS
1;2023-12;8;vivienda;23663924;ARS
1;2023-12;6;transporte;19399022;ARS
1;2023-12;4;salud;8120931;ARS
1;2023-12;2;educacion;9252204;ARS
1;2023-12;5;servicios;10790275;ARS
1;2023-12;3;recreacion;6068767;ARS
1;2023-12;7;vestimenta;2499187;ARS
1;2024-01;1;alimentos;44713599;ARS
1;2024-01;8;vivienda;27044791;ARS
1;2024-01;6;transporte;16759077;ARS
1;2024-01;4;salud;9117568;ARS
1;2024-01;2;educacion;8768619;ARS
1;2024-01;5;servicios;9928562;ARS
1;2024-01;3;recreacion;8845014;ARS
1;2024-01;7;vestimenta;4562918;ARS
1;2024-02;1;alimentos;37108870;ARS
1;2024-02;8;vivienda;27483651;ARS
1;2024-02;6;transporte;22276065;ARS
1;2024-02;4;salud;8174545;ARS
1;2024-02;2;educacion;10420490;ARS
1;2024-02;5;servicios;8917168;ARS
1;2024-02;3;recreacion;7814600;ARS
1;2024-02;7;vestimenta;3287395;ARS
1;2024-03;1;alimentos;53746780;ARS
1;2024-03;8;vivienda;28379162;ARS
1;2024-03;6;transporte;13006462;ARS
1;2024-03;4;salud;10821080;ARS
1;2024-03;2;educacion;11114482;ARS
1;2024-03;5;servicios;13363142;ARS
1;2024-03;3;recreacion;6312397;ARS
1;2024-03;7;vestimenta;4061460;ARS
1;2024-04;1;alimentos;43291360;ARS
1;2024-04;8;vivienda;29401260;ARS
1;2024-04;6;transporte;16336209;ARS
1;2024-04;4;salud;11441272;ARS
1;2024-04;2;educacion;10324328;ARS
1;2024-04;5;servicios;13415591;ARS
1;2024-04;3;recreacion;7905541;ARS
1;2024-04;7;vestimenta;2868760;ARS
1;2024-05;1;alimentos;40575561;ARS
1;2024-05;8;vivienda;32044732;ARS
1;2024-05;6;transporte;22508111;ARS
1;2024-05;4;salud;11097686;ARS
1;2024-05;2;educacion;9071642;ARS
1;2024-05;5;servicios;12686914;ARS
1;2024-05;3;recreacion;7321544;ARS
1;2024-05;7;vestimenta;5027355;ARS
1;2024-06;1;alimentos;52744771;ARS
1;2024-06;8;vivienda;32662133;ARS
1;2024-06;6;transporte;19594023;ARS
1;2024-06;4;salud;12690689;ARS
1;2024-06;2;educacion;10319648;ARS
1;2024-06;5;servicios;12966157;ARS
1;2024-06;3;recreacion;6886611;ARS
1;2024-06;7;vestimenta;3913245;ARS
1;2024-07;1;alimentos;54978482;ARS
1;2024-07;8;vivienda;35145522;ARS
1;2024-07;6;transporte;22637378;ARS
1;2024-07;4;salud;11926573;ARS
1;2024-07;2;educacion;10563573;ARS
1;2024-07;5;servicios;14953849;ARS
1;2024-07;3;recreacion;6760978;ARS
1;2024-07;7;vestimenta;3043197;ARS
1;2024-08;1;alimentos;53292749;ARS
1;2024-08;8;vivienda;33950494;ARS
1;2024-08;6;transporte;22352214;ARS
1;2024-08;4;salud;11057493;ARS
1;2024-08;2;educacion;11848095;ARS
1;2024-08;5;servicios;13035238;ARS
1;2024-08;3;recreacion;11549553;ARS
1;2024-08;7;vestimenta;3381378;ARS
1;2024-09;1;alimentos;76508998;ARS
1;2024-09;8;vivienda;39331332;ARS
1;2024-09;6;transporte;24011302;ARS
1;2024-09;4;salud;12832881;ARS
1;2024-09;2;educacion;11150020;ARS
1;2024-09;5;servicios;14228212;ARS
1;2024-09;3;recreacion;8690709;ARS
1;2024-09;7;vestimenta;4210408;ARS
1;2024-10;1;alimentos;78992048;ARS
1;2024-10;8;vivienda;38393856;ARS
1;2024-10;6;transporte;27757519;ARS
1;2024-10;4;salud;12622254;ARS
1;2024-10;2;educacion;15015479;ARS
1;2024-10;5;servicios;17957409;ARS
1;2024-10;3;recreacion;11428603;ARS
1;2024-10;7;vestimenta;5042961;ARS
1;2024-11;1;alimentos;59609753;ARS
1;2024-11;8;vivienda;41208151;ARS
1;2024-11;6;transporte;27990180;ARS
1;2024-11;4;salud;14582071;ARS
1;2024-11;2;educacion;13555976;ARS
1;2024-11;5;servicios;15288142;ARS
1;2024-11;3;recreacion;11781550;ARS
1;2024-11;7;vestimenta;6601292;ARS
1;2024-12;1;alimentos;75154224;ARS
1;2024-12;8;vivienda;42175286;ARS
1;2024-12;6;transporte;33006922;ARS
1;2024-12;4;salud;13838788;ARS
1;2024-12;2;educacion;12602401;ARS
1;2024-12;5;servicios;17430463;ARS
1;2024-12;3;recreacion;12664543;ARS
1;2024-12;7;vestimenta;4614058;ARS
1;2025-01;1;alimentos;81891327;ARS
1;2025-01;8;vivienda;46863758;ARS
1;2025-01;6;transporte;25992450;ARS
1;2025-01;4;salud;17093157;ARS
1;2025-01;2;educacion;15292012;ARS
1;2025-01;5;servicios;20483448;ARS
1;2025-01;3;recreacion;13322725;ARS
1;2025-01;7;vestimenta;8342782;ARS
1;2025-02;1;alimentos;78062566;ARS
1;2025-02;8;vivienda;47649506;ARS
1;2025-02;6;transporte;28994842;ARS
1;2025-02;4;salud;15913841;ARS
1;2025-02;2;educacion;17917145;ARS
1;2025-02;5;servicios;21960036;ARS
1;2025-02;3;recreacion;14785251;ARS
1;2025-02;7;vestimenta;4318110;ARS
1;2025-03;1;alimentos;92025345;ARS
1;2025-03;8;vivienda;48630798;ARS
1;2025-03;6;transporte;35874450;ARS
1;2025-03;4;salud;13550500;ARS
1;2025-03;2;educacion;20968655;ARS
1;2025-03;5;servicios;19459027;ARS
1;2025-03;3;recreacion;11786636;ARS
1;2025-03;7;vestimenta;4929405;ARS
1;2025-04;1;alimentos;83883308;ARS
1;2025-04;8;vivienda;52470177;ARS
1;2025-04;6;transporte;35558818;ARS
1;2025-04;4;salud;16930126;ARS
1;2025-04;2;educacion;14774755;ARS
1;2025-04;5;servicios;21442977;ARS
1;2025-04;3;recreacion;14878892;ARS
1;2025-04;7;vestimenta;5833398;ARS
1;2025-05;1;alimentos;94305580;ARS
1;2025-05;8;vivienda;52183568;ARS
1;2025-05;6;transporte;37275436;ARS
1;2025-05;4;salud;15296571;ARS
1;2025-05;2;educacion;15886853;ARS
1;2025-05;5;servicios;24212660;ARS
1;2025-05;3;recreacion;12430987;ARS
1;2025-05;7;vestimenta;5323053;ARS
1;2025-06;1;alimentos;77812232;ARS
1;2025-06;8;vivienda;57256443;ARS
1;2025-06;6;transporte;30557160;ARS
1;2025-06;4;salud;18808312;ARS
1;2025-06;2;educacion;17956342;ARS
1;2025-06;5;servicios;25089513;ARS
1;2025-06;3;recreacion;17422195;ARS
1;2025-06;7;vestimenta;5357116;ARS
1;2025-07;1;alimentos;102499196;ARS
1;2025-07;8;vivienda;54838806;ARS
1;2025-07;6;transporte;40197689;ARS
1;2025-07;4;salud;21980711;ARS
1;2025-07;2;educacion;18745848;ARS
1;2025-07;5;servicios;27330800;ARS
1;2025-07;3;recreacion;12018645;ARS
1;2025-07;7;vestimenta;5793407;ARS
1;2025-08;1;alimentos;105348620;ARS
1;2025-08;8;vivienda;64433432;ARS
1;2025-08;6;transporte;30672016;ARS
1;2025-08;4;salud;22023303;ARS
1;2025-08;2;educacion;18973376;ARS
1;2025-08;5;servicios;25130360;ARS
1;2025-08;3;recreacion;15871266;ARS
1;2025-08;7;vestimenta;6510109;ARS
1;2025-09;1;alimentos;100667573;ARS
1;2025-09;8;vivienda;65034054;ARS
1;2025-09;6;transporte;38605109;ARS
1;2025-09;4;salud;22686269;ARS
1;2025-09;2;educacion;21636478;ARS
1;2025-09;5;servicios;27657610;ARS
1;2025-09;3;recreacion;16846226;ARS
1;2025-09;7;vestimenta;7821209;ARS
1;2025-10;1;alimentos;90492048;ARS
1;2025-10;8;vivienda;62066045;ARS
1;2025-10;6;transporte;44105606;ARS
1;2025-10;4;salud;23169607;ARS
1;2025-10;2;educacion;20041841;ARS
1;2025-10;5;servicios;25967406;ARS
1;2025-10;3;recreacion;21243229;ARS
1;2025-10;7;vestimenta;11267000;ARS
1;2025-11;1;alimentos;97974319;ARS
1;2025-11;8;vivienda;70612418;ARS
1;2025-11;6;transporte;39874331;ARS
1;2025-11;4;salud;25051769;ARS
1;2025-11;2;educacion;22030882;ARS
1;2025-11;5;servicios;26556107;ARS
1;2025-11;3;recreacion;21207377;ARS
1;2025-11;7;vestimenta;11213180;ARS
1;2025-12;1;alimentos;126577816;ARS
1;2025-12;8;vivienda;72815137;ARS
1;2025-12;6;transporte;46987161;ARS
1;2025-12;4;salud;26556487;ARS
1;2025-12;2;educacion;22697707;ARS
1;2025-12;5;servicios;27928540;ARS
1;2025-12;3;recreacion;21945925;ARS
1;2025-12;7;vestimenta;8791392;ARS
2;2023-01;9;alimentos;28798554;ARS
2;2023-01;16;vivienda;16794063;ARS
2;2023-01;14;transporte;12663724;ARS
2;2023-01;12;salud;6538458;ARS
2;2023-01;10;educacion;4005364;ARS
2;2023-01;13;servicios;7730742;ARS
2;2023-01;11;recreacion;4958207;ARS
2;2023-01;15;vestimenta;2345225;ARS
2;2023-02;9;alimentos;32125372;ARS
2;2023-02;16;vivienda;16594245;ARS
2;2023-02;14;transporte;12018504;ARS
2;2023-02;12;salud;7960984;ARS
2;2023-02;10;educacion;4871362;ARS
2;2023-02;13;servicios;9206308;ARS
2;2023-02;11;recreacion;5051209;ARS
2;2023-02;15;vestimenta;2169405;ARS
2;2023-03;9;alimentos;35842475;ARS
2;2023-03;16;vivienda;18299554;ARS
2;2023-03;14;transporte;13244714;ARS
2;2023-03;12;salud;8609009;ARS
2;2023-03;10;educacion;5053516;ARS
2;2023-03;13;servicios;9684281;ARS
2;2023-03;11;recreacion;4677636;ARS
2;2023-03;15;vestimenta;1923994;ARS
2;2023-04;9;alimentos;37962230;ARS
2;2023-04;16;vivienda;19007610;ARS
2;2023-04;14;transporte;15179033;ARS
2;2023-04;12;salud;8500471;ARS
2;2023-04;10;educacion;4803865;ARS
2;2023-04;13;servicios;10274706;ARS
2;2023-04;11;recreacion;5500387;ARS
2;2023-04;15;vestimenta;3647722;ARS
2;2023-05;9;alimentos;36897732;ARS
2;2023-05;16;vivienda;20811327;ARS
2;2023-05;14;transporte;13216887;ARS
2;2023-05;12;salud;8919709;ARS
2;2023-05;10;educacion;5028931;ARS
2;2023-05;13;servicios;8690323;ARS
2;2023-05;11;recreacion;7688432;ARS
2;2023-05;15;vestimenta;3355667;ARS
2;2023-06;9;alimentos;45112304;ARS
2;2023-06;16;vivienda;20889483;ARS
2;2023-06;14;transporte;12586561;ARS
2;2023-06;12;salud;9250334;ARS
2;2023-06;10;educacion;4435870;ARS
2;2023-06;13;servicios;11035363;ARS
2;2023-06;11;recreacion;5566191;ARS
2;2023-06;15;vestimenta;2599955;ARS
2;2023-07;9;alimentos;48235701;ARS
2;2023-07;16;vivienda;21609637;ARS
2;2023-07;14;transporte;16717596;ARS
2;2023-07;12;salud;8872457;ARS
2;2023-07;10;educacion;4915056;ARS
2;2023-07;13;servicios;10445992;ARS
2;2023-07;11;recreacion;8246992;ARS
2;2023-07;15;vestimenta;3647950;ARS
2;2023-08;9;alimentos;54232509;ARS
2;2023-08;16;vivienda;22338084;ARS
2;2023-08;14;transporte;16194033;ARS
2;2023-08;12;salud;10555142;ARS
2;2023-08;10;educacion;5664528;ARS
2;2023-08;13;servicios;12348472;ARS
2;2023-08;11;recreacion;7469317;ARS
2;2023-08;15;vestimenta;2268056;ARS
2;2023-09;9;alimentos;50445995;ARS
2;2023-09;16;vivienda;23874096;ARS
2;2023-09;14;transporte;17112717;ARS
2;2023-09;12;salud;9833264;ARS
2;2023-09;10;educacion;6132217;ARS
2;2023-09;13;servicios;11398298;ARS
2;2023-09;11;recreacion;8419073;ARS
2;2023-09;15;vestimenta;3137295;ARS
2;2023-10;9;alimentos;63160013;ARS
2;2023-10;16;vivienda;26817923;ARS
2;2023-10;14;transporte;16276718;ARS
2;2023-10;12;salud;12734367;ARS
2;2023-10;10;educacion;6393666;ARS
2;2023-10;13;servicios;11437024;ARS
2;2023-10;11;recreacion;7850719;ARS
2;2023-10;15;vestimenta;3840227;ARS
2;2023-11;9;alimentos;58587851;ARS
2;2023-11;16;vivienda;25952570;ARS
2;2023-11;14;transporte;16228923;ARS
2;2023-11;12;salud;11958613;ARS
2;2023-11;10;educacion;7105999;ARS
2;2023-11;13;servicios;13270573;ARS
2;2023-11;11;recreacion;7591638;ARS
2;2023-11;15;vestimenta;3452274;ARS
2;2023-12;9;alimentos;43996982;ARS
2;2023-12;16;vivienda;27001366;ARS
2;2023-12;14;transporte;18891209;ARS
2;2023-12;12;salud;11344770;ARS
2;2023-12;10;educacion;6770136;ARS
2;2023-12;13;servicios;12302477;ARS
2;2023-12;11;recreacion;9381288;ARS
2;2023-12;15;vestimenta;2976475;ARS
2;2024-01;9;alimentos;52064926;ARS
2;2024-01;16;vivienda;27968160;ARS
2;2024-01;14;transporte;21860406;ARS
2;2024-01;12;salud;12983279;ARS
2;2024-01;10;educacion;7404986;ARS
2;2024-01;13;servicios;14536075;ARS
2;2024-01;11;recreacion;11374590;ARS
2;2024-01;15;vestimenta;3829476;ARS
2;2024-02;9;alimentos;62248829;ARS
2;2024-02;16;vivienda;31870763;ARS
2;2024-02;14;transporte;20592103;ARS
2;2024-02;12;salud;14069802;ARS
2;2024-02;10;educacion;8094736;ARS
2;2024-02;13;servicios;13418809;ARS
2;2024-02;11;recreacion;7945635;ARS
2;2024-02;15;vestimenta;2258034;ARS
2;2024-03;9;alimentos;64522913;ARS
2;2024-03;16;vivienda;32784103;ARS
2;2024-03;14;transporte;19752497;ARS
2;2024-03;12;salud;12013076;ARS
2;2024-03;10;educacion;9323043;ARS
2;2024-03;13;servicios;15707329;ARS
2;2024-03;11;recreacion;10505744;ARS
2;2024-03;15;vestimenta;4078360;ARS
2;2024-04;9;alimentos;58576806;ARS
2;2024-04;16;vivienda;32863799;ARS
2;2024-04;14;transporte;27584981;ARS
2;2024-04;12;salud;13509571;ARS
2;2024-04;10;educacion;7881857;ARS
2;2024-04;13;servicios;16358656;ARS
2;2024-04;11;recreacion;9304307;ARS
2;2024-04;15;vestimenta;6073153;ARS
2;2024-05;9;alimentos;44777982;ARS
2;2024-05;16;vivienda;35558096;ARS
2;2024-05;14;transporte;23089638;ARS
2;2024-05;12;salud;16430169;ARS
2;2024-05;10;educacion;8052567;ARS
2;2024-05;13;servicios;16698743;ARS
2;2024-05;11;recreacion;11608538;ARS
2;2024-05;15;vestimenta;3594438;ARS
2;2024-06;9;alimentos;58218138;ARS
2;2024-06;16;vivienda;35867194;ARS
2;2024-06;14;transporte;21939111;ARS
2;2024-06;12;salud;15022450;ARS
2;2024-06;10;educacion;9139519;ARS
2;2024-06;13;servicios;14703922;ARS
2;2024-06;11;recreacion;9620065;ARS
2;2024-06;15;vestimenta;4413695;ARS
2;2024-07;9;alimentos;53219528;ARS
2;2024-07;16;vivienda;37128988;ARS
2;2024-07;14;transporte;27767870;ARS
2;2024-07;12;salud;15046818;ARS
2;2024-07;10;educacion;9883441;ARS
2;2024-07;13;servicios;16199469;ARS
2;2024-07;11;recreacion;9874123;ARS
2;2024-07;15;vestimenta;2511465;ARS
2;2024-08;9;alimentos;74530174;ARS
2;2024-08;16;vivienda;39122177;ARS
2;2024-08;14;transporte;23399405;ARS
2;2024-08;12;salud;17190095;ARS
2;2024-08;10;educacion;10089938;ARS
2;2024-08;13;servicios;18552834;ARS
2;2024-08;11;recreacion;14384226;ARS
2;2024-08;15;vestimenta;4127249;ARS
2;2024-09;9;alimentos;94073884;ARS
2;2024-09;16;vivienda;40873202;ARS
2;2024-09;14;transporte;26664801;ARS
2;2024-09;12;salud;19810896;ARS
2;2024-09;10;educacion;9886927;ARS
2;2024-09;13;servicios;17558962;ARS
2;2024-09;11;recreacion;11385581;ARS
2;2024-09;15;vestimenta;4880982;ARS
2;2024-10;9;alimentos;104641594;ARS
2;2024-10;16;vivienda;43961854;ARS
2;2024-10;14;transporte;28905823;ARS
2;2024-10;12;salud;20519010;ARS
2;2024-10;10;educacion;9613690;ARS
2;2024-10;13;servicios;18025616;ARS
2;2024-10;11;recreacion;13262128;ARS
2;2024-10;15;vestimenta;4287486;ARS
2;2024-11;9;alimentos;77687548;ARS
2;2024-11;16;vivienda;43688800;ARS
2;2024-11;14;transporte;25625060;ARS
2;2024-11;12;salud;18170641;ARS
2;2024-11;10;educacion;10217567;ARS
2;2024-11;13;servicios;23898101;ARS
2;2024-11;11;recreacion;12244846;ARS
2;2024-11;15;vestimenta;5597703;ARS
2;2024-12;9;alimentos;92467054;ARS
2;2024-12;16;vivienda;49842724;ARS
2;2024-12;14;transporte;31764753;ARS
2;2024-12;12;salud;20143280;ARS
2;2024-12;10;educacion;11452648;ARS
2;2024-12;13;servicios;26640102;ARS
2;2024-12;11;recreacion;12493656;ARS
2;2024-12;15;vestimenta;6003588;ARS
2;2025-01;9;alimentos;87026011;ARS
2;2025-01;16;vivienda;49833391;ARS
2;2025-01;14;transporte;35913771;ARS
2;2025-01;12;salud;20828440;ARS
2;2025-01;10;educacion;13197404;ARS
2;2025-01;13;servicios;22971551;ARS
2;2025-01;11;recreacion;16609744;ARS
2;2025-01;15;vestimenta;6828176;ARS
2;2025-02;9;alimentos;86442180;ARS
2;2025-02;16;vivienda;51296088;ARS
2;2025-02;14;transporte;26986915;ARS
2;2025-02;12;salud;23250375;ARS
2;2025-02;10;educacion;15431557;ARS
2;2025-02;13;servicios;25199159;ARS
2;2025-02;11;recreacion;16036764;ARS
2;2025-02;15;vestimenta;6180559;ARS
2;2025-03;9;alimentos;86600702;ARS
2;2025-03;16;vivienda;56221236;ARS
2;2025-03;14;transporte;35113066;ARS
2;2025-03;12;salud;22660078;ARS
2;2025-03;10;educacion;13774764;ARS
2;2025-03;13;servicios;23646841;ARS
2;2025-03;11;recreacion;16260963;ARS
2;2025-03;15;vestimenta;4103892;ARS
2;2025-04;9;alimentos;123950912;ARS
2;2025-04;16;vivienda;52677692;ARS
2;2025-04;14;transporte;34560182;ARS
2;2025-04;12;salud;22578419;ARS
2;2025-04;10;educacion;13432033;ARS
2;2025-04;13;servicios;22544624;ARS
2;2025-04;11;recreacion;10403398;ARS
2;2025-04;15;vestimenta;8258544;ARS
2;2025-05;9;alimentos;107698913;ARS
2;2025-05;16;vivienda;58400737;ARS
2;2025-05;14;transporte;34563925;ARS
2;2025-05;12;salud;28747380;ARS
2;2025-05;10;educacion;15064540;ARS
2;2025-05;13;servicios;25632700;ARS
2;2025-05;11;recreacion;21958320;ARS
2;2025-05;15;vestimenta;9205516;ARS
2;2025-06;9;alimentos;119932493;ARS
2;2025-06;16;vivienda;63136454;ARS
2;2025-06;14;transporte;41698823;ARS
2;2025-06;12;salud;28793221;ARS
2;2025-06;10;educacion;15277266;ARS
2;2025-06;13;servicios;27159635;ARS
2;2025-06;11;recreacion;18393717;ARS
2;2025-06;15;vestimenta;8779298;ARS
2;2025-07;9;alimentos;109558522;ARS
2;2025-07;16;vivienda;62885662;ARS
2;2025-07;14;transporte;38218145;ARS
2;2025-07;12;salud;30326042;ARS
2;2025-07;10;educacion;15475291;ARS
2;2025-07;13;servicios;32261178;ARS
2;2025-07;11;recreacion;18374247;ARS
2;2025-07;15;vestimenta;8835697;ARS
2;2025-08;9;alimentos;153058698;ARS
2;2025-08;16;vivienda;66529744;ARS
2;2025-08;14;transporte;53540027;ARS
2;2025-08;12;salud;29875582;ARS
2;2025-08;10;educacion;17969872;ARS
2;2025-08;13;servicios;34502112;ARS
2;2025-08;11;recreacion;22965175;ARS
2;2025-08;15;vestimenta;8371004;ARS
2;2025-09;9;alimentos;140823778;ARS
2;2025-09;16;vivienda;72490925;ARS
2;2025-09;14;transporte;44030837;ARS
2;2025-09;12;salud;30767238;ARS
2;2025-09;10;educacion;19993008;ARS
2;2025-09;13;servicios;34183805;ARS
2;2025-09;11;recreacion;21999751;ARS
2;2025-09;15;vestimenta;7849467;ARS
2;2025-10;9;alimentos;142449590;ARS
2;2025-10;16;vivienda;73086853;ARS
2;2025-10;14;transporte;48331328;ARS
2;2025-10;12;salud;32931632;ARS
2;2025-10;10;educacion;18712848;ARS
2;2025-10;13;servicios;36686402;ARS
2;2025-10;11;recreacion;20868839;ARS
2;2025-10;15;vestimenta;12477169;ARS
2;2025-11;9;alimentos;189490491;ARS
2;2025-11;16;vivienda;70936356;ARS
2;2025-11;14;transporte;50812838;ARS
2;2025-11;12;salud;32928216;ARS
2;2025-11;10;educacion;21355753;ARS
2;2025-11;13;servicios;35167448;ARS
2;2025-11;11;recreacion;27759698;ARS
2;2025-11;15;vestimenta;7461891;ARS
2;2025-12;9;alimentos;143393657;ARS
2;2025-12;16;vivienda;86021257;ARS
2;2025-12;14;transporte;63410587;ARS
2;2025-12;12;salud;33597892;ARS
2;2025-12;10;educacion;21432351;ARS
2;2025-12;13;servicios;41992348;ARS
2;2025-12;11;recreacion;26477902;ARS
2;2025-12;15;vestimenta;15236946;ARS
3;2023-01;17;alimentos;18407165;ARS
3;2023-01;24;vivienda;18341468;ARS
3;2023-01;22;transporte;4655082;ARS
3;2023-01;20;salud;7380194;ARS
3;2023-01;18;educacion;5545329;ARS
3;2023-01;21;servicios;6840669;ARS
3;2023-01;19;recreacion;2983102;ARS
3;2023-01;23;vestimenta;1788151;ARS
3;2023-02;17;alimentos;22659044;ARS
3;2023-02;24;vivienda;18391514;ARS
3;2023-02;22;transporte;6326986;ARS
3;2023-02;20;salud;6345447;ARS
3;2023-02;18;educacion;7864363;ARS
3;2023-02;21;servicios;8481805;ARS
3;2023-02;19;recreacion;2417106;ARS
3;2023-02;23;vestimenta;2898530;ARS
3;2023-03;17;alimentos;27706416;ARS
3;2023-03;24;vivienda;20532749;ARS
3;2023-03;22;transporte;5912876;ARS
3;2023-03;20;salud;7660914;ARS
3;2023-03;18;educacion;6391419;ARS
3;2023-03;21;servicios;8983796;ARS
3;2023-03;19;recreacion;2784997;ARS
3;2023-03;23;vestimenta;2489338;ARS
3;2023-04;17;alimentos;25690807;ARS
3;2023-04;24;vivienda;22248868;ARS
3;2023-04;22;transporte;5213059;ARS
3;2023-04;20;salud;6424207;ARS
3;2023-04;18;educacion;6998060;ARS
3;2023-04;21;servicios;8865346;ARS
3;2023-04;19;recreacion;2503315;ARS
3;2023-04;23;vestimenta;2359813;ARS
3;2023-05;17;alimentos;23866477;ARS
3;2023-05;24;vivienda;23563503;ARS
3;2023-05;22;transporte;6591225;ARS
3;2023-05;20;salud;8468001;ARS
3;2023-05;18;educacion;6606034;ARS
3;2023-05;21;servicios;10124844;ARS
3;2023-05;19;recreacion;3038057;ARS
3;2023-05;23;vestimenta;2760440;ARS
3;2023-06;17;alimentos;28177759;ARS
3;2023-06;24;vivienda;23875211;ARS
3;2023-06;22;transporte;7385190;ARS
3;2023-06;20;salud;8566847;ARS
3;2023-06;18;educacion;7508009;ARS
3;2023-06;21;servicios;10194416;ARS
3;2023-06;19;recreacion;3068807;ARS
3;2023-06;23;vestimenta;3484648;ARS
3;2023-07;17;alimentos;31666013;ARS
3;2023-07;24;vivienda;24973885;ARS
3;2023-07;22;transporte;6844461;ARS
3;2023-07;20;salud;9373233;ARS
3;2023-07;18;educacion;7351736;ARS
3;2023-07;21;servicios;9457066;ARS
3;2023-07;19;recreacion;2424049;ARS
3;2023-07;23;vestimenta;3158055;ARS
3;2023-08;17;alimentos;33233320;ARS
3;2023-08;24;vivienda;26080103;ARS
3;2023-08;22;transporte;8988901;ARS
3;2023-08;20;salud;10169072;ARS
3;2023-08;18;educacion;7073058;ARS
3;2023-08;21;servicios;9637397;ARS
3;2023-08;19;recreacion;3383474;ARS
3;2023-08;23;vestimenta;3768086;ARS
3;2023-09;17;alimentos;31744884;ARS
3;2023-09;24;vivienda;26449928;ARS
3;2023-09;22;transporte;7866634;ARS
3;2023-09;20;salud;7278789;ARS
3;2023-09;18;educacion;9265252;ARS
3;2023-09;21;servicios;10620729;ARS
3;2023-09;19;recreacion;4095799;ARS
3;2023-09;23;vestimenta;4346545;ARS
3;2023-10;17;alimentos;36415028;ARS
3;2023-10;24;vivienda;29659289;ARS
3;2023-10;22;transporte;8394068;ARS
3;2023-10;20;salud;10439103;ARS
3;2023-10;18;educacion;8942499;ARS
3;2023-10;21;servicios;10961274;ARS
3;2023-10;19;recreacion;3678488;ARS
3;2023-10;23;vestimenta;2624697;ARS
3;2023-11;17;alimentos;31659929;ARS
3;2023-11;24;vivienda;28028583;ARS
3;2023-11;22;transporte;7548209;ARS
3;2023-11;20;salud;8690887;ARS
3;2023-11;18;educacion;8216256;ARS
3;2023-11;21;servicios;13329311;ARS
3;2023-11;19;recreacion;3791402;ARS
3;2023-11;23;vestimenta;3315463;ARS
3;2023-12;17;alimentos;38927987;ARS
3;2023-12;24;vivienda;31346585;ARS
3;2023-12;22;transporte;9911560;ARS
3;2023-12;20;salud;11595091;ARS
3;2023-12;18;educacion;8561010;ARS
3;2023-12;21;servicios;11545946;ARS
3;2023-12;19;recreacion;4829738;ARS
3;2023-12;23;vestimenta;3381761;ARS
3;2024-01;17;alimentos;46347280;ARS
3;2024-01;24;vivienda;29900264;ARS
3;2024-01;22;transporte;9310319;ARS
3;2024-01;20;salud;9185784;ARS
3;2024-01;18;educacion;10203689;ARS
3;2024-01;21;servicios;14012539;ARS
3;2024-01;19;recreacion;5434546;ARS
3;2024-01;23;vestimenta;4539221;ARS
3;2024-02;17;alimentos;43180906;ARS
3;2024-02;24;vivienda;32117655;ARS
3;2024-02;22;transporte;10875678;ARS
3;2024-02;20;salud;11649936;ARS
3;2024-02;18;educacion;11419194;ARS
3;2024-02;21;servicios;14234802;ARS
3;2024-02;19;recreacion;4922397;ARS
3;2024-02;23;vestimenta;3343396;ARS
3;2024-03;17;alimentos;50110486;ARS
3;2024-03;24;vivienda;36516429;ARS
3;2024-03;22;transporte;10291382;ARS
3;2024-03;20;salud;8815286;ARS
3;2024-03;18;educacion;12792550;ARS
3;2024-03;21;servicios;14449769;ARS
3;2024-03;19;recreacion;5465313;ARS
3;2024-03;23;vestimenta;5020431;ARS
3;2024-04;17;alimentos;47401648;ARS
3;2024-04;24;vivienda;36560539;ARS
3;2024-04;22;transporte;12363261;ARS
3;2024-04;20;salud;12532858;ARS
3;2024-04;18;educacion;11236323;ARS
3;2024-04;21;servicios;13157134;ARS
3;2024-04;19;recreacion;4403649;ARS
3;2024-04;23;vestimenta;4654018;ARS
3;2024-05;17;alimentos;43406876;ARS
3;2024-05;24;vivienda;36026852;ARS
3;2024-05;22;transporte;12577467;ARS
3;2024-05;20;salud;13426963;ARS
3;2024-05;18;educacion;12340759;ARS
3;2024-05;21;servicios;13631814;ARS
3;2024-05;19;recreacion;5882310;ARS
3;2024-05;23;vestimenta;3579203;ARS
3;2024-06;17;alimentos;50543589;ARS
3;2024-06;24;vivienda;41732296;ARS
3;2024-06;22;transporte;10743106;ARS
3;2024-06;20;salud;15489971;ARS
3;2024-06;18;educacion;12688113;ARS
3;2024-06;21;servicios;16212574;ARS
3;2024-06;19;recreacion;5845948;ARS
3;2024-06;23;vestimenta;4467849;ARS
3;2024-07;17;alimentos;45250654;ARS
3;2024-07;24;vivienda;39708479;ARS
3;2024-07;22;transporte;12930535;ARS
3;2024-07;20;salud;14404866;ARS
3;2024-07;18;educacion;13711206;ARS
3;2024-07;21;servicios;17534478;ARS
3;2024-07;19;recreacion;6805606;ARS
3;2024-07;23;vestimenta;5354458;ARS
3;2024-08;17;alimentos;50989681;ARS
3;2024-08;24;vivienda;43141302;ARS
3;2024-08;22;transporte;14598865;ARS
3;2024-08;20;salud;14359799;ARS
3;2024-08;18;educacion;13619685;ARS
3;2024-08;21;servicios;19170693;ARS
3;2024-08;19;recreacion;6029475;ARS
3;2024-08;23;vestimenta;7416352;ARS
3;2024-09;17;alimentos;54616715;ARS
3;2024-09;24;vivienda;46653803;ARS
3;2024-09;22;transporte;14954388;ARS
3;2024-09;20;salud;14305773;ARS
3;2024-09;18;educacion;14483168;ARS
3;2024-09;21;servicios;20327223;ARS
3;2024-09;19;recreacion;6891699;ARS
3;2024-09;23;vestimenta;5832236;ARS
3;2024-10;17;alimentos;59246019;ARS
3;2024-10;24;vivienda;47443104;ARS
3;2024-10;22;transporte;15505627;ARS
3;2024-10;20;salud;16240410;ARS
3;2024-10;18;educacion;13361461;ARS
3;2024-10;21;servicios;18075601;ARS
3;2024-10;19;recreacion;7090294;ARS
3;2024-10;23;vestimenta;5657402;ARS
3;2024-11;17;alimentos;49716634;ARS
3;2024-11;24;vivienda;50550982;ARS
3;2024-11;22;transporte;12653118;ARS
3;2024-11;20;salud;17207587;ARS
3;2024-11;18;educacion;13701305;ARS
3;2024-11;21;servicios;20169662;ARS
3;2024-11;19;recreacion;6244460;ARS
3;2024-11;23;vestimenta;5066351;ARS
3;2024-12;17;alimentos;72861128;ARS
3;2024-12;24;vivienda;53743909;ARS
3;2024-12;22;transporte;12453441;ARS
3;2024-12;20;salud;17881985;ARS
3;2024-12;18;educacion;14246940;ARS
3;2024-12;21;servicios;19800779;ARS
3;2024-12;19;recreacion;9128582;ARS
3;2024-12;23;vestimenta;7244796;ARS
3;2025-01;17;alimentos;55703617;ARS
3;2025-01;24;vivienda;53269891;ARS
3;2025-01;22;transporte;16315399;ARS
3;2025-01;20;salud;18451521;ARS
3;2025-01;18;educacion;15759959;ARS
3;2025-01;21;servicios;22524171;ARS
3;2025-01;19;recreacion;8913047;ARS
3;2025-01;23;vestimenta;6702596;ARS
3;2025-02;17;alimentos;72117896;ARS
3;2025-02;24;vivienda;55942778;ARS
3;2025-02;22;transporte;15676948;ARS
3;2025-02;20;salud;17467499;ARS
3;2025-02;18;educacion;22742986;ARS
3;2025-02;21;servicios;23037323;ARS
3;2025-02;19;recreacion;10728877;ARS
3;2025-02;23;vestimenta;6827224;ARS
3;2025-03;17;alimentos;78818466;ARS
3;2025-03;24;vivienda;61186854;ARS
3;2025-03;22;transporte;18992385;ARS
3;2025-03;20;salud;21002267;ARS
3;2025-03;18;educacion;19944949;ARS
3;2025-03;21;servicios;23789096;ARS
3;2025-03;19;recreacion;7403650;ARS
3;2025-03;23;vestimenta;7990183;ARS
3;2025-04;17;alimentos;72434389;ARS
3;2025-04;24;vivienda;59349555;ARS
3;2025-04;22;transporte;18648781;ARS
3;2025-04;20;salud;20850133;ARS
3;2025-04;18;educacion;18717800;ARS
3;2025-04;21;servicios;22738256;ARS
3;2025-04;19;recreacion;9658412;ARS
3;2025-04;23;vestimenta;7021961;ARS
3;2025-05;17;alimentos;83499161;ARS
3;2025-05;24;vivienda;65677270;ARS
3;2025-05;22;transporte;18433503;ARS
3;2025-05;20;salud;19433084;ARS
3;2025-05;18;educacion;18769995;ARS
3;2025-05;21;servicios;28861357;ARS
3;2025-05;19;recreacion;7131608;ARS
3;2025-05;23;vestimenta;8850119;ARS
3;2025-06;17;alimentos;104298547;ARS
3;2025-06;24;vivienda;70630382;ARS
3;2025-06;22;transporte;22461524;ARS
3;2025-06;20;salud;21969627;ARS
3;2025-06;18;educacion;24258098;ARS
3;2025-06;21;servicios;28317052;ARS
3;2025-06;19;recreacion;7710981;ARS
3;2025-06;23;vestimenta;7002542;ARS
3;2025-07;17;alimentos;90083971;ARS
3;2025-07;24;vivienda;69059507;ARS
3;2025-07;22;transporte;23051225;ARS
3;2025-07;20;salud;24777840;ARS
3;2025-07;18;educacion;19447150;ARS
3;2025-07;21;servicios;32127304;ARS
3;2025-07;19;recreacion;9723954;ARS
3;2025-07;23;vestimenta;9865716;ARS
3;2025-08;17;alimentos;78497554;ARS
3;2025-08;24;vivienda;74266273;ARS
3;2025-08;22;transporte;22999762;ARS
3;2025-08;20;salud;29181350;ARS
3;2025-08;18;educacion;24914200;ARS
3;2025-08;21;servicios;28265437;ARS
3;2025-08;19;recreacion;9063031;ARS
3;2025-08;23;vestimenta;9789554;ARS
3;2025-09;17;alimentos;106852012;ARS
3;2025-09;24;vivienda;76943105;ARS
3;2025-09;22;transporte;21948368;ARS
3;2025-09;20;salud;20456271;ARS
3;2025-09;18;educacion;23595345;ARS
3;2025-09;21;servicios;28195251;ARS
3;2025-09;19;recreacion;8521569;ARS
3;2025-09;23;vestimenta;9234248;ARS
3;2025-10;17;alimentos;109307635;ARS
3;2025-10;24;vivienda;81618463;ARS
3;2025-10;22;transporte;25573491;ARS
3;2025-10;20;salud;26553119;ARS
3;2025-10;18;educacion;21647862;ARS
3;2025-10;21;servicios;27981950;ARS
3;2025-10;19;recreacion;12187389;ARS
3;2025-10;23;vestimenta;10820344;ARS
3;2025-11;17;alimentos;101411246;ARS
3;2025-11;24;vivienda;80733753;ARS
3;2025-11;22;transporte;21910134;ARS
3;2025-11;20;salud;23584903;ARS
3;2025-11;18;educacion;27945898;ARS
3;2025-11;21;servicios;31171315;ARS
3;2025-11;19;recreacion;11723892;ARS
3;2025-11;23;vestimenta;9406890;ARS
3;2025-12;17;alimentos;95934145;ARS
3;2025-12;24;vivienda;88953637;ARS
3;2025-12;22;transporte;28926787;ARS
3;2025-12;20;salud;29161586;ARS
3;2025-12;18;educacion;24894004;ARS
3;2025-12;21;servicios;41533626;ARS
3;2025-12;19;recreacion;10467350;ARS
3;2025-12;23;vestimenta;12645832;ARS
4;2023-01;25;alimentos;33902215;ARS
4;2023-01;32;vivienda;18866728;ARS
4;2023-01;30;transporte;8245690;ARS
4;2023-01;28;salud;4423159;ARS
4;2023-01;26;educacion;4206331;ARS
4;2023-01;29;servicios;4956507;ARS
4;2023-01;27;recreacion;4605114;ARS
4;2023-01;31;vestimenta;1905923;ARS
4;2023-02;25;alimentos;26928389;ARS
4;2023-02;32;vivienda;18847868;ARS
4;2023-02;30;transporte;9735609;ARS
4;2023-02;28;salud;4253754;ARS
4;2023-02;26;educacion;5449521;ARS
4;2023-02;29;servicios;5104886;ARS
4;2023-02;27;recreacion;3175014;ARS
4;2023-02;31;vestimenta;2363178;ARS
4;2023-03;25;alimentos;31264092;ARS
4;2023-03;32;vivienda;20954812;ARS
4;2023-03;30;transporte;9920644;ARS
4;2023-03;28;salud;4709072;ARS
4;2023-03;26;educacion;5503078;ARS
4;2023-03;29;servicios;4723694;ARS
4;2023-03;27;recreacion;4204853;ARS
4;2023-03;31;vestimenta;2209793;ARS
4;2023-04;25;alimentos;38579600;ARS
4;2023-04;32;vivienda;21726717;ARS
4;2023-04;30;transporte;9735088;ARS
4;2023-04;28;salud;4996547;ARS
4;2023-04;26;educacion;5987614;ARS
4;2023-04;29;servicios;5982413;ARS
4;2023-04;27;recreacion;4500527;ARS
4;2023-04;31;vestimenta;1596691;ARS
4;2023-05;25;alimentos;31756193;ARS
4;2023-05;32;vivienda;21645829;ARS
4;2023-05;30;transporte;10496468;ARS
4;2023-05;28;salud;5763536;ARS
4;2023-05;26;educacion;5912637;ARS
4;2023-05;29;servicios;6112024;ARS
4;2023-05;27;recreacion;4240062;ARS
4;2023-05;31;vestimenta;2685786;ARS
4;2023-06;25;alimentos;28382727;ARS
4;2023-06;32;vivienda;24541214;ARS
4;2023-06;30;transporte;11090303;ARS
4;2023-06;28;salud;6054648;ARS
4;2023-06;26;educacion;4832799;ARS
4;2023-06;29;servicios;5410156;ARS
4;2023-06;27;recreacion;5112137;ARS
4;2023-06;31;vestimenta;1820956;ARS
4;2023-07;25;alimentos;37960471;ARS
4;2023-07;32;vivienda;23745367;ARS
4;2023-07;30;transporte;12797433;ARS
4;2023-07;28;salud;5769145;ARS
4;2023-07;26;educacion;5794938;ARS
4;2023-07;29;servicios;6217269;ARS
4;2023-07;27;recreacion;5786967;ARS
4;2023-07;31;vestimenta;2337466;ARS
4;2023-08;25;alimentos;39768629;ARS
4;2023-08;32;vivienda;27083176;ARS
4;2023-08;30;transporte;11678119;ARS
4;2023-08;28;salud;6395022;ARS
4;2023-08;26;educacion;5711266;ARS
4;2023-08;29;servicios;5592387;ARS
4;2023-08;27;recreacion;5104262;ARS
4;2023-08;31;vestimenta;1948749;ARS
4;2023-09;25;alimentos;41003299;ARS
4;2023-09;32;vivienda;27073063;ARS
4;2023-09;30;transporte;12175143;ARS
4;2023-09;28;salud;6295589;ARS
4;2023-09;26;educacion;6126916;ARS
4;2023-09;29;servicios;6903935;ARS
4;2023-09;27;recreacion;4732197;ARS
4;2023-09;31;vestimenta;2552902;ARS
4;2023-10;25;alimentos;42040466;ARS
4;2023-10;32;vivienda;28233213;ARS
4;2023-10;30;transporte;12597943;ARS
4;2023-10;28;salud;6725815;ARS
4;2023-10;26;educacion;7649959;ARS
4;2023-10;29;servicios;7349742;ARS
4;2023-10;27;recreacion;6268708;ARS
4;2023-10;31;vestimenta;2315845;ARS
4;2023-11;25;alimentos;34208275;ARS
4;2023-11;32;vivienda;27695393;ARS
4;2023-11;30;transporte;15579717;ARS
4;2023-11;28;salud;7735274;ARS
4;2023-11;26;educacion;6732816;ARS
4;2023-11;29;servicios;7533668;ARS
4;2023-11;27;recreacion;6921575;ARS
4;2023-11;31;vestimenta;3127513;ARS
4;2023-12;25;alimentos;49113525;ARS
4;2023-12;32;vivienda;30413872;ARS
4;2023-12;30;transporte;14785045;ARS
4;2023-12;28;salud;7348249;ARS
4;2023-12;26;educacion;7400692;ARS
4;2023-12;29;servicios;8183128;ARS
4;2023-12;27;recreacion;5497267;ARS
4;2023-12;31;vestimenta;2426077;ARS
4;2024-01;25;alimentos;41646989;ARS
4;2024-01;32;vivienda;32065422;ARS
4;2024-01;30;transporte;15768482;ARS
4;2024-01;28;salud;7945806;ARS
4;2024-01;26;educacion;7767470;ARS
4;2024-01;29;servicios;7721843;ARS
4;2024-01;27;recreacion;6588806;ARS
4;2024-01;31;vestimenta;2173078;ARS
4;2024-02;25;alimentos;48592935;ARS
4;2024-02;32;vivienda;33439496;ARS
4;2024-02;30;transporte;14298670;ARS
4;2024-02;28;salud;8734945;ARS
4;2024-02;26;educacion;9948502;ARS
4;2024-02;29;servicios;9249748;ARS
4;2024-02;27;recreacion;7978506;ARS
4;2024-02;31;vestimenta;3090475;ARS
4;2024-03;25;alimentos;60857621;ARS
4;2024-03;32;vivienda;32510779;ARS
4;2024-03;30;transporte;18497535;ARS
4;2024-03;28;salud;9270855;ARS
4;2024-03;26;educacion;10442690;ARS
4;2024-03;29;servicios;9818885;ARS
4;2024-03;27;recreacion;5202541;ARS
4;2024-03;31;vestimenta;2293195;ARS
4;2024-04;25;alimentos;46301951;ARS
4;2024-04;32;vivienda;36734510;ARS
4;2024-04;30;transporte;16967528;ARS
4;2024-04;28;salud;8210096;ARS
4;2024-04;26;educacion;7125887;ARS
4;2024-04;29;servicios;8988008;ARS
4;2024-04;27;recreacion;7405820;ARS
4;2024-04;31;vestimenta;2674130;ARS
4;2024-05;25;alimentos;49998000;ARS
4;2024-05;32;vivienda;35586290;ARS
4;2024-05;30;transporte;19751563;ARS
4;2024-05;28;salud;10432266;ARS
4;2024-05;26;educacion;8200601;ARS
4;2024-05;29;servicios;9322106;ARS
4;2024-05;27;recreacion;7616823;ARS
4;2024-05;31;vestimenta;4174937;ARS
4;2024-06;25;alimentos;61735561;ARS
4;2024-06;32;vivienda;41851157;ARS
4;2024-06;30;transporte;23230882;ARS
4;2024-06;28;salud;10625519;ARS
4;2024-06;26;educacion;10097880;ARS
4;2024-06;29;servicios;9432142;ARS
4;2024-06;27;recreacion;7198357;ARS
4;2024-06;31;vestimenta;3547645;ARS
4;2024-07;25;alimentos;62921410;ARS
4;2024-07;32;vivienda;41748245;ARS
4;2024-07;30;transporte;21661184;ARS
4;2024-07;28;salud;10438209;ARS
4;2024-07;26;educacion;10884364;ARS
4;2024-07;29;servicios;10308802;ARS
4;2024-07;27;recreacion;7694152;ARS
4;2024-07;31;vestimenta;3427213;ARS
4;2024-08;25;alimentos;71649342;ARS
4;2024-08;32;vivienda;42956823;ARS
4;2024-08;30;transporte;20246343;ARS
4;2024-08;28;salud;11658527;ARS
4;2024-08;26;educacion;8855854;ARS
4;2024-08;29;servicios;10754816;ARS
4;2024-08;27;recreacion;8502009;ARS
4;2024-08;31;vestimenta;2807186;ARS
4;2024-09;25;alimentos;63244716;ARS
4;2024-09;32;vivienda;42624229;ARS
4;2024-09;30;transporte;24037056;ARS
4;2024-09;28;salud;10823226;ARS
4;2024-09;26;educacion;11465639;ARS
4;2024-09;29;servicios;11746638;ARS
4;2024-09;27;recreacion;8477318;ARS
4;2024-09;31;vestimenta;2676418;ARS
4;2024-10;25;alimentos;65787581;ARS
4;2024-10;32;vivienda;47348260;ARS
4;2024-10;30;transporte;23821686;ARS
4;2024-10;28;salud;12373971;ARS
4;2024-10;26;educacion;11201846;ARS
4;2024-10;29;servicios;12378326;ARS
4;2024-10;27;recreacion;8255483;ARS
4;2024-10;31;vestimenta;4522289;ARS
4;2024-11;25;alimentos;78230454;ARS
4;2024-11;32;vivienda;47763871;ARS
4;2024-11;30;transporte;24472246;ARS
4;2024-11;28;salud;12101086;ARS
4;2024-11;26;educacion;11967123;ARS
4;2024-11;29;servicios;10657712;ARS
4;2024-11;27;recreacion;9897287;ARS
4;2024-11;31;vestimenta;3295281;ARS
4;2024-12;25;alimentos;66586219;ARS
4;2024-12;32;vivienda;54011379;ARS
4;2024-12;30;transporte;19270391;ARS
4;2024-12;28;salud;13086446;ARS
4;2024-12;26;educacion;13902553;ARS
4;2024-12;29;servicios;13280466;ARS
4;2024-12;27;recreacion;12443290;ARS
4;2024-12;31;vestimenta;5722196;ARS
4;2025-01;25;alimentos;81880865;ARS
4;2025-01;32;vivienda;51366374;ARS
4;2025-01;30;transporte;23178242;ARS
4;2025-01;28;salud;13608722;ARS
4;2025-01;26;educacion;15264007;ARS
4;2025-01;29;servicios;13155604;ARS
4;2025-01;27;recreacion;12371818;ARS
4;2025-01;31;vestimenta;4451567;ARS
4;2025-02;25;alimentos;80002748;ARS
4;2025-02;32;vivienda;55762535;ARS
4;2025-02;30;transporte;24686711;ARS
4;2025-02;28;salud;13273476;ARS
4;2025-02;26;educacion;16289385;ARS
4;2025-02;29;servicios;13409936;ARS
4;2025-02;27;recreacion;11751758;ARS
4;2025-02;31;vestimenta;4839533;ARS
4;2025-03;25;alimentos;81667432;ARS
4;2025-03;32;vivienda;59192497;ARS
4;2025-03;30;transporte;31928081;ARS
4;2025-03;28;salud;14493106;ARS
4;2025-03;26;educacion;18505559;ARS
4;2025-03;29;servicios;13558541;ARS
4;2025-03;27;recreacion;9464661;ARS
4;2025-03;31;vestimenta;5027364;ARS
4;2025-04;25;alimentos;92899402;ARS
4;2025-04;32;vivienda;61655120;ARS
4;2025-04;30;transporte;27900585;ARS
4;2025-04;28;salud;14810196;ARS
4;2025-04;26;educacion;16245352;ARS
4;2025-04;29;servicios;13974864;ARS
4;2025-04;27;recreacion;11059952;ARS
4;2025-04;31;vestimenta;4800592;ARS
4;2025-05;25;alimentos;86381345;ARS
4;2025-05;32;vivienda;64247654;ARS
4;2025-05;30;transporte;28343848;ARS
4;2025-05;28;salud;15538292;ARS
4;2025-05;26;educacion;16876048;ARS
4;2025-05;29;servicios;16244196;ARS
4;2025-05;27;recreacion;10168824;ARS
4;2025-05;31;vestimenta;7030518;ARS
4;2025-06;25;alimentos;93143304;ARS
4;2025-06;32;vivienda;64935012;ARS
4;2025-06;30;transporte;30698494;ARS
4;2025-06;28;salud;14754387;ARS
4;2025-06;26;educacion;15068339;ARS
4;2025-06;29;servicios;17041113;ARS
4;2025-06;27;recreacion;12791665;ARS
4;2025-06;31;vestimenta;7142839;ARS
4;2025-07;25;alimentos;107192700;ARS
4;2025-07;32;vivienda;68914993;ARS
4;2025-07;30;transporte;37038808;ARS
4;2025-07;28;salud;17341242;ARS
4;2025-07;26;educacion;16891275;ARS
4;2025-07;29;servicios;18056540;ARS
4;2025-07;27;recreacion;14943780;ARS
4;2025-07;31;vestimenta;6113496;ARS
4;2025-08;25;alimentos;126323458;ARS
4;2025-08;32;vivienda;77186956;ARS
4;2025-08;30;transporte;35465624;ARS
4;2025-08;28;salud;19697601;ARS
4;2025-08;26;educacion;17856386;ARS
4;2025-08;29;servicios;20332984;ARS
4;2025-08;27;recreacion;14736009;ARS
4;2025-08;31;vestimenta;5997861;ARS
4;2025-09;25;alimentos;124299605;ARS
4;2025-09;32;vivienda;74238971;ARS
4;2025-09;30;transporte;39586602;ARS
4;2025-09;28;salud;17146799;ARS
4;2025-09;26;educacion;18920570;ARS
4;2025-09;29;servicios;18328038;ARS
4;2025-09;27;recreacion;16548653;ARS
4;2025-09;31;vestimenta;6932696;ARS
4;2025-10;25;alimentos;101864561;ARS
4;2025-10;32;vivienda;78391675;ARS
4;2025-10;30;transporte;38616693;ARS
4;2025-10;28;salud;16499416;ARS
4;2025-10;26;educacion;19635351;ARS
4;2025-10;29;servicios;18371912;ARS
4;2025-10;27;recreacion;17788722;ARS
4;2025-10;31;vestimenta;4932634;ARS
4;2025-11;25;alimentos;102446927;ARS
4;2025-11;32;vivienda;88770668;ARS
4;2025-11;30;transporte;33072872;ARS
4;2025-11;28;salud;22547468;ARS
4;2025-11;26;educacion;21380792;ARS
4;2025-11;29;servicios;22429547;ARS
4;2025-11;27;recreacion;17240823;ARS
4;2025-11;31;vestimenta;6244564;ARS
4;2025-12;25;alimentos;118714061;ARS
4;2025-12;32;vivienda;85667633;ARS
4;2025-12;30;transporte;38401730;ARS
4;2025-12;28;salud;22657430;ARS
4;2025-12;26;educacion;19346221;ARS
4;2025-12;29;servicios;20675352;ARS
4;2025-12;27;recreacion;20118120;ARS
4;2025-12;31;vestimenta;6884540;ARS
5;2023-01;33;alimentos;12942309;ARS
5;2023-01;40;vivienda;8828211;ARS
5;2023-01;38;transporte;3679908;ARS
5;2023-01;36;salud;3735652;ARS
5;2023-01;34;educacion;2170901;ARS
5;2023-01;37;servicios;2361973;ARS
5;2023-01;35;recreacion;1301647;ARS
5;2023-01;39;vestimenta;1096195;ARS
5;2023-02;33;alimentos;13858090;ARS
5;2023-02;40;vivienda;9041435;ARS
5;2023-02;38;transporte;4307337;ARS
5;2023-02;36;salud;3634485;ARS
5;2023-02;34;educacion;2820478;ARS
5;2023-02;37;servicios;2599301;ARS
5;2023-02;35;recreacion;1641805;ARS
5;2023-02;39;vestimenta;1079375;ARS
5;2023-03;33;alimentos;12430289;ARS
5;2023-03;40;vivienda;9479321;ARS
5;2023-03;38;transporte;4660344;ARS
5;2023-03;36;salud;4187846;ARS
5;2023-03;34;educacion;2797804;ARS
5;2023-03;37;servicios;2744684;ARS
5;2023-03;35;recreacion;1559763;ARS
5;2023-03;39;vestimenta;1646011;ARS
5;2023-04;33;alimentos;13247498;ARS
5;2023-04;40;vivienda;9704364;ARS
5;2023-04;38;transporte;4840316;ARS
5;2023-04;36;salud;4209742;ARS
5;2023-04;34;educacion;2785246;ARS
5;2023-04;37;servicios;2580405;ARS
5;2023-04;35;recreacion;1266107;ARS
5;2023-04;39;vestimenta;846700;ARS
5;2023-05;33;alimentos;14910020;ARS
5;2023-05;40;vivienda;10329369;ARS
5;2023-05;38;transporte;4031735;ARS
5;2023-05;36;salud;4500057;ARS
5;2023-05;34;educacion;2792046;ARS
5;2023-05;37;servicios;2927226;ARS
5;2023-05;35;recreacion;1564201;ARS
5;2023-05;39;vestimenta;1171930;ARS
5;2023-06;33;alimentos;16094939;ARS
5;2023-06;40;vivienda;10445320;ARS
5;2023-06;38;transporte;3981895;ARS
5;2023-06;36;salud;4448822;ARS
5;2023-06;34;educacion;2813285;ARS
5;2023-06;37;servicios;3222733;ARS
5;2023-06;35;recreacion;2080000;ARS
5;2023-06;39;vestimenta;1267955;ARS
5;2023-07;33;alimentos;18575051;ARS
5;2023-07;40;vivienda;11239371;ARS
5;2023-07;38;transporte;4765813;ARS
5;2023-07;36;salud;4416297;ARS
5;2023-07;34;educacion;2659956;ARS
5;2023-07;37;servicios;3221694;ARS
5;2023-07;35;recreacion;1539396;ARS
5;2023-07;39;vestimenta;1400097;ARS
5;2023-08;33;alimentos;17735007;ARS
5;2023-08;40;vivienda;12253685;ARS
5;2023-08;38;transporte;5265525;ARS
5;2023-08;36;salud;5537719;ARS
5;2023-08;34;educacion;3316876;ARS
5;2023-08;37;servicios;3368905;ARS
5;2023-08;35;recreacion;1769591;ARS
5;2023-08;39;vestimenta;1522145;ARS
5;2023-09;33;alimentos;20582393;ARS
5;2023-09;40;vivienda;12044916;ARS
5;2023-09;38;transporte;5759458;ARS
5;2023-09;36;salud;5425539;ARS
5;2023-09;34;educacion;3543665;ARS
5;2023-09;37;servicios;3935875;ARS
5;2023-09;35;recreacion;2042736;ARS
5;2023-09;39;vestimenta;1204891;ARS
5;2023-10;33;alimentos;14112665;ARS
5;2023-10;40;vivienda;12475606;ARS
5;2023-10;38;transporte;6118877;ARS
5;2023-10;36;salud;4737050;ARS
5;2023-10;34;educacion;3557143;ARS
5;2023-10;37;servicios;3267927;ARS
5;2023-10;35;recreacion;2052866;ARS
5;2023-10;39;vestimenta;1626908;ARS
5;2023-11;33;alimentos;15833729;ARS
5;2023-11;40;vivienda;12855559;ARS
5;2023-11;38;transporte;4912285;ARS
5;2023-11;36;salud;6212070;ARS
5;2023-11;34;educacion;3602738;ARS
5;2023-11;37;servicios;4320727;ARS
5;2023-11;35;recreacion;1925366;ARS
5;2023-11;39;vestimenta;1573864;ARS
5;2023-12;33;alimentos;21912173;ARS
5;2023-12;40;vivienda;14858625;ARS
5;2023-12;38;transporte;7967340;ARS
5;2023-12;36;salud;6281106;ARS
5;2023-12;34;educacion;3459434;ARS
5;2023-12;37;servicios;4048267;ARS
5;2023-12;35;recreacion;2296108;ARS
5;2023-12;39;vestimenta;2173977;ARS
5;2024-01;33;alimentos;19168530;ARS
5;2024-01;40;vivienda;15034264;ARS
5;2024-01;38;transporte;8086934;ARS
5;2024-01;36;salud;6594038;ARS
5;2024-01;34;educacion;3419437;ARS
5;2024-01;37;servicios;3753767;ARS
5;2024-01;35;recreacion;2522468;ARS
5;2024-01;39;vestimenta;2035931;ARS
5;2024-02;33;alimentos;23697751;ARS
5;2024-02;40;vivienda;15219896;ARS
5;2024-02;38;transporte;6503812;ARS
5;2024-02;36;salud;6883705;ARS
5;2024-02;34;educacion;4483071;ARS
5;2024-02;37;servicios;3907652;ARS
5;2024-02;35;recreacion;1811693;ARS
5;2024-02;39;vestimenta;1861840;ARS
5;2024-03;33;alimentos;20590887;ARS
5;2024-03;40;vivienda;16760944;ARS
5;2024-03;38;transporte;7655919;ARS
5;2024-03;36;salud;5487636;ARS
5;2024-03;34;educacion;4567724;ARS
5;2024-03;37;servicios;4557891;ARS
5;2024-03;35;recreacion;2768613;ARS
5;2024-03;39;vestimenta;2154295;ARS
5;2024-04;33;alimentos;22311386;ARS
5;2024-04;40;vivienda;16688538;ARS
5;2024-04;38;transporte;5588438;ARS
5;2024-04;36;salud;5972117;ARS
5;2024-04;34;educacion;3488159;ARS
5;2024-04;37;servicios;4542882;ARS
5;2024-04;35;recreacion;2343647;ARS
5;2024-04;39;vestimenta;1852555;ARS
5;2024-05;33;alimentos;19023207;ARS
5;2024-05;40;vivienda;17657177;ARS
5;2024-05;38;transporte;8913787;ARS
5;2024-05;36;salud;6835714;ARS
5;2024-05;34;educacion;4549170;ARS
5;2024-05;37;servicios;5202470;ARS
5;2024-05;35;recreacion;2767150;ARS
5;2024-05;39;vestimenta;1854591;ARS
5;2024-06;33;alimentos;17279762;ARS
5;2024-06;40;vivienda;17529018;ARS
5;2024-06;38;transporte;7380080;ARS
5;2024-06;36;salud;7016043;ARS
5;2024-06;34;educacion;4850247;ARS
5;2024-06;37;servicios;5844162;ARS
5;2024-06;35;recreacion;2818967;ARS
5;2024-06;39;vestimenta;3067558;ARS
5;2024-07;33;alimentos;25064055;ARS
5;2024-07;40;vivienda;18990945;ARS
5;2024-07;38;transporte;8607177;ARS
5;2024-07;36;salud;8901464;ARS
5;2024-07;34;educacion;5155765;ARS
5;2024-07;37;servicios;5021453;ARS
5;2024-07;35;recreacion;3121977;ARS
5;2024-07;39;vestimenta;2811164;ARS
5;2024-08;33;alimentos;30746642;ARS
5;2024-08;40;vivienda;20002712;ARS
5;2024-08;38;transporte;9787931;ARS
5;2024-08;36;salud;8403061;ARS
5;2024-08;34;educacion;5259125;ARS
5;2024-08;37;servicios;4639035;ARS
5;2024-08;35;recreacion;3199623;ARS
5;2024-08;39;vestimenta;2231953;ARS
5;2024-09;33;alimentos;28921233;ARS
5;2024-09;40;vivienda;19873171;ARS
5;2024-09;38;transporte;11015639;ARS
5;2024-09;36;salud;9402883;ARS
5;2024-09;34;educacion;5348997;ARS
5;2024-09;37;servicios;6021261;ARS
5;2024-09;35;recreacion;3140545;ARS
5;2024-09;39;vestimenta;2343782;ARS
5;2024-10;33;alimentos;28496950;ARS
5;2024-10;40;vivienda;22885085;ARS
5;2024-10;38;transporte;10227168;ARS
5;2024-10;36;salud;8510027;ARS
5;2024-10;34;educacion;6130336;ARS
5;2024-10;37;servicios;5322336;ARS
5;2024-10;35;recreacion;3456382;ARS
5;2024-10;39;vestimenta;2314663;ARS
5;2024-11;33;alimentos;30131232;ARS
5;2024-11;40;vivienda;22692459;ARS
5;2024-11;38;transporte;12355210;ARS
5;2024-11;36;salud;9352635;ARS
5;2024-11;34;educacion;5983696;ARS
5;2024-11;37;servicios;5618879;ARS
5;2024-11;35;recreacion;3304761;ARS
5;2024-11;39;vestimenta;2751855;ARS
5;2024-12;33;alimentos;28583429;ARS
5;2024-12;40;vivienda;22981523;ARS
5;2024-12;38;transporte;13928083;ARS
5;2024-12;36;salud;10429407;ARS
5;2024-12;34;educacion;6605736;ARS
5;2024-12;37;servicios;6924764;ARS
5;2024-12;35;recreacion;3831174;ARS
5;2024-12;39;vestimenta;2559563;ARS
5;2025-01;33;alimentos;41980990;ARS
5;2025-01;40;vivienda;25054680;ARS
5;2025-01;38;transporte;8563551;ARS
5;2025-01;36;salud;10328102;ARS
5;2025-01;34;educacion;6818559;ARS
5;2025-01;37;servicios;7688378;ARS
5;2025-01;35;recreacion;2774168;ARS
5;2025-01;39;vestimenta;2718064;ARS
5;2025-02;33;alimentos;33820721;ARS
5;2025-02;40;vivienda;25082348;ARS
5;2025-02;38;transporte;12927188;ARS
5;2025-02;36;salud;10308011;ARS
5;2025-02;34;educacion;7849102;ARS
5;2025-02;37;servicios;7553780;ARS
5;2025-02;35;recreacion;4052187;ARS
5;2025-02;39;vestimenta;3409307;ARS
5;2025-03;33;alimentos;33349652;ARS
5;2025-03;40;vivienda;28932480;ARS
5;2025-03;38;transporte;11508962;ARS
5;2025-03;36;salud;9736245;ARS
5;2025-03;34;educacion;8406193;ARS
5;2025-03;37;servicios;7609761;ARS
5;2025-03;35;recreacion;5422644;ARS
5;2025-03;39;vestimenta;2804528;ARS
5;2025-04;33;alimentos;48500539;ARS
5;2025-04;40;vivienda;27207935;ARS
5;2025-04;38;transporte;12853575;ARS
5;2025-04;36;salud;12954989;ARS
5;2025-04;34;educacion;7305126;ARS
5;2025-04;37;servicios;9228812;ARS
5;2025-04;35;recreacion;3767582;ARS
5;2025-04;39;vestimenta;3300499;ARS
5;2025-05;33;alimentos;42051877;ARS
5;2025-05;40;vivienda;29805250;ARS
5;2025-05;38;transporte;12367546;ARS
5;2025-05;36;salud;12533833;ARS
5;2025-05;34;educacion;7626500;ARS
5;2025-05;37;servicios;7954384;ARS
5;2025-05;35;recreacion;3355239;ARS
5;2025-05;39;vestimenta;3888051;ARS
5;2025-06;33;alimentos;39421121;ARS
5;2025-06;40;vivienda;29435553;ARS
5;2025-06;38;transporte;14695364;ARS
5;2025-06;36;salud;12555009;ARS
5;2025-06;34;educacion;7977212;ARS
5;2025-06;37;servicios;8221865;ARS
5;2025-06;35;recreacion;5613616;ARS
5;2025-06;39;vestimenta;2935268;ARS
5;2025-07;33;alimentos;50334758;ARS
5;2025-07;40;vivienda;32015291;ARS
5;2025-07;38;transporte;16559265;ARS
5;2025-07;36;salud;13208701;ARS
5;2025-07;34;educacion;9133251;ARS
5;2025-07;37;servicios;9131755;ARS
5;2025-07;35;recreacion;5493491;ARS
5;2025-07;39;vestimenta;3299938;ARS
5;2025-08;33;alimentos;42196158;ARS
5;2025-08;40;vivienda;32284830;ARS
5;2025-08;38;transporte;13458112;ARS
5;2025-08;36;salud;13839400;ARS
5;2025-08;34;educacion;9680032;ARS
5;2025-08;37;servicios;8428096;ARS
5;2025-08;35;recreacion;5797255;ARS
5;2025-08;39;vestimenta;3286147;ARS
5;2025-09;33;alimentos;50279976;ARS
5;2025-09;40;vivienda;36062036;ARS
5;2025-09;38;transporte;15811933;ARS
5;2025-09;36;salud;16100539;ARS
5;2025-09;34;educacion;10934948;ARS
5;2025-09;37;servicios;8471918;ARS
5;2025-09;35;recreacion;5622843;ARS
5;2025-09;39;vestimenta;3977848;ARS
5;2025-10;33;alimentos;48966588;ARS
5;2025-10;40;vivienda;35413103;ARS
5;2025-10;38;transporte;18764356;ARS
5;2025-10;36;salud;13403766;ARS
5;2025-10;34;educacion;11211779;ARS
5;2025-10;37;servicios;9849432;ARS
5;2025-10;35;recreacion;5585084;ARS
5;2025-10;39;vestimenta;3834308;ARS
5;2025-11;33;alimentos;50287809;ARS
5;2025-11;40;vivienda;38767346;ARS
5;2025-11;38;transporte;20589469;ARS
5;2025-11;36;salud;18086922;ARS
5;2025-11;34;educacion;10327631;ARS
5;2025-11;37;servicios;11070457;ARS
5;2025-11;35;recreacion;5276041;ARS
5;2025-11;39;vestimenta;3930448;ARS
5;2025-12;33;alimentos;68458103;ARS
5;2025-12;40;vivienda;40088034;ARS
5;2025-12;38;transporte;18657019;ARS
5;2025-12;36;salud;12240935;ARS
5;2025-12;34;educacion;11419795;ARS
5;2025-12;37;servicios;12147167;ARS
5;2025-12;35;recreacion;6827634;ARS
5;2025-12;39;vestimenta;6045324;ARS
6;2023-01;41;alimentos;29774726;ARS
6;2023-01;48;vivienda;35034508;ARS
6;2023-01;46;transporte;15004510;ARS
6;2023-01;44;salud;7571820;ARS
6;2023-01;42;educacion;9182715;ARS
6;2023-01;45;servicios;10487375;ARS
6;2023-01;43;recreacion;6172353;ARS
6;2023-01;47;vestimenta;2881896;ARS
6;2023-02;41;alimentos;34770703;ARS
6;2023-02;48;vivienda;35522803;ARS
6;2023-02;46;transporte;12712591;ARS
6;2023-02;44;salud;7550236;ARS
6;2023-02;42;educacion;11817998;ARS
6;2023-02;45;servicios;11914380;ARS
6;2023-02;43;recreacion;6731690;ARS
6;2023-02;47;vestimenta;3466441;ARS
6;2023-03;41;alimentos;34263163;ARS
6;2023-03;48;vivienda;38154115;ARS
6;2023-03;46;transporte;13821414;ARS
6;2023-03;44;salud;8218852;ARS
6;2023-03;42;educacion;12400997;ARS
6;2023-03;45;servicios;13730297;ARS
6;2023-03;43;recreacion;5207024;ARS
6;2023-03;47;vestimenta;2358468;ARS
6;2023-04;41;alimentos;32261966;ARS
6;2023-04;48;vivienda;40092388;ARS
6;2023-04;46;transporte;15495095;ARS
6;2023-04;44;salud;9311798;ARS
6;2023-04;42;educacion;9789590;ARS
6;2023-04;45;servicios;12172055;ARS
6;2023-04;43;recreacion;6765721;ARS
6;2023-04;47;vestimenta;3325202;ARS
6;2023-05;41;alimentos;28027560;ARS
6;2023-05;48;vivienda;42782226;ARS
6;2023-05;46;transporte;15055521;ARS
6;2023-05;44;salud;7949421;ARS
6;2023-05;42;educacion;11187472;ARS
6;2023-05;45;servicios;14718413;ARS
6;2023-05;43;recreacion;8270965;ARS
6;2023-05;47;vestimenta;2812768;ARS
6;2023-06;41;alimentos;41199358;ARS
6;2023-06;48;vivienda;43774100;ARS
6;2023-06;46;transporte;13070785;ARS
6;2023-06;44;salud;9010558;ARS
6;2023-06;42;educacion;11212026;ARS
6;2023-06;45;servicios;13567729;ARS
6;2023-06;43;recreacion;7603247;ARS
6;2023-06;47;vestimenta;4164216;ARS
6;2023-07;41;alimentos;46804562;ARS
6;2023-07;48;vivienda;44839440;ARS
6;2023-07;46;transporte;17664776;ARS
6;2023-07;44;salud;11382534;ARS
6;2023-07;42;educacion;13156634;ARS
6;2023-07;45;servicios;14660199;ARS
6;2023-07;43;recreacion;7974827;ARS
6;2023-07;47;vestimenta;3957448;ARS
6;2023-08;41;alimentos;46477170;ARS
6;2023-08;48;vivienda;48393589;ARS
6;2023-08;46;transporte;16726802;ARS
6;2023-08;44;salud;7440614;ARS
6;2023-08;42;educacion;14838156;ARS
6;2023-08;45;servicios;16829347;ARS
6;2023-08;43;recreacion;8880149;ARS
6;2023-08;47;vestimenta;4937747;ARS
6;2023-09;41;alimentos;38902292;ARS
6;2023-09;48;vivienda;48679543;ARS
6;2023-09;46;transporte;20089887;ARS
6;2023-09;44;salud;10203675;ARS
6;2023-09;42;educacion;14111115;ARS
6;2023-09;45;servicios;16460517;ARS
6;2023-09;43;recreacion;7846228;ARS
6;2023-09;47;vestimenta;4990986;ARS
6;2023-10;41;alimentos;36871746;ARS
6;2023-10;48;vivienda;54026511;ARS
6;2023-10;46;transporte;20360952;ARS
6;2023-10;44;salud;10235824;ARS
6;2023-10;42;educacion;12832743;ARS
6;2023-10;45;servicios;17546834;ARS
6;2023-10;43;recreacion;8600306;ARS
6;2023-10;47;vestimenta;5130991;ARS
6;2023-11;41;alimentos;43565603;ARS
6;2023-11;48;vivienda;52652520;ARS
6;2023-11;46;transporte;23471952;ARS
6;2023-11;44;salud;10666014;ARS
6;2023-11;42;educacion;13518756;ARS
6;2023-11;45;servicios;18164105;ARS
6;2023-11;43;recreacion;10560280;ARS
6;2023-11;47;vestimenta;4512257;ARS
6;2023-12;41;alimentos;49866282;ARS
6;2023-12;48;vivienda;58159694;ARS
6;2023-12;46;transporte;21883849;ARS
6;2023-12;44;salud;11987627;ARS
6;2023-12;42;educacion;16729642;ARS
6;2023-12;45;servicios;20186694;ARS
6;2023-12;43;recreacion;12268278;ARS
6;2023-12;47;vestimenta;5144854;ARS
6;2024-01;41;alimentos;54503148;ARS
6;2024-01;48;vivienda;58875314;ARS
6;2024-01;46;transporte;21967946;ARS
6;2024-01;44;salud;12096840;ARS
6;2024-01;42;educacion;15367574;ARS
6;2024-01;45;servicios;19033911;ARS
6;2024-01;43;recreacion;11359076;ARS
6;2024-01;47;vestimenta;4976417;ARS
6;2024-02;41;alimentos;62303236;ARS
6;2024-02;48;vivienda;62982884;ARS
6;2024-02;46;transporte;23620583;ARS
6;2024-02;44;salud;12608908;ARS
6;2024-02;42;educacion;20013270;ARS
6;2024-02;45;servicios;20738374;ARS
6;2024-02;43;recreacion;10612400;ARS
6;2024-02;47;vestimenta;4844682;ARS
6;2024-03;41;alimentos;61716058;ARS
6;2024-03;48;vivienda;65164729;ARS
6;2024-03;46;transporte;23001275;ARS
6;2024-03;44;salud;14489983;ARS
6;2024-03;42;educacion;19293522;ARS
6;2024-03;45;servicios;22509242;ARS
6;2024-03;43;recreacion;11221841;ARS
6;2024-03;47;vestimenta;6992391;ARS
6;2024-04;41;alimentos;69377859;ARS
6;2024-04;48;vivienda;68457548;ARS
6;2024-04;46;transporte;26930052;ARS
6;2024-04;44;salud;15861682;ARS
6;2024-04;42;educacion;19811699;ARS
6;2024-04;45;servicios;19013392;ARS
6;2024-04;43;recreacion;17048721;ARS
6;2024-04;47;vestimenta;7163600;ARS
6;2024-05;41;alimentos;71468714;ARS
6;2024-05;48;vivienda;73665013;ARS
6;2024-05;46;transporte;25277032;ARS
6;2024-05;44;salud;14930849;ARS
6;2024-05;42;educacion;18801591;ARS
6;2024-05;45;servicios;25114242;ARS
6;2024-05;43;recreacion;13130558;ARS
6;2024-05;47;vestimenta;4947296;ARS
6;2024-06;41;alimentos;63600082;ARS
6;2024-06;48;vivienda;74074695;ARS
6;2024-06;46;transporte;26156518;ARS
6;2024-06;44;salud;15953164;ARS
6;2024-06;42;educacion;18860822;ARS
6;2024-06;45;servicios;24607842;ARS
6;2024-06;43;recreacion;16640627;ARS
6;2024-06;47;vestimenta;6085361;ARS
6;2024-07;41;alimentos;83324862;ARS
6;2024-07;48;vivienda;79925830;ARS
6;2024-07;46;transporte;34764350;ARS
6;2024-07;44;salud;19617521;ARS
6;2024-07;42;educacion;22141951;ARS
6;2024-07;45;servicios;28278014;ARS
6;2024-07;43;recreacion;14653541;ARS
6;2024-07;47;vestimenta;6051579;ARS
6;2024-08;41;alimentos;72947228;ARS
6;2024-08;48;vivienda;77693624;ARS
6;2024-08;46;transporte;33509299;ARS
6;2024-08;44;salud;18538122;ARS
6;2024-08;42;educacion;19909739;ARS
6;2024-08;45;servicios;22963301;ARS
6;2024-08;43;recreacion;18374613;ARS
6;2024-08;47;vestimenta;6657775;ARS
6;2024-09;41;alimentos;66154157;ARS
6;2024-09;48;vivienda;89557217;ARS
6;2024-09;46;transporte;31686661;ARS
6;2024-09;44;salud;15826156;ARS
6;2024-09;42;educacion;23760578;ARS
6;2024-09;45;servicios;26825981;ARS
6;2024-09;43;recreacion;17322222;ARS
6;2024-09;47;vestimenta;8150397;ARS
6;2024-10;41;alimentos;84635970;ARS
6;2024-10;48;vivienda;84639355;ARS
6;2024-10;46;transporte;37037480;ARS
6;2024-10;44;salud;19962785;ARS
6;2024-10;42;educacion;23597763;ARS
6;2024-10;45;servicios;32509640;ARS
6;2024-10;43;recreacion;20431876;ARS
6;2024-10;47;vestimenta;6566800;ARS
6;2024-11;41;alimentos;63792110;ARS
6;2024-11;48;vivienda;92598376;ARS
6;2024-11;46;transporte;41201783;ARS
6;2024-11;44;salud;19383203;ARS
6;2024-11;42;educacion;24439218;ARS
6;2024-11;45;servicios;30038772;ARS
6;2024-11;43;recreacion;17891986;ARS
6;2024-11;47;vestimenta;6339366;ARS
6;2024-12;41;alimentos;82227726;ARS
6;2024-12;48;vivienda;95695205;ARS
6;2024-12;46;transporte;37748357;ARS
6;2024-12;44;salud;20077399;ARS
6;2024-12;42;educacion;24817228;ARS
6;2024-12;45;servicios;34744147;ARS
6;2024-12;43;recreacion;17998931;ARS
6;2024-12;47;vestimenta;8245288;ARS
6;2025-01;41;alimentos;92021894;ARS
6;2025-01;48;vivienda;101957731;ARS
6;2025-01;46;transporte;33112615;ARS
6;2025-01;44;salud;20869151;ARS
6;2025-01;42;educacion;22436651;ARS
6;2025-01;45;servicios;31403450;ARS
6;2025-01;43;recreacion;20473569;ARS
6;2025-01;47;vestimenta;8225359;ARS
6;2025-02;41;alimentos;95792151;ARS
6;2025-02;48;vivienda;105058963;ARS
6;2025-02;46;transporte;39820841;ARS
6;2025-02;44;salud;23743716;ARS
6;2025-02;42;educacion;35234298;ARS
6;2025-02;45;servicios;37852097;ARS
6;2025-02;43;recreacion;21003811;ARS
6;2025-02;47;vestimenta;10315875;ARS
6;2025-03;41;alimentos;92848523;ARS
6;2025-03;48;vivienda;112375493;ARS
6;2025-03;46;transporte;35800038;ARS
6;2025-03;44;salud;21617936;ARS
6;2025-03;42;educacion;31107059;ARS
6;2025-03;45;servicios;36864901;ARS
6;2025-03;43;recreacion;19679656;ARS
6;2025-03;47;vestimenta;9069364;ARS
6;2025-04;41;alimentos;88851094;ARS
6;2025-04;48;vivienda;114251478;ARS
6;2025-04;46;transporte;48849949;ARS
6;2025-04;44;salud;26129144;ARS
6;2025-04;42;educacion;32132990;ARS
6;2025-04;45;servicios;34198109;ARS
6;2025-04;43;recreacion;17202769;ARS
6;2025-04;47;vestimenta;7680253;ARS
6;2025-05;41;alimentos;111013596;ARS
6;2025-05;48;vivienda;114116160;ARS
6;2025-05;46;transporte;41644032;ARS
6;2025-05;44;salud;26039645;ARS
6;2025-05;42;educacion;39352767;ARS
6;2025-05;45;servicios;30056242;ARS
6;2025-05;43;recreacion;17864569;ARS
6;2025-05;47;vestimenta;9281222;ARS
6;2025-06;41;alimentos;133336935;ARS
6;2025-06;48;vivienda;128757730;ARS
6;2025-06;46;transporte;47111529;ARS
6;2025-06;44;salud;26988217;ARS
6;2025-06;42;educacion;33908989;ARS
6;2025-06;45;servicios;41706065;ARS
6;2025-06;43;recreacion;27322625;ARS
6;2025-06;47;vestimenta;11757790;ARS
6;2025-07;41;alimentos;135336242;ARS
6;2025-07;48;vivienda;134542897;ARS
6;2025-07;46;transporte;47692941;ARS
6;2025-07;44;salud;28338857;ARS
6;2025-07;42;educacion;32215231;ARS
6;2025-07;45;servicios;47003488;ARS
6;2025-07;43;recreacion;25645720;ARS
6;2025-07;47;vestimenta;12295588;ARS
6;2025-08;41;alimentos;133646914;ARS
6;2025-08;48;vivienda;133338858;ARS
6;2025-08;46;transporte;44439215;ARS
6;2025-08;44;salud;28568032;ARS
6;2025-08;42;educacion;34454880;ARS
6;2025-08;45;servicios;43241486;ARS
6;2025-08;43;recreacion;22753391;ARS
6;2025-08;47;vestimenta;14288196;ARS
6;2025-09;41;alimentos;124345118;ARS
6;2025-09;48;vivienda;143411316;ARS
6;2025-09;46;transporte;57381688;ARS
6;2025-09;44;salud;26559212;ARS
6;2025-09;42;educacion;40037526;ARS
6;2025-09;45;servicios;50613936;ARS
6;2025-09;43;recreacion;23518543;ARS
6;2025-09;47;vestimenta;9966095;ARS
6;2025-10;41;alimentos;135396329;ARS
6;2025-10;48;vivienda;155609564;ARS
6;2025-10;46;transporte;55457728;ARS
6;2025-10;44;salud;31785358;ARS
6;2025-10;42;educacion;44161498;ARS
6;2025-10;45;servicios;47968115;ARS
6;2025-10;43;recreacion;27757098;ARS
6;2025-10;47;vestimenta;11020217;ARS
6;2025-11;41;alimentos;155777153;ARS
6;2025-11;48;vivienda;150462420;ARS
6;2025-11;46;transporte;58414958;ARS
6;2025-11;44;salud;33175853;ARS
6;2025-11;42;educacion;40053727;ARS
6;2025-11;45;servicios;52233797;ARS
6;2025-11;43;recreacion;32655031;ARS
6;2025-11;47;vestimenta;10403273;ARS
6;2025-12;41;alimentos;136454404;ARS
6;2025-12;48;vivienda;162234695;ARS
6;2025-12;46;transporte;58326017;ARS
6;2025-12;44;salud;32646456;ARS
6;2025-12;42;educacion;42916889;ARS
6;2025-12;45;servicios;55628789;ARS
6;2025-12;43;recreacion;36368362;ARS
6;2025-12;47;vestimenta;12869613;ARS
7;2023-01;49;alimentos;35415279;ARS
7;2023-01;56;vivienda;33104616;ARS
7;2023-01;54;transporte;11967510;ARS
7;2023-01;52;salud;10712695;ARS
7;2023-01;50;educacion;8167107;ARS
7;2023-01;53;servicios;12333824;ARS
7;2023-01;51;recreacion;6196141;ARS
7;2023-01;55;vestimenta;2390902;ARS
7;2023-02;49;alimentos;46054292;ARS
7;2023-02;56;vivienda;30712275;ARS
7;2023-02;54;transporte;12433231;ARS
7;2023-02;52;salud;9632400;ARS
7;2023-02;50;educacion;9449987;ARS
7;2023-02;53;servicios;14152706;ARS
7;2023-02;51;recreacion;6259453;ARS
7;2023-02;55;vestimenta;2779330;ARS
7;2023-03;49;alimentos;41188866;ARS
7;2023-03;56;vivienda;33264690;ARS
7;2023-03;54;transporte;12565233;ARS
7;2023-03;52;salud;11739180;ARS
7;2023-03;50;educacion;9188611;ARS
7;2023-03;53;servicios;12590825;ARS
7;2023-03;51;recreacion;6095112;ARS
7;2023-03;55;vestimenta;2275130;ARS
7;2023-04;49;alimentos;44015944;ARS
7;2023-04;56;vivienda;34233290;ARS
7;2023-04;54;transporte;12438639;ARS
7;2023-04;52;salud;13244997;ARS
7;2023-04;50;educacion;8728828;ARS
7;2023-04;53;servicios;14604895;ARS
7;2023-04;51;recreacion;7828768;ARS
7;2023-04;55;vestimenta;2613436;ARS
7;2023-05;49;alimentos;52527296;ARS
7;2023-05;56;vivienda;35724027;ARS
7;2023-05;54;transporte;15022902;ARS
7;2023-05;52;salud;14618350;ARS
7;2023-05;50;educacion;10019636;ARS
7;2023-05;53;servicios;13976317;ARS
7;2023-05;51;recreacion;7166463;ARS
7;2023-05;55;vestimenta;3189384;ARS
7;2023-06;49;alimentos;50061570;ARS
7;2023-06;56;vivienda;39708075;ARS
7;2023-06;54;transporte;14731345;ARS
7;2023-06;52;salud;14056430;ARS
7;2023-06;50;educacion;8966765;ARS
7;2023-06;53;servicios;16730840;ARS
7;2023-06;51;recreacion;7403981;ARS
7;2023-06;55;vestimenta;3231721;ARS
7;2023-07;49;alimentos;39793133;ARS
7;2023-07;56;vivienda;40207361;ARS
7;2023-07;54;transporte;16525633;ARS
7;2023-07;52;salud;13853299;ARS
7;2023-07;50;educacion;8145676;ARS
7;2023-07;53;servicios;15767145;ARS
7;2023-07;51;recreacion;9388093;ARS
7;2023-07;55;vestimenta;3136663;ARS
7;2023-08;49;alimentos;49311152;ARS
7;2023-08;56;vivienda;41054146;ARS
7;2023-08;54;transporte;12939781;ARS
7;2023-08;52;salud;15182072;ARS
7;2023-08;50;educacion;10492928;ARS
7;2023-08;53;servicios;19003076;ARS
7;2023-08;51;recreacion;7487613;ARS
7;2023-08;55;vestimenta;3974511;ARS
7;2023-09;49;alimentos;57868411;ARS
7;2023-09;56;vivienda;44337740;ARS
7;2023-09;54;transporte;16369351;ARS
7;2023-09;52;salud;16042959;ARS
7;2023-09;50;educacion;10021390;ARS
7;2023-09;53;servicios;19045212;ARS
7;2023-09;51;recreacion;6551896;ARS
7;2023-09;55;vestimenta;4183041;ARS
7;2023-10;49;alimentos;64510601;ARS
7;2023-10;56;vivienda;48216330;ARS
7;2023-10;54;transporte;17311259;ARS
7;2023-10;52;salud;15943767;ARS
7;2023-10;50;educacion;10520082;ARS
7;2023-10;53;servicios;19399832;ARS
7;2023-10;51;recreacion;7020501;ARS
7;2023-10;55;vestimenta;4067213;ARS
7;2023-11;49;alimentos;53450264;ARS
7;2023-11;56;vivienda;45386025;ARS
7;2023-11;54;transporte;16496159;ARS
7;2023-11;52;salud;16585787;ARS
7;2023-11;50;educacion;11198640;ARS
7;2023-11;53;servicios;19826604;ARS
7;2023-11;51;recreacion;8263803;ARS
7;2023-11;55;vestimenta;5775542;ARS
7;2023-12;49;alimentos;67506240;ARS
7;2023-12;56;vivienda;53053366;ARS
7;2023-12;54;transporte;17011414;ARS
7;2023-12;52;salud;18547906;ARS
7;2023-12;50;educacion;11890694;ARS
7;2023-12;53;servicios;22695964;ARS
7;2023-12;51;recreacion;11503631;ARS
7;2023-12;55;vestimenta;4279341;ARS
7;2024-01;49;alimentos;71759617;ARS
7;2024-01;56;vivienda;52155063;ARS
7;2024-01;54;transporte;15107963;ARS
7;2024-01;52;salud;18707851;ARS
7;2024-01;50;educacion;11356916;ARS
7;2024-01;53;servicios;22048233;ARS
7;2024-01;51;recreacion;11571083;ARS
7;2024-01;55;vestimenta;5804238;ARS
7;2024-02;49;alimentos;66602438;ARS
7;2024-02;56;vivienda;58994168;ARS
7;2024-02;54;transporte;19715647;ARS
7;2024-02;52;salud;18633191;ARS
7;2024-02;50;educacion;15216506;ARS
7;2024-02;53;servicios;22640121;ARS
7;2024-02;51;recreacion;12320338;ARS
7;2024-02;55;vestimenta;3803911;ARS
7;2024-03;49;alimentos;61538411;ARS
7;2024-03;56;vivienda;56386310;ARS
7;2024-03;54;transporte;20441551;ARS
7;2024-03;52;salud;17900811;ARS
7;2024-03;50;educacion;15828796;ARS
7;2024-03;53;servicios;21381607;ARS
7;2024-03;51;recreacion;11769314;ARS
7;2024-03;55;vestimenta;4555314;ARS
7;2024-04;49;alimentos;58952015;ARS
7;2024-04;56;vivienda;61126578;ARS
7;2024-04;54;transporte;21240584;ARS
7;2024-04;52;salud;22343333;ARS
7;2024-04;50;educacion;15181208;ARS
7;2024-04;53;servicios;23861325;ARS
7;2024-04;51;recreacion;10369992;ARS
7;2024-04;55;vestimenta;6040915;ARS
7;2024-05;49;alimentos;89874038;ARS
7;2024-05;56;vivienda;63442449;ARS
7;2024-05;54;transporte;27635885;ARS
7;2024-05;52;salud;22063244;ARS
7;2024-05;50;educacion;11459968;ARS
7;2024-05;53;servicios;25079922;ARS
7;2024-05;51;recreacion;7953219;ARS
7;2024-05;55;vestimenta;5458335;ARS
7;2024-06;49;alimentos;92711620;ARS
7;2024-06;56;vivienda;69856450;ARS
7;2024-06;54;transporte;25922299;ARS
7;2024-06;52;salud;24441718;ARS
7;2024-06;50;educacion;17111021;ARS
7;2024-06;53;servicios;29710653;ARS
7;2024-06;51;recreacion;10242935;ARS
7;2024-06;55;vestimenta;6072506;ARS
7;2024-07;49;alimentos;73870954;ARS
7;2024-07;56;vivienda;68706470;ARS
7;2024-07;54;transporte;23480930;ARS
7;2024-07;52;salud;26043775;ARS
7;2024-07;50;educacion;18084327;ARS
7;2024-07;53;servicios;25933164;ARS
7;2024-07;51;recreacion;15601002;ARS
7;2024-07;55;vestimenta;5875182;ARS
7;2024-08;49;alimentos;79319931;ARS
7;2024-08;56;vivienda;71012573;ARS
7;2024-08;54;transporte;23269882;ARS
7;2024-08;52;salud;27605737;ARS
7;2024-08;50;educacion;13935281;ARS
7;2024-08;53;servicios;33683307;ARS
7;2024-08;51;recreacion;12363253;ARS
7;2024-08;55;vestimenta;5781887;ARS
7;2024-09;49;alimentos;96648745;ARS
7;2024-09;56;vivienda;75535754;ARS
7;2024-09;54;transporte;23795311;ARS
7;2024-09;52;salud;26357355;ARS
7;2024-09;50;educacion;19909381;ARS
7;2024-09;53;servicios;29996554;ARS
7;2024-09;51;recreacion;13940785;ARS
7;2024-09;55;vestimenta;5662774;ARS
7;2024-10;49;alimentos;134515895;ARS
7;2024-10;56;vivienda;80797903;ARS
7;2024-10;54;transporte;26315352;ARS
7;2024-10;52;salud;24796214;ARS
7;2024-10;50;educacion;18413995;ARS
7;2024-10;53;servicios;33515127;ARS
7;2024-10;51;recreacion;11229518;ARS
7;2024-10;55;vestimenta;7007251;ARS
7;2024-11;49;alimentos;111884191;ARS
7;2024-11;56;vivienda;83876767;ARS
7;2024-11;54;transporte;31785527;ARS
7;2024-11;52;salud;25883383;ARS
7;2024-11;50;educacion;19429008;ARS
7;2024-11;53;servicios;34488679;ARS
7;2024-11;51;recreacion;13209291;ARS
7;2024-11;55;vestimenta;5742031;ARS
7;2024-12;49;alimentos;119796243;ARS
7;2024-12;56;vivienda;87800373;ARS
7;2024-12;54;transporte;32133548;ARS
7;2024-12;52;salud;27006518;ARS
7;2024-12;50;educacion;21861970;ARS
7;2024-12;53;servicios;40273170;ARS
7;2024-12;51;recreacion;17329979;ARS
7;2024-12;55;vestimenta;8303170;ARS
7;2025-01;49;alimentos;133506785;ARS
7;2025-01;56;vivienda;89160490;ARS
7;2025-01;54;transporte;32733882;ARS
7;2025-01;52;salud;35413105;ARS
7;2025-01;50;educacion;21789783;ARS
7;2025-01;53;servicios;33850167;ARS
7;2025-01;51;recreacion;19662620;ARS
7;2025-01;55;vestimenta;7212977;ARS
7;2025-02;49;alimentos;119397575;ARS
7;2025-02;56;vivienda;98040801;ARS
7;2025-02;54;transporte;35008967;ARS
7;2025-02;52;salud;34050780;ARS
7;2025-02;50;educacion;28017674;ARS
7;2025-02;53;servicios;35570741;ARS
7;2025-02;51;recreacion;23017509;ARS
7;2025-02;55;vestimenta;8784046;ARS
7;2025-03;49;alimentos;114689213;ARS
7;2025-03;56;vivienda;89549518;ARS
7;2025-03;54;transporte;27708740;ARS
7;2025-03;52;salud;31563446;ARS
7;2025-03;50;educacion;27549435;ARS
7;2025-03;53;servicios;40396925;ARS
7;2025-03;51;recreacion;19004414;ARS
7;2025-03;55;vestimenta;9343230;ARS
7;2025-04;49;alimentos;152115769;ARS
7;2025-04;56;vivienda;99813930;ARS
7;2025-04;54;transporte;36554484;ARS
7;2025-04;52;salud;33016348;ARS
7;2025-04;50;educacion;21605831;ARS
7;2025-04;53;servicios;42672117;ARS
7;2025-04;51;recreacion;19351215;ARS
7;2025-04;55;vestimenta;9597864;ARS
7;2025-05;49;alimentos;129552656;ARS
7;2025-05;56;vivienda;106023514;ARS
7;2025-05;54;transporte;33748013;ARS
7;2025-05;52;salud;30088294;ARS
7;2025-05;50;educacion;24832385;ARS
7;2025-05;53;servicios;45254939;ARS
7;2025-05;51;recreacion;21190040;ARS
7;2025-05;55;vestimenta;7391472;ARS
7;2025-06;49;alimentos;138445124;ARS
7;2025-06;56;vivienda;115991081;ARS
7;2025-06;54;transporte;37511863;ARS
7;2025-06;52;salud;37413739;ARS
7;2025-06;50;educacion;26700351;ARS
7;2025-06;53;servicios;43902912;ARS
7;2025-06;51;recreacion;22444695;ARS
7;2025-06;55;vestimenta;12990576;ARS
7;2025-07;49;alimentos;170207299;ARS
7;2025-07;56;vivienda;116141738;ARS
7;2025-07;54;transporte;50808704;ARS
7;2025-07;52;salud;44883993;ARS
7;2025-07;50;educacion;28055495;ARS
7;2025-07;53;servicios;48480504;ARS
7;2025-07;51;recreacion;20122440;ARS
7;2025-07;55;vestimenta;8127945;ARS
7;2025-08;49;alimentos;177040428;ARS
7;2025-08;56;vivienda;126863897;ARS
7;2025-08;54;transporte;42816794;ARS
7;2025-08;52;salud;43157785;ARS
7;2025-08;50;educacion;31190343;ARS
7;2025-08;53;servicios;54436410;ARS
7;2025-08;51;recreacion;25275406;ARS
7;2025-08;55;vestimenta;12434891;ARS
7;2025-09;49;alimentos;153002747;ARS
7;2025-09;56;vivienda;129193154;ARS
7;2025-09;54;transporte;39577188;ARS
7;2025-09;52;salud;48923431;ARS
7;2025-09;50;educacion;32367434;ARS
7;2025-09;53;servicios;49747335;ARS
7;2025-09;51;recreacion;24462874;ARS
7;2025-09;55;vestimenta;10350622;ARS
7;2025-10;49;alimentos;157929944;ARS
7;2025-10;56;vivienda;137894552;ARS
7;2025-10;54;transporte;43048179;ARS
7;2025-10;52;salud;50793236;ARS
7;2025-10;50;educacion;34401376;ARS
7;2025-10;53;servicios;50497524;ARS
7;2025-10;51;recreacion;26530321;ARS
7;2025-10;55;vestimenta;8974726;ARS
7;2025-11;49;alimentos;186833089;ARS
7;2025-11;56;vivienda;140843259;ARS
7;2025-11;54;transporte;47354608;ARS
7;2025-11;52;salud;52375253;ARS
7;2025-11;50;educacion;33010383;ARS
7;2025-11;53;servicios;61358145;ARS
7;2025-11;51;recreacion;27920598;ARS
7;2025-11;55;vestimenta;10621944;ARS
7;2025-12;49;alimentos;208981890;ARS
7;2025-12;56;vivienda;152591901;ARS
7;2025-12;54;transporte;54636859;ARS
7;2025-12;52;salud;51686831;ARS
7;2025-12;50;educacion;35311343;ARS
7;2025-12;53;servicios;51333039;ARS
7;2025-12;51;recreacion;27697709;ARS
7;2025-12;55;vestimenta;12083742;ARS
8;2023-01;57;alimentos;38933059;ARS
8;2023-01;64;vivienda;26033441;ARS
8;2023-01;62;transporte;12866695;ARS
8;2023-01;60;salud;9316040;ARS
8;2023-01;58;educacion;7124493;ARS
8;2023-01;61;servicios;8685634;ARS
8;2023-01;59;recreacion;6549459;ARS
8;2023-01;63;vestimenta;2321729;ARS
8;2023-02;57;alimentos;33128733;ARS
8;2023-02;64;vivienda;28955543;ARS
8;2023-02;62;transporte;11009525;ARS
8;2023-02;60;salud;10489911;ARS
8;2023-02;58;educacion;9103536;ARS
8;2023-02;61;servicios;7348066;ARS
8;2023-02;59;recreacion;7528077;ARS
8;2023-02;63;vestimenta;2396083;ARS
8;2023-03;57;alimentos;42755676;ARS
8;2023-03;64;vivienda;28736888;ARS
8;2023-03;62;transporte;13118454;ARS
8;2023-03;60;salud;10275310;ARS
8;2023-03;58;educacion;9620068;ARS
8;2023-03;61;servicios;7810559;ARS
8;2023-03;59;recreacion;6660497;ARS
8;2023-03;63;vestimenta;1957547;ARS
8;2023-04;57;alimentos;42259586;ARS
8;2023-04;64;vivienda;30090161;ARS
8;2023-04;62;transporte;12323644;ARS
8;2023-04;60;salud;11165224;ARS
8;2023-04;58;educacion;8043283;ARS
8;2023-04;61;servicios;9847942;ARS
8;2023-04;59;recreacion;8838086;ARS
8;2023-04;63;vestimenta;3381197;ARS
8;2023-05;57;alimentos;45472970;ARS
8;2023-05;64;vivienda;30504044;ARS
8;2023-05;62;transporte;13862030;ARS
8;2023-05;60;salud;13790209;ARS
8;2023-05;58;educacion;9930262;ARS
8;2023-05;61;servicios;9012969;ARS
8;2023-05;59;recreacion;7176570;ARS
8;2023-05;63;vestimenta;2851107;ARS
8;2023-06;57;alimentos;47134027;ARS
8;2023-06;64;vivienda;33223894;ARS
8;2023-06;62;transporte;14335194;ARS
8;2023-06;60;salud;10860644;ARS
8;2023-06;58;educacion;9826166;ARS
8;2023-06;61;servicios;10797221;ARS
8;2023-06;59;recreacion;7653466;ARS
8;2023-06;63;vestimenta;3057624;ARS
8;2023-07;57;alimentos;42041989;ARS
8;2023-07;64;vivienda;33799572;ARS
8;2023-07;62;transporte;15420400;ARS
8;2023-07;60;salud;12570787;ARS
8;2023-07;58;educacion;10169996;ARS
8;2023-07;61;servicios;10460298;ARS
8;2023-07;59;recreacion;9175156;ARS
8;2023-07;63;vestimenta;3795542;ARS
8;2023-08;57;alimentos;47325803;ARS
8;2023-08;64;vivienda;37606129;ARS
8;2023-08;62;transporte;14818092;ARS
8;2023-08;60;salud;13145585;ARS
8;2023-08;58;educacion;10990405;ARS
8;2023-08;61;servicios;11636501;ARS
8;2023-08;59;recreacion;7398360;ARS
8;2023-08;63;vestimenta;2334294;ARS
8;2023-09;57;alimentos;49177210;ARS
8;2023-09;64;vivienda;37289243;ARS
8;2023-09;62;transporte;17844149;ARS
8;2023-09;60;salud;12969400;ARS
8;2023-09;58;educacion;12141196;ARS
8;2023-09;61;servicios;11482293;ARS
8;2023-09;59;recreacion;9309187;ARS
8;2023-09;63;vestimenta;4409699;ARS
8;2023-10;57;alimentos;55974644;ARS
8;2023-10;64;vivienda;40399075;ARS
8;2023-10;62;transporte;15416916;ARS
8;2023-10;60;salud;16712415;ARS
8;2023-10;58;educacion;12535497;ARS
8;2023-10;61;servicios;12140282;ARS
8;2023-10;59;recreacion;8883773;ARS
8;2023-10;63;vestimenta;4067049;ARS
8;2023-11;57;alimentos;72857469;ARS
8;2023-11;64;vivienda;40221071;ARS
8;2023-11;62;transporte;18263234;ARS
8;2023-11;60;salud;16029294;ARS
8;2023-11;58;educacion;11854374;ARS
8;2023-11;61;servicios;9988777;ARS
8;2023-11;59;recreacion;9873525;ARS
8;2023-11;63;vestimenta;4710224;ARS
8;2023-12;57;alimentos;63341995;ARS
8;2023-12;64;vivienda;44329892;ARS
8;2023-12;62;transporte;20340293;ARS
8;2023-12;60;salud;15665146;ARS
8;2023-12;58;educacion;12425341;ARS
8;2023-12;61;servicios;12545389;ARS
8;2023-12;59;recreacion;15795226;ARS
8;2023-12;63;vestimenta;4739850;ARS
8;2024-01;57;alimentos;44971202;ARS
8;2024-01;64;vivienda;46006366;ARS
8;2024-01;62;transporte;18890883;ARS
8;2024-01;60;salud;15756959;ARS
8;2024-01;58;educacion;14140755;ARS
8;2024-01;61;servicios;13652207;ARS
8;2024-01;59;recreacion;13451907;ARS
8;2024-01;63;vestimenta;3991526;ARS
8;2024-02;57;alimentos;71808235;ARS
8;2024-02;64;vivienda;46237503;ARS
8;2024-02;62;transporte;20194216;ARS
8;2024-02;60;salud;17647749;ARS
8;2024-02;58;educacion;14337517;ARS
8;2024-02;61;servicios;14811740;ARS
8;2024-02;59;recreacion;10225319;ARS
8;2024-02;63;vestimenta;3824466;ARS
8;2024-03;57;alimentos;83873526;ARS
8;2024-03;64;vivienda;52791922;ARS
8;2024-03;62;transporte;23658616;ARS
8;2024-03;60;salud;18648890;ARS
8;2024-03;58;educacion;16979191;ARS
8;2024-03;61;servicios;11707982;ARS
8;2024-03;59;recreacion;14222441;ARS
8;2024-03;63;vestimenta;5782555;ARS
8;2024-04;57;alimentos;83829662;ARS
8;2024-04;64;vivienda;50025418;ARS
8;2024-04;62;transporte;20926507;ARS
8;2024-04;60;salud;20346381;ARS
8;2024-04;58;educacion;14041651;ARS
8;2024-04;61;servicios;16115469;ARS
8;2024-04;59;recreacion;13019318;ARS
8;2024-04;63;vestimenta;4201355;ARS
8;2024-05;57;alimentos;74813544;ARS
8;2024-05;64;vivienda;48744592;ARS
8;2024-05;62;transporte;22919364;ARS
8;2024-05;60;salud;20623621;ARS
8;2024-05;58;educacion;14806857;ARS
8;2024-05;61;servicios;15168253;ARS
8;2024-05;59;recreacion;15157344;ARS
8;2024-05;63;vestimenta;5085515;ARS
8;2024-06;57;alimentos;75078168;ARS
8;2024-06;64;vivienda;56963097;ARS
8;2024-06;62;transporte;26991747;ARS
8;2024-06;60;salud;23783414;ARS
8;2024-06;58;educacion;17438557;ARS
8;2024-06;61;servicios;15339862;ARS
8;2024-06;59;recreacion;11396252;ARS
8;2024-06;63;vestimenta;5794081;ARS
8;2024-07;57;alimentos;95566163;ARS
8;2024-07;64;vivienda;55214123;ARS
8;2024-07;62;transporte;25569205;ARS
8;2024-07;60;salud;23284922;ARS
8;2024-07;58;educacion;16520823;ARS
8;2024-07;61;servicios;18993159;ARS
8;2024-07;59;recreacion;13596668;ARS
8;2024-07;63;vestimenta;6035642;ARS
8;2024-08;57;alimentos;101106210;ARS
8;2024-08;64;vivienda;58845927;ARS
8;2024-08;62;transporte;22359236;ARS
8;2024-08;60;salud;24275372;ARS
8;2024-08;58;educacion;17089624;ARS
8;2024-08;61;servicios;20961934;ARS
8;2024-08;59;recreacion;11944606;ARS
8;2024-08;63;vestimenta;6098903;ARS
8;2024-09;57;alimentos;103235527;ARS
8;2024-09;64;vivienda;63986435;ARS
8;2024-09;62;transporte;22866177;ARS
8;2024-09;60;salud;21638182;ARS
8;2024-09;58;educacion;19281149;ARS
8;2024-09;61;servicios;20346817;ARS
8;2024-09;59;recreacion;14380379;ARS
8;2024-09;63;vestimenta;4710885;ARS
8;2024-10;57;alimentos;88601031;ARS
8;2024-10;64;vivienda;65165339;ARS
8;2024-10;62;transporte;29585389;ARS
8;2024-10;60;salud;20232763;ARS
8;2024-10;58;educacion;19477912;ARS
8;2024-10;61;servicios;21315566;ARS
8;2024-10;59;recreacion;15625739;ARS
8;2024-10;63;vestimenta;8175351;ARS
8;2024-11;57;alimentos;93311970;ARS
8;2024-11;64;vivienda;71962043;ARS
8;2024-11;62;transporte;29918715;ARS
8;2024-11;60;salud;23825000;ARS
8;2024-11;58;educacion;21391797;ARS
8;2024-11;61;servicios;23858763;ARS
8;2024-11;59;recreacion;17264303;ARS
8;2024-11;63;vestimenta;7895780;ARS
8;2024-12;57;alimentos;97034810;ARS
8;2024-12;64;vivienda;70680617;ARS
8;2024-12;62;transporte;32230123;ARS
8;2024-12;60;salud;29758093;ARS
8;2024-12;58;educacion;21596343;ARS
8;2024-12;61;servicios;21033334;ARS
8;2024-12;59;recreacion;22074679;ARS
8;2024-12;63;vestimenta;7448769;ARS
8;2025-01;57;alimentos;119203985;ARS
8;2025-01;64;vivienda;79910646;ARS
8;2025-01;62;transporte;31302425;ARS
8;2025-01;60;salud;29712761;ARS
8;2025-01;58;educacion;20189485;ARS
8;2025-01;61;servicios;21722982;ARS
8;2025-01;59;recreacion;20591545;ARS
8;2025-01;63;vestimenta;5605832;ARS
8;2025-02;57;alimentos;97267531;ARS
8;2025-02;64;vivienda;77376192;ARS
8;2025-02;62;transporte;38169603;ARS
8;2025-02;60;salud;31494542;ARS
8;2025-02;58;educacion;26783968;ARS
8;2025-02;61;servicios;23208278;ARS
8;2025-02;59;recreacion;25195484;ARS
8;2025-02;63;vestimenta;6870803;ARS
8;2025-03;57;alimentos;142369650;ARS
8;2025-03;64;vivienda;87595251;ARS
8;2025-03;62;transporte;33678694;ARS
8;2025-03;60;salud;31436025;ARS
8;2025-03;58;educacion;30376459;ARS
8;2025-03;61;servicios;26715954;ARS
8;2025-03;59;recreacion;24610105;ARS
8;2025-03;63;vestimenta;6814810;ARS
8;2025-04;57;alimentos;109100222;ARS
8;2025-04;64;vivienda;88838843;ARS
8;2025-04;62;transporte;44653447;ARS
8;2025-04;60;salud;30104971;ARS
8;2025-04;58;educacion;21768428;ARS
8;2025-04;61;servicios;28586288;ARS
8;2025-04;59;recreacion;21656269;ARS
8;2025-04;63;vestimenta;7831697;ARS
8;2025-05;57;alimentos;131436318;ARS
8;2025-05;64;vivienda;81995279;ARS
8;2025-05;62;transporte;36439542;ARS
8;2025-05;60;salud;34982409;ARS
8;2025-05;58;educacion;28523840;ARS
8;2025-05;61;servicios;28753101;ARS
8;2025-05;59;recreacion;16499148;ARS
8;2025-05;63;vestimenta;10581516;ARS
8;2025-06;57;alimentos;121267332;ARS
8;2025-06;64;vivienda;92680714;ARS
8;2025-06;62;transporte;46219096;ARS
8;2025-06;60;salud;37661376;ARS
8;2025-06;58;educacion;30907998;ARS
8;2025-06;61;servicios;33228432;ARS
8;2025-06;59;recreacion;20012068;ARS
8;2025-06;63;vestimenta;11141105;ARS
8;2025-07;57;alimentos;123950936;ARS
8;2025-07;64;vivienda;100236417;ARS
8;2025-07;62;transporte;56924131;ARS
8;2025-07;60;salud;34819707;ARS
8;2025-07;58;educacion;26399196;ARS
8;2025-07;61;servicios;31732592;ARS
8;2025-07;59;recreacion;25153514;ARS
8;2025-07;63;vestimenta;9763657;ARS
8;2025-08;57;alimentos;173887146;ARS
8;2025-08;64;vivienda;103041707;ARS
8;2025-08;62;transporte;44028638;ARS
8;2025-08;60;salud;35083523;ARS
8;2025-08;58;educacion;31001988;ARS
8;2025-08;61;servicios;33016827;ARS
8;2025-08;59;recreacion;23857760;ARS
8;2025-08;63;vestimenta;8981530;ARS
8;2025-09;57;alimentos;162857970;ARS
8;2025-09;64;vivienda;112772724;ARS
8;2025-09;62;transporte;50277577;ARS
8;2025-09;60;salud;39699704;ARS
8;2025-09;58;educacion;34678017;ARS
8;2025-09;61;servicios;34729606;ARS
8;2025-09;59;recreacion;31761361;ARS
8;2025-09;63;vestimenta;10393786;ARS
8;2025-10;57;alimentos;164195651;ARS
8;2025-10;64;vivienda;111982496;ARS
8;2025-10;62;transporte;58101127;ARS
8;2025-10;60;salud;44489064;ARS
8;2025-10;58;educacion;31063675;ARS
8;2025-10;61;servicios;31887429;ARS
8;2025-10;59;recreacion;31886137;ARS
8;2025-10;63;vestimenta;10635632;ARS
8;2025-11;57;alimentos;153719000;ARS
8;2025-11;64;vivienda;118016771;ARS
8;2025-11;62;transporte;55930058;ARS
8;2025-11;60;salud;44877062;ARS
8;2025-11;58;educacion;37892491;ARS
8;2025-11;61;servicios;40758190;ARS
8;2025-11;59;recreacion;25652989;ARS
8;2025-11;63;vestimenta;14610767;ARS
8;2025-12;57;alimentos;189528076;ARS
8;2025-12;64;vivienda;124722481;ARS
8;2025-12;62;transporte;59186972;ARS
8;2025-12;60;salud;40962788;ARS
8;2025-12;58;educacion;44646155;ARS
8;2025-12;61;servicios;33929207;ARS
8;2025-12;59;recreacion;37155634;ARS
8;2025-12;63;vestimenta;13435306;ARS
9;2023-01;65;alimentos;18449547;ARS
9;2023-01;72;vivienda;15323035;ARS
9;2023-01;70;transporte;7529543;ARS
9;2023-01;68;salud;4042666;ARS
9;2023-01;66;educacion;3840277;ARS
9;2023-01;69;servicios;5170154;ARS
9;2023-01;67;recreacion;3614811;ARS
9;2023-01;71;vestimenta;1722681;ARS
9;2023-02;65;alimentos;19316418;ARS
9;2023-02;72;vivienda;16286627;ARS
9;2023-02;70;transporte;9292700;ARS
9;2023-02;68;salud;3938193;ARS
9;2023-02;66;educacion;4558567;ARS
9;2023-02;69;servicios;5389614;ARS
9;2023-02;67;recreacion;2994475;ARS
9;2023-02;71;vestimenta;1794411;ARS
9;2023-03;65;alimentos;18820156;ARS
9;2023-03;72;vivienda;17510914;ARS
9;2023-03;70;transporte;10363382;ARS
9;2023-03;68;salud;4496187;ARS
9;2023-03;66;educacion;5628477;ARS
9;2023-03;69;servicios;6912600;ARS
9;2023-03;67;recreacion;2598867;ARS
9;2023-03;71;vestimenta;2514790;ARS
9;2023-04;65;alimentos;21132490;ARS
9;2023-04;72;vivienda;17353068;ARS
9;2023-04;70;transporte;9025002;ARS
9;2023-04;68;salud;4974820;ARS
9;2023-04;66;educacion;4146282;ARS
9;2023-04;69;servicios;5924235;ARS
9;2023-04;67;recreacion;3349376;ARS
9;2023-04;71;vestimenta;2799785;ARS
9;2023-05;65;alimentos;24479218;ARS
9;2023-05;72;vivienda;19410402;ARS
9;2023-05;70;transporte;11768454;ARS
9;2023-05;68;salud;4834162;ARS
9;2023-05;66;educacion;4500687;ARS
9;2023-05;69;servicios;7424511;ARS
9;2023-05;67;recreacion;3354456;ARS
9;2023-05;71;vestimenta;2472548;ARS
9;2023-06;65;alimentos;27331021;ARS
9;2023-06;72;vivienda;18944046;ARS
9;2023-06;70;transporte;13255438;ARS
9;2023-06;68;salud;5534643;ARS
9;2023-06;66;educacion;5416586;ARS
9;2023-06;69;servicios;6683084;ARS
9;2023-06;67;recreacion;4147603;ARS
9;2023-06;71;vestimenta;3080727;ARS
9;2023-07;65;alimentos;24506706;ARS
9;2023-07;72;vivienda;20993079;ARS
9;2023-07;70;transporte;13224505;ARS
9;2023-07;68;salud;5008163;ARS
9;2023-07;66;educacion;5313200;ARS
9;2023-07;69;servicios;7296720;ARS
9;2023-07;67;recreacion;4204163;ARS
9;2023-07;71;vestimenta;1981787;ARS
9;2023-08;65;alimentos;25938896;ARS
9;2023-08;72;vivienda;20857013;ARS
9;2023-08;70;transporte;12099546;ARS
9;2023-08;68;salud;6549262;ARS
9;2023-08;66;educacion;5532474;ARS
9;2023-08;69;servicios;7206137;ARS
9;2023-08;67;recreacion;4878421;ARS
9;2023-08;71;vestimenta;2773101;ARS
9;2023-09;65;alimentos;24469276;ARS
9;2023-09;72;vivienda;22652975;ARS
9;2023-09;70;transporte;12783886;ARS
9;2023-09;68;salud;5467994;ARS
9;2023-09;66;educacion;5278589;ARS
9;2023-09;69;servicios;8181489;ARS
9;2023-09;67;recreacion;4056130;ARS
9;2023-09;71;vestimenta;2931672;ARS
9;2023-10;65;alimentos;21747902;ARS
9;2023-10;72;vivienda;22460947;ARS
9;2023-10;70;transporte;10281721;ARS
9;2023-10;68;salud;5861598;ARS
9;2023-10;66;educacion;5911649;ARS
9;2023-10;69;servicios;8797450;ARS
9;2023-10;67;recreacion;4808750;ARS
9;2023-10;71;vestimenta;3394104;ARS
9;2023-11;65;alimentos;30197546;ARS
9;2023-11;72;vivienda;24539148;ARS
9;2023-11;70;transporte;13673966;ARS
9;2023-11;68;salud;6779794;ARS
9;2023-11;66;educacion;6505840;ARS
9;2023-11;69;servicios;8837390;ARS
9;2023-11;67;recreacion;5524022;ARS
9;2023-11;71;vestimenta;3925511;ARS
9;2023-12;65;alimentos;25528939;ARS
9;2023-12;72;vivienda;25074420;ARS
9;2023-12;70;transporte;13325981;ARS
9;2023-12;68;salud;6721879;ARS
9;2023-12;66;educacion;6287191;ARS
9;2023-12;69;servicios;8405888;ARS
9;2023-12;67;recreacion;7209136;ARS
9;2023-12;71;vestimenta;2928740;ARS
9;2024-01;65;alimentos;32257017;ARS
9;2024-01;72;vivienda;27462332;ARS
9;2024-01;70;transporte;13427199;ARS
9;2024-01;68;salud;6913213;ARS
9;2024-01;66;educacion;6802968;ARS
9;2024-01;69;servicios;9232180;ARS
9;2024-01;67;recreacion;6373289;ARS
9;2024-01;71;vestimenta;4816789;ARS
9;2024-02;65;alimentos;34906658;ARS
9;2024-02;72;vivienda;28098812;ARS
9;2024-02;70;transporte;18354634;ARS
9;2024-02;68;salud;7794725;ARS
9;2024-02;66;educacion;8432544;ARS
9;2024-02;69;servicios;10881310;ARS
9;2024-02;67;recreacion;6095725;ARS
9;2024-02;71;vestimenta;3210981;ARS
9;2024-03;65;alimentos;34821743;ARS
9;2024-03;72;vivienda;29470898;ARS
9;2024-03;70;transporte;15006902;ARS
9;2024-03;68;salud;7848535;ARS
9;2024-03;66;educacion;8123376;ARS
9;2024-03;69;servicios;9858834;ARS
9;2024-03;67;recreacion;6603058;ARS
9;2024-03;71;vestimenta;4040803;ARS
9;2024-04;65;alimentos;36562691;ARS
9;2024-04;72;vivienda;30678340;ARS
9;2024-04;70;transporte;19889984;ARS
9;2024-04;68;salud;8190241;ARS
9;2024-04;66;educacion;8057305;ARS
9;2024-04;69;servicios;11156546;ARS
9;2024-04;67;recreacion;6409344;ARS
9;2024-04;71;vestimenta;3280494;ARS
9;2024-05;65;alimentos;35649243;ARS
9;2024-05;72;vivienda;31006495;ARS
9;2024-05;70;transporte;19239090;ARS
9;2024-05;68;salud;8949742;ARS
9;2024-05;66;educacion;8023110;ARS
9;2024-05;69;servicios;12727546;ARS
9;2024-05;67;recreacion;7408868;ARS
9;2024-05;71;vestimenta;5000919;ARS
9;2024-06;65;alimentos;44875557;ARS
9;2024-06;72;vivienda;34697886;ARS
9;2024-06;70;transporte;20336781;ARS
9;2024-06;68;salud;9415437;ARS
9;2024-06;66;educacion;9139605;ARS
9;2024-06;69;servicios;11125166;ARS
9;2024-06;67;recreacion;5626541;ARS
9;2024-06;71;vestimenta;6426784;ARS
9;2024-07;65;alimentos;42829140;ARS
9;2024-07;72;vivienda;32935688;ARS
9;2024-07;70;transporte;17676913;ARS
9;2024-07;68;salud;9209980;ARS
9;2024-07;66;educacion;7555933;ARS
9;2024-07;69;servicios;12965122;ARS
9;2024-07;67;recreacion;8781325;ARS
9;2024-07;71;vestimenta;4721085;ARS
9;2024-08;65;alimentos;31790211;ARS
9;2024-08;72;vivienda;37025175;ARS
9;2024-08;70;transporte;20586794;ARS
9;2024-08;68;salud;9457938;ARS
9;2024-08;66;educacion;8795272;ARS
9;2024-08;69;servicios;14596648;ARS
9;2024-08;67;recreacion;8629212;ARS
9;2024-08;71;vestimenta;4064540;ARS
9;2024-09;65;alimentos;36756105;ARS
9;2024-09;72;vivienda;36245052;ARS
9;2024-09;70;transporte;20233664;ARS
9;2024-09;68;salud;10321658;ARS
9;2024-09;66;educacion;9662162;ARS
9;2024-09;69;servicios;12552846;ARS
9;2024-09;67;recreacion;8267204;ARS
9;2024-09;71;vestimenta;3847262;ARS
9;2024-10;65;alimentos;39052435;ARS
9;2024-10;72;vivienda;42379957;ARS
9;2024-10;70;transporte;23652899;ARS
9;2024-10;68;salud;10894684;ARS
9;2024-10;66;educacion;10781833;ARS
9;2024-10;69;servicios;14561240;ARS
9;2024-10;67;recreacion;8950490;ARS
9;2024-10;71;vestimenta;5619183;ARS
9;2024-11;65;alimentos;50260285;ARS
9;2024-11;72;vivienda;40331018;ARS
9;2024-11;70;transporte;22472867;ARS
9;2024-11;68;salud;10019835;ARS
9;2024-11;66;educacion;9821630;ARS
9;2024-11;69;servicios;14543936;ARS
9;2024-11;67;recreacion;7108452;ARS
9;2024-11;71;vestimenta;5705797;ARS
9;2024-12;65;alimentos;43648308;ARS
9;2024-12;72;vivienda;42231571;ARS
9;2024-12;70;transporte;23867797;ARS
9;2024-12;68;salud;10875642;ARS
9;2024-12;66;educacion;11519944;ARS
9;2024-12;69;servicios;11896396;ARS
9;2024-12;67;recreacion;9920616;ARS
9;2024-12;71;vestimenta;4840137;ARS
9;2025-01;65;alimentos;52171019;ARS
9;2025-01;72;vivienda;42603687;ARS
9;2025-01;70;transporte;26843700;ARS
9;2025-01;68;salud;12506492;ARS
9;2025-01;66;educacion;11543688;ARS
9;2025-01;69;servicios;15768705;ARS
9;2025-01;67;recreacion;9860385;ARS
9;2025-01;71;vestimenta;6742907;ARS
9;2025-02;65;alimentos;53988038;ARS
9;2025-02;72;vivienda;45615110;ARS
9;2025-02;70;transporte;26324434;ARS
9;2025-02;68;salud;13156082;ARS
9;2025-02;66;educacion;13264813;ARS
9;2025-02;69;servicios;15794721;ARS
9;2025-02;67;recreacion;10412320;ARS
9;2025-02;71;vestimenta;4492151;ARS
9;2025-03;65;alimentos;63614798;ARS
9;2025-03;72;vivienda;49019447;ARS
9;2025-03;70;transporte;29912845;ARS
9;2025-03;68;salud;13806231;ARS
9;2025-03;66;educacion;13475720;ARS
9;2025-03;69;servicios;14238667;ARS
9;2025-03;67;recreacion;12076372;ARS
9;2025-03;71;vestimenta;7760644;ARS
9;2025-04;65;alimentos;70693987;ARS
9;2025-04;72;vivienda;51538742;ARS
9;2025-04;70;transporte;23604892;ARS
9;2025-04;68;salud;14788831;ARS
9;2025-04;66;educacion;13419252;ARS
9;2025-04;69;servicios;17466919;ARS
9;2025-04;67;recreacion;14412778;ARS
9;2025-04;71;vestimenta;6675209;ARS
9;2025-05;65;alimentos;64035587;ARS
9;2025-05;72;vivienda;52164037;ARS
9;2025-05;70;transporte;27971113;ARS
9;2025-05;68;salud;13697907;ARS
9;2025-05;66;educacion;13880906;ARS
9;2025-05;69;servicios;18767155;ARS
9;2025-05;67;recreacion;13235666;ARS
9;2025-05;71;vestimenta;6577655;ARS
9;2025-06;65;alimentos;64917315;ARS
9;2025-06;72;vivienda;56806880;ARS
9;2025-06;70;transporte;35836386;ARS
9;2025-06;68;salud;14713529;ARS
9;2025-06;66;educacion;13722291;ARS
9;2025-06;69;servicios;18557644;ARS
9;2025-06;67;recreacion;13559767;ARS
9;2025-06;71;vestimenta;8200444;ARS
9;2025-07;65;alimentos;88447307;ARS
9;2025-07;72;vivienda;56880682;ARS
9;2025-07;70;transporte;30075196;ARS
9;2025-07;68;salud;15498387;ARS
9;2025-07;66;educacion;15784732;ARS
9;2025-07;69;servicios;20193929;ARS
9;2025-07;67;recreacion;9921913;ARS
9;2025-07;71;vestimenta;6953336;ARS
9;2025-08;65;alimentos;70127953;ARS
9;2025-08;72;vivienda;59450498;ARS
9;2025-08;70;transporte;36003515;ARS
9;2025-08;68;salud;17133074;ARS
9;2025-08;66;educacion;15418641;ARS
9;2025-08;69;servicios;23682708;ARS
9;2025-08;67;recreacion;10907886;ARS
9;2025-08;71;vestimenta;9149754;ARS
9;2025-09;65;alimentos;71959753;ARS
9;2025-09;72;vivienda;67005769;ARS
9;2025-09;70;transporte;33965866;ARS
9;2025-09;68;salud;19337436;ARS
9;2025-09;66;educacion;15946028;ARS
9;2025-09;69;servicios;24595874;ARS
9;2025-09;67;recreacion;14256274;ARS
9;2025-09;71;vestimenta;7755264;ARS
9;2025-10;65;alimentos;71236042;ARS
9;2025-10;72;vivienda;65965786;ARS
9;2025-10;70;transporte;39540878;ARS
9;2025-10;68;salud;18175105;ARS
9;2025-10;66;educacion;18563441;ARS
9;2025-10;69;servicios;23784711;ARS
9;2025-10;67;recreacion;16053202;ARS
9;2025-10;71;vestimenta;11147321;ARS
9;2025-11;65;alimentos;85293900;ARS
9;2025-11;72;vivienda;73009998;ARS
9;2025-11;70;transporte;36555998;ARS
9;2025-11;68;salud;19461729;ARS
9;2025-11;66;educacion;17375224;ARS
9;2025-11;69;servicios;26103738;ARS
9;2025-11;67;recreacion;13116167;ARS
9;2025-11;71;vestimenta;5599565;ARS
9;2025-12;65;alimentos;91714704;ARS
9;2025-12;72;vivienda;72633331;ARS
9;2025-12;70;transporte;47515712;ARS
9;2025-12;68;salud;18887819;ARS
9;2025-12;66;educacion;17527280;ARS
9;2025-12;69;servicios;28468245;ARS
9;2025-12;67;recreacion;14818518;ARS
9;2025-12;71;vestimenta;9556799;ARS
10;2023-01;73;alimentos;19582575;ARS
10;2023-01;80;vivienda;18448624;ARS
10;2023-01;78;transporte;7638118;ARS
10;2023-01;76;salud;3965050;ARS
10;2023-01;74;educacion;5348493;ARS
10;2023-01;77;servicios;6039680;ARS
10;2023-01;75;recreacion;3552323;ARS
10;2023-01;79;vestimenta;2519910;ARS
10;2023-02;73;alimentos;12900570;ARS
10;2023-02;80;vivienda;19096826;ARS
10;2023-02;78;transporte;8391765;ARS
10;2023-02;76;salud;5300841;ARS
10;2023-02;74;educacion;7101384;ARS
10;2023-02;77;servicios;5822649;ARS
10;2023-02;75;recreacion;3082962;ARS
10;2023-02;79;vestimenta;2779302;ARS
10;2023-03;73;alimentos;17818051;ARS
10;2023-03;80;vivienda;19628941;ARS
10;2023-03;78;transporte;8697859;ARS
10;2023-03;76;salud;4853756;ARS
10;2023-03;74;educacion;7980442;ARS
10;2023-03;77;servicios;6132243;ARS
10;2023-03;75;recreacion;3797009;ARS
10;2023-03;79;vestimenta;1849877;ARS
10;2023-04;73;alimentos;22135567;ARS
10;2023-04;80;vivienda;22614714;ARS
10;2023-04;78;transporte;10928944;ARS
10;2023-04;76;salud;4953965;ARS
10;2023-04;74;educacion;5715631;ARS
10;2023-04;77;servicios;6423719;ARS
10;2023-04;75;recreacion;3639255;ARS
10;2023-04;79;vestimenta;1662768;ARS
10;2023-05;73;alimentos;19408905;ARS
10;2023-05;80;vivienda;21281701;ARS
10;2023-05;78;transporte;10121234;ARS
10;2023-05;76;salud;5012970;ARS
10;2023-05;74;educacion;5227039;ARS
10;2023-05;77;servicios;6254315;ARS
10;2023-05;75;recreacion;3953604;ARS
10;2023-05;79;vestimenta;2775320;ARS
10;2023-06;73;alimentos;20408878;ARS
10;2023-06;80;vivienda;22061608;ARS
10;2023-06;78;transporte;10918477;ARS
10;2023-06;76;salud;6327311;ARS
10;2023-06;74;educacion;7262051;ARS
10;2023-06;77;servicios;6566486;ARS
10;2023-06;75;recreacion;3994849;ARS
10;2023-06;79;vestimenta;2942600;ARS
10;2023-07;73;alimentos;23579029;ARS
10;2023-07;80;vivienda;23442838;ARS
10;2023-07;78;transporte;10795248;ARS
10;2023-07;76;salud;5148574;ARS
10;2023-07;74;educacion;6780435;ARS
10;2023-07;77;servicios;6996541;ARS
10;2023-07;75;recreacion;4867677;ARS
10;2023-07;79;vestimenta;3794591;ARS
10;2023-08;73;alimentos;27014363;ARS
10;2023-08;80;vivienda;25030036;ARS
10;2023-08;78;transporte;11058106;ARS
10;2023-08;76;salud;6605964;ARS
10;2023-08;74;educacion;6114533;ARS
10;2023-08;77;servicios;7386938;ARS
10;2023-08;75;recreacion;4000425;ARS
10;2023-08;79;vestimenta;3839439;ARS
10;2023-09;73;alimentos;29266601;ARS
10;2023-09;80;vivienda;27421479;ARS
10;2023-09;78;transporte;12286341;ARS
10;2023-09;76;salud;6104335;ARS
10;2023-09;74;educacion;7871768;ARS
10;2023-09;77;servicios;7791327;ARS
10;2023-09;75;recreacion;5726916;ARS
10;2023-09;79;vestimenta;3381974;ARS
10;2023-10;73;alimentos;26416491;ARS
10;2023-10;80;vivienda;26902353;ARS
10;2023-10;78;transporte;10723985;ARS
10;2023-10;76;salud;6648721;ARS
10;2023-10;74;educacion;8164647;ARS
10;2023-10;77;servicios;8475760;ARS
10;2023-10;75;recreacion;5251903;ARS
10;2023-10;79;vestimenta;2861410;ARS
10;2023-11;73;alimentos;31421028;ARS
10;2023-11;80;vivienda;28254908;ARS
10;2023-11;78;transporte;12740877;ARS
10;2023-11;76;salud;6857466;ARS
10;2023-11;74;educacion;8745879;ARS
10;2023-11;77;servicios;8448700;ARS
10;2023-11;75;recreacion;5461662;ARS
10;2023-11;79;vestimenta;3139574;ARS
10;2023-12;73;alimentos;26419648;ARS
10;2023-12;80;vivienda;30187124;ARS
10;2023-12;78;transporte;13164420;ARS
10;2023-12;76;salud;7578180;ARS
10;2023-12;74;educacion;8721452;ARS
10;2023-12;77;servicios;7676396;ARS
10;2023-12;75;recreacion;4753783;ARS
10;2023-12;79;vestimenta;3699202;ARS
10;2024-01;73;alimentos;31534248;ARS
10;2024-01;80;vivienda;30290561;ARS
10;2024-01;78;transporte;15609951;ARS
10;2024-01;76;salud;6666758;ARS
10;2024-01;74;educacion;8488154;ARS
10;2024-01;77;servicios;9294883;ARS
10;2024-01;75;recreacion;6002537;ARS
10;2024-01;79;vestimenta;3140915;ARS
10;2024-02;73;alimentos;34804291;ARS
10;2024-02;80;vivienda;31935557;ARS
10;2024-02;78;transporte;14488856;ARS
10;2024-02;76;salud;9571539;ARS
10;2024-02;74;educacion;11439450;ARS
10;2024-02;77;servicios;8703916;ARS
10;2024-02;75;recreacion;6124110;ARS
10;2024-02;79;vestimenta;4866279;ARS
10;2024-03;73;alimentos;27878719;ARS
10;2024-03;80;vivienda;36387759;ARS
10;2024-03;78;transporte;13672823;ARS
10;2024-03;76;salud;7134937;ARS
10;2024-03;74;educacion;13918687;ARS
10;2024-03;77;servicios;11079654;ARS
10;2024-03;75;recreacion;5478501;ARS
10;2024-03;79;vestimenta;4940057;ARS
10;2024-04;73;alimentos;33911006;ARS
10;2024-04;80;vivienda;36743505;ARS
10;2024-04;78;transporte;16202286;ARS
10;2024-04;76;salud;10025504;ARS
10;2024-04;74;educacion;11901566;ARS
10;2024-04;77;servicios;10123623;ARS
10;2024-04;75;recreacion;5786181;ARS
10;2024-04;79;vestimenta;4329939;ARS
10;2024-05;73;alimentos;28656592;ARS
10;2024-05;80;vivienda;37977842;ARS
10;2024-05;78;transporte;15235408;ARS
10;2024-05;76;salud;8843857;ARS
10;2024-05;74;educacion;10650472;ARS
10;2024-05;77;servicios;10497645;ARS
10;2024-05;75;recreacion;6357157;ARS
10;2024-05;79;vestimenta;5165606;ARS
10;2024-06;73;alimentos;34785914;ARS
10;2024-06;80;vivienda;39086788;ARS
10;2024-06;78;transporte;17473741;ARS
10;2024-06;76;salud;9168313;ARS
10;2024-06;74;educacion;12623956;ARS
10;2024-06;77;servicios;11877614;ARS
10;2024-06;75;recreacion;5509379;ARS
10;2024-06;79;vestimenta;5833859;ARS
10;2024-07;73;alimentos;46141178;ARS
10;2024-07;80;vivienda;43317822;ARS
10;2024-07;78;transporte;22729689;ARS
10;2024-07;76;salud;8983850;ARS
10;2024-07;74;educacion;11472532;ARS
10;2024-07;77;servicios;11404242;ARS
10;2024-07;75;recreacion;6445584;ARS
10;2024-07;79;vestimenta;6453171;ARS
10;2024-08;73;alimentos;36422011;ARS
10;2024-08;80;vivienda;40555431;ARS
10;2024-08;78;transporte;22865704;ARS
10;2024-08;76;salud;10218572;ARS
10;2024-08;74;educacion;14228755;ARS
10;2024-08;77;servicios;11495067;ARS
10;2024-08;75;recreacion;7142951;ARS
10;2024-08;79;vestimenta;4723603;ARS
10;2024-09;73;alimentos;42795735;ARS
10;2024-09;80;vivienda;44609679;ARS
10;2024-09;78;transporte;18428727;ARS
10;2024-09;76;salud;10765749;ARS
10;2024-09;74;educacion;17004199;ARS
10;2024-09;77;servicios;12185917;ARS
10;2024-09;75;recreacion;9540001;ARS
10;2024-09;79;vestimenta;4233897;ARS
10;2024-10;73;alimentos;46225153;ARS
10;2024-10;80;vivienda;46200842;ARS
10;2024-10;78;transporte;23189581;ARS
10;2024-10;76;salud;11408125;ARS
10;2024-10;74;educacion;13053648;ARS
10;2024-10;77;servicios;12926996;ARS
10;2024-10;75;recreacion;6757499;ARS
10;2024-10;79;vestimenta;6582774;ARS
10;2024-11;73;alimentos;46869977;ARS
10;2024-11;80;vivienda;48909112;ARS
10;2024-11;78;transporte;21339131;ARS
10;2024-11;76;salud;10976102;ARS
10;2024-11;74;educacion;15002782;ARS
10;2024-11;77;servicios;14780505;ARS
10;2024-11;75;recreacion;10704386;ARS
10;2024-11;79;vestimenta;4573483;ARS
10;2024-12;73;alimentos;43010970;ARS
10;2024-12;80;vivienda;48800764;ARS
10;2024-12;78;transporte;21416712;ARS
10;2024-12;76;salud;12281770;ARS
10;2024-12;74;educacion;14605254;ARS
10;2024-12;77;servicios;14558365;ARS
10;2024-12;75;recreacion;7814864;ARS
10;2024-12;79;vestimenta;5799278;ARS
10;2025-01;73;alimentos;54372310;ARS
10;2025-01;80;vivienda;51824353;ARS
10;2025-01;78;transporte;20300406;ARS
10;2025-01;76;salud;12009176;ARS
10;2025-01;74;educacion;17848783;ARS
10;2025-01;77;servicios;16911496;ARS
10;2025-01;75;recreacion;10510345;ARS
10;2025-01;79;vestimenta;7174454;ARS
10;2025-02;73;alimentos;50430355;ARS
10;2025-02;80;vivienda;56009978;ARS
10;2025-02;78;transporte;27436709;ARS
10;2025-02;76;salud;14276573;ARS
10;2025-02;74;educacion;18121133;ARS
10;2025-02;77;servicios;14453295;ARS
10;2025-02;75;recreacion;12063324;ARS
10;2025-02;79;vestimenta;7567922;ARS
10;2025-03;73;alimentos;63084862;ARS
10;2025-03;80;vivienda;56885313;ARS
10;2025-03;78;transporte;28889113;ARS
10;2025-03;76;salud;14215272;ARS
10;2025-03;74;educacion;18487163;ARS
10;2025-03;77;servicios;17081467;ARS
10;2025-03;75;recreacion;8949679;ARS
10;2025-03;79;vestimenta;8479979;ARS
10;2025-04;73;alimentos;50915156;ARS
10;2025-04;80;vivienda;58721427;ARS
10;2025-04;78;transporte;27066831;ARS
10;2025-04;76;salud;14733767;ARS
10;2025-04;74;educacion;18970433;ARS
10;2025-04;77;servicios;17311127;ARS
10;2025-04;75;recreacion;7590178;ARS
10;2025-04;79;vestimenta;9566210;ARS
10;2025-05;73;alimentos;62878579;ARS
10;2025-05;80;vivienda;62106821;ARS
10;2025-05;78;transporte;26179160;ARS
10;2025-05;76;salud;16030004;ARS
10;2025-05;74;educacion;19446637;ARS
10;2025-05;77;servicios;18780130;ARS
10;2025-05;75;recreacion;10249891;ARS
10;2025-05;79;vestimenta;5252579;ARS
10;2025-06;73;alimentos;63390052;ARS
10;2025-06;80;vivienda;66472948;ARS
10;2025-06;78;transporte;29598941;ARS
10;2025-06;76;salud;15420846;ARS
10;2025-06;74;educacion;22038521;ARS
10;2025-06;77;servicios;16367044;ARS
10;2025-06;75;recreacion;12601814;ARS
10;2025-06;79;vestimenta;9532470;ARS
10;2025-07;73;alimentos;64212569;ARS
10;2025-07;80;vivienda;68766265;ARS
10;2025-07;78;transporte;32734647;ARS
10;2025-07;76;salud;15177505;ARS
10;2025-07;74;educacion;22414585;ARS
10;2025-07;77;servicios;21117772;ARS
10;2025-07;75;recreacion;12939060;ARS
10;2025-07;79;vestimenta;8772152;ARS
10;2025-08;73;alimentos;60522007;ARS
10;2025-08;80;vivienda;67915916;ARS
10;2025-08;78;transporte;33830486;ARS
10;2025-08;76;salud;16989468;ARS
10;2025-08;74;educacion;21632732;ARS
10;2025-08;77;servicios;21331486;ARS
10;2025-08;75;recreacion;16311485;ARS
10;2025-08;79;vestimenta;9878544;ARS
10;2025-09;73;alimentos;63356826;ARS
10;2025-09;80;vivienda;74948161;ARS
10;2025-09;78;transporte;39279808;ARS
10;2025-09;76;salud;20039746;ARS
10;2025-09;74;educacion;20609169;ARS
10;2025-09;77;servicios;19906746;ARS
10;2025-09;75;recreacion;14907536;ARS
10;2025-09;79;vestimenta;9518418;ARS
10;2025-10;73;alimentos;61139828;ARS
10;2025-10;80;vivienda;78360603;ARS
10;2025-10;78;transporte;34183488;ARS
10;2025-10;76;salud;16895148;ARS
10;2025-10;74;educacion;24233468;ARS
10;2025-10;77;servicios;24041783;ARS
10;2025-10;75;recreacion;15087858;ARS
10;2025-10;79;vestimenta;8653831;ARS
10;2025-11;73;alimentos;73684922;ARS
10;2025-11;80;vivienda;81040249;ARS
10;2025-11;78;transporte;39445824;ARS
10;2025-11;76;salud;20169556;ARS
10;2025-11;74;educacion;24893203;ARS
10;2025-11;77;servicios;24318368;ARS
10;2025-11;75;recreacion;12945133;ARS
10;2025-11;79;vestimenta;11158719;ARS
10;2025-12;73;alimentos;64249550;ARS
10;2025-12;80;vivienda;78854702;ARS
10;2025-12;78;transporte;36428425;ARS
10;2025-12;76;salud;18785361;ARS
10;2025-12;74;educacion;26558606;ARS
10;2025-12;77;servicios;23617522;ARS
10;2025-12;75;recreacion;17948119;ARS
10;2025-12;79;vestimenta;8495193;ARS
11;2023-01;81;alimentos;27972904;ARS
11;2023-01;88;vivienda;47911179;ARS
11;2023-01;86;transporte;11151979;ARS
11;2023-01;84;salud;10735820;ARS
11;2023-01;82;educacion;13118857;ARS
11;2023-01;85;servicios;17047106;ARS
11;2023-01;83;recreacion;8437371;ARS
11;2023-01;87;vestimenta;3373351;ARS
11;2023-02;81;alimentos;32797098;ARS
11;2023-02;88;vivienda;51138915;ARS
11;2023-02;86;transporte;12677008;ARS
11;2023-02;84;salud;10064892;ARS
11;2023-02;82;educacion;15198419;ARS
11;2023-02;85;servicios;18216126;ARS
11;2023-02;83;recreacion;9842087;ARS
11;2023-02;87;vestimenta;2492190;ARS
11;2023-03;81;alimentos;36595006;ARS
11;2023-03;88;vivienda;53762767;ARS
11;2023-03;86;transporte;13062844;ARS
11;2023-03;84;salud;11345610;ARS
11;2023-03;82;educacion;14827755;ARS
11;2023-03;85;servicios;17241567;ARS
11;2023-03;83;recreacion;9856194;ARS
11;2023-03;87;vestimenta;2756512;ARS
11;2023-04;81;alimentos;30930813;ARS
11;2023-04;88;vivienda;53640572;ARS
11;2023-04;86;transporte;12287766;ARS
11;2023-04;84;salud;13219973;ARS
11;2023-04;82;educacion;14832668;ARS
11;2023-04;85;servicios;15830823;ARS
11;2023-04;83;recreacion;8097938;ARS
11;2023-04;87;vestimenta;3584793;ARS
11;2023-05;81;alimentos;39802098;ARS
11;2023-05;88;vivienda;59554520;ARS
11;2023-05;86;transporte;12436683;ARS
11;2023-05;84;salud;12482189;ARS
11;2023-05;82;educacion;15529100;ARS
11;2023-05;85;servicios;16147224;ARS
11;2023-05;83;recreacion;11823154;ARS
11;2023-05;87;vestimenta;3876040;ARS
11;2023-06;81;alimentos;42548492;ARS
11;2023-06;88;vivienda;65783968;ARS
11;2023-06;86;transporte;17647233;ARS
11;2023-06;84;salud;13274720;ARS
11;2023-06;82;educacion;15554146;ARS
11;2023-06;85;servicios;20522113;ARS
11;2023-06;83;recreacion;15095603;ARS
11;2023-06;87;vestimenta;4673387;ARS
11;2023-07;81;alimentos;41183998;ARS
11;2023-07;88;vivienda;66106148;ARS
11;2023-07;86;transporte;16925876;ARS
11;2023-07;84;salud;13151457;ARS
11;2023-07;82;educacion;15890373;ARS
11;2023-07;85;servicios;21128617;ARS
11;2023-07;83;recreacion;14798968;ARS
11;2023-07;87;vestimenta;4306923;ARS
11;2023-08;81;alimentos;55733863;ARS
11;2023-08;88;vivienda;65852431;ARS
11;2023-08;86;transporte;18922743;ARS
11;2023-08;84;salud;15107415;ARS
11;2023-08;82;educacion;16637332;ARS
11;2023-08;85;servicios;26121860;ARS
11;2023-08;83;recreacion;13340914;ARS
11;2023-08;87;vestimenta;2595441;ARS
11;2023-09;81;alimentos;47282871;ARS
11;2023-09;88;vivienda;69798438;ARS
11;2023-09;86;transporte;16509188;ARS
11;2023-09;84;salud;12535090;ARS
11;2023-09;82;educacion;19583434;ARS
11;2023-09;85;servicios;23416284;ARS
11;2023-09;83;recreacion;9742547;ARS
11;2023-09;87;vestimenta;5688321;ARS
11;2023-10;81;alimentos;38032730;ARS
11;2023-10;88;vivienda;77397915;ARS
11;2023-10;86;transporte;19963286;ARS
11;2023-10;84;salud;16966115;ARS
11;2023-10;82;educacion;20240380;ARS
11;2023-10;85;servicios;25548307;ARS
11;2023-10;83;recreacion;12406006;ARS
11;2023-10;87;vestimenta;4839214;ARS
11;2023-11;81;alimentos;42056818;ARS
11;2023-11;88;vivienda;76360382;ARS
11;2023-11;86;transporte;19238768;ARS
11;2023-11;84;salud;17614012;ARS
11;2023-11;82;educacion;21938554;ARS
11;2023-11;85;servicios;26137970;ARS
11;2023-11;83;recreacion;15698174;ARS
11;2023-11;87;vestimenta;4903042;ARS
11;2023-12;81;alimentos;46266176;ARS
11;2023-12;88;vivienda;82850301;ARS
11;2023-12;86;transporte;23182970;ARS
11;2023-12;84;salud;13685486;ARS
11;2023-12;82;educacion;20711360;ARS
11;2023-12;85;servicios;24503806;ARS
11;2023-12;83;recreacion;19194431;ARS
11;2023-12;87;vestimenta;4806305;ARS
11;2024-01;81;alimentos;54756583;ARS
11;2024-01;88;vivienda;84576047;ARS
11;2024-01;86;transporte;25032813;ARS
11;2024-01;84;salud;16936475;ARS
11;2024-01;82;educacion;23705211;ARS
11;2024-01;85;servicios;28080488;ARS
11;2024-01;83;recreacion;17479485;ARS
11;2024-01;87;vestimenta;6011392;ARS
11;2024-02;81;alimentos;61753584;ARS
11;2024-02;88;vivienda;88148373;ARS
11;2024-02;86;transporte;23388746;ARS
11;2024-02;84;salud;17225413;ARS
11;2024-02;82;educacion;27429255;ARS
11;2024-02;85;servicios;32499850;ARS
11;2024-02;83;recreacion;17305760;ARS
11;2024-02;87;vestimenta;4527882;ARS
11;2024-03;81;alimentos;58403749;ARS
11;2024-03;88;vivienda;99791326;ARS
11;2024-03;86;transporte;24250605;ARS
11;2024-03;84;salud;18037441;ARS
11;2024-03;82;educacion;24645532;ARS
11;2024-03;85;servicios;32491728;ARS
11;2024-03;83;recreacion;17122743;ARS
11;2024-03;87;vestimenta;5698528;ARS
11;2024-04;81;alimentos;58721581;ARS
11;2024-04;88;vivienda;95957602;ARS
11;2024-04;86;transporte;24512502;ARS
11;2024-04;84;salud;18409923;ARS
11;2024-04;82;educacion;24208895;ARS
11;2024-04;85;servicios;28595609;ARS
11;2024-04;83;recreacion;17614899;ARS
11;2024-04;87;vestimenta;6928868;ARS
11;2024-05;81;alimentos;63780656;ARS
11;2024-05;88;vivienda;99365662;ARS
11;2024-05;86;transporte;22142003;ARS
11;2024-05;84;salud;17949460;ARS
11;2024-05;82;educacion;24795599;ARS
11;2024-05;85;servicios;32843849;ARS
11;2024-05;83;recreacion;18161807;ARS
11;2024-05;87;vestimenta;7498154;ARS
11;2024-06;81;alimentos;55794881;ARS
11;2024-06;88;vivienda;103025229;ARS
11;2024-06;86;transporte;24178384;ARS
11;2024-06;84;salud;23285824;ARS
11;2024-06;82;educacion;30065499;ARS
11;2024-06;85;servicios;39708615;ARS
11;2024-06;83;recreacion;20479916;ARS
11;2024-06;87;vestimenta;7150913;ARS
11;2024-07;81;alimentos;72156385;ARS
11;2024-07;88;vivienda;113728240;ARS
11;2024-07;86;transporte;26882423;ARS
11;2024-07;84;salud;22041788;ARS
11;2024-07;82;educacion;28176246;ARS
11;2024-07;85;servicios;35226536;ARS
11;2024-07;83;recreacion;18359618;ARS
11;2024-07;87;vestimenta;6688898;ARS
11;2024-08;81;alimentos;80565148;ARS
11;2024-08;88;vivienda;112494522;ARS
11;2024-08;86;transporte;27088540;ARS
11;2024-08;84;salud;24298332;ARS
11;2024-08;82;educacion;27711627;ARS
11;2024-08;85;servicios;35454295;ARS
11;2024-08;83;recreacion;19388913;ARS
11;2024-08;87;vestimenta;6852533;ARS
11;2024-09;81;alimentos;62292295;ARS
11;2024-09;88;vivienda;120618461;ARS
11;2024-09;86;transporte;26066327;ARS
11;2024-09;84;salud;26892649;ARS
11;2024-09;82;educacion;35153587;ARS
11;2024-09;85;servicios;38193288;ARS
11;2024-09;83;recreacion;18297537;ARS
11;2024-09;87;vestimenta;9217619;ARS
11;2024-10;81;alimentos;79307949;ARS
11;2024-10;88;vivienda;129173281;ARS
11;2024-10;86;transporte;32160724;ARS
11;2024-10;84;salud;28073949;ARS
11;2024-10;82;educacion;33641652;ARS
11;2024-10;85;servicios;40459011;ARS
11;2024-10;83;recreacion;28675778;ARS
11;2024-10;87;vestimenta;9990891;ARS
11;2024-11;81;alimentos;88376712;ARS
11;2024-11;88;vivienda;131345089;ARS
11;2024-11;86;transporte;30133692;ARS
11;2024-11;84;salud;27100422;ARS
11;2024-11;82;educacion;31768944;ARS
11;2024-11;85;servicios;43981707;ARS
11;2024-11;83;recreacion;33960568;ARS
11;2024-11;87;vestimenta;9743920;ARS
11;2024-12;81;alimentos;94937083;ARS
11;2024-12;88;vivienda;146016878;ARS
11;2024-12;86;transporte;27287641;ARS
11;2024-12;84;salud;26251111;ARS
11;2024-12;82;educacion;36420558;ARS
11;2024-12;85;servicios;47458407;ARS
11;2024-12;83;recreacion;29678337;ARS
11;2024-12;87;vestimenta;8035400;ARS
11;2025-01;81;alimentos;118967977;ARS
11;2025-01;88;vivienda;149329662;ARS
11;2025-01;86;transporte;37067886;ARS
11;2025-01;84;salud;23694498;ARS
11;2025-01;82;educacion;37995519;ARS
11;2025-01;85;servicios;49200049;ARS
11;2025-01;83;recreacion;25556427;ARS
11;2025-01;87;vestimenta;8927641;ARS
11;2025-02;81;alimentos;94435667;ARS
11;2025-02;88;vivienda;146374120;ARS
11;2025-02;86;transporte;30894918;ARS
11;2025-02;84;salud;36554132;ARS
11;2025-02;82;educacion;41621140;ARS
11;2025-02;85;servicios;44454903;ARS
11;2025-02;83;recreacion;18394272;ARS
11;2025-02;87;vestimenta;11567589;ARS
11;2025-03;81;alimentos;89510511;ARS
11;2025-03;88;vivienda;150194422;ARS
11;2025-03;86;transporte;41469284;ARS
11;2025-03;84;salud;30271350;ARS
11;2025-03;82;educacion;44210070;ARS
11;2025-03;85;servicios;51084476;ARS
11;2025-03;83;recreacion;31337458;ARS
11;2025-03;87;vestimenta;10568173;ARS
11;2025-04;81;alimentos;91563504;ARS
11;2025-04;88;vivienda;164368912;ARS
11;2025-04;86;transporte;35543103;ARS
11;2025-04;84;salud;32581715;ARS
11;2025-04;82;educacion;45752089;ARS
11;2025-04;85;servicios;54914180;ARS
11;2025-04;83;recreacion;28320728;ARS
11;2025-04;87;vestimenta;11665511;ARS
11;2025-05;81;alimentos;118670994;ARS
11;2025-05;88;vivienda;172479999;ARS
11;2025-05;86;transporte;35335789;ARS
11;2025-05;84;salud;38203081;ARS
11;2025-05;82;educacion;44289428;ARS
11;2025-05;85;servicios;52955224;ARS
11;2025-05;83;recreacion;35433289;ARS
11;2025-05;87;vestimenta;10280300;ARS
11;2025-06;81;alimentos;113661551;ARS
11;2025-06;88;vivienda;172403950;ARS
11;2025-06;86;transporte;47300247;ARS
11;2025-06;84;salud;37628282;ARS
11;2025-06;82;educacion;47239298;ARS
11;2025-06;85;servicios;58635346;ARS
11;2025-06;83;recreacion;36164460;ARS
11;2025-06;87;vestimenta;10237048;ARS
11;2025-07;81;alimentos;146502961;ARS
11;2025-07;88;vivienda;187464836;ARS
11;2025-07;86;transporte;50719268;ARS
11;2025-07;84;salud;40011276;ARS
11;2025-07;82;educacion;49489061;ARS
11;2025-07;85;servicios;71335323;ARS
11;2025-07;83;recreacion;34270336;ARS
11;2025-07;87;vestimenta;11097579;ARS
11;2025-08;81;alimentos;147691415;ARS
11;2025-08;88;vivienda;194879066;ARS
11;2025-08;86;transporte;48615111;ARS
11;2025-08;84;salud;45923684;ARS
11;2025-08;82;educacion;51629959;ARS
11;2025-08;85;servicios;62818237;ARS
11;2025-08;83;recreacion;34666672;ARS
11;2025-08;87;vestimenta;9250819;ARS
11;2025-09;81;alimentos;126795005;ARS
11;2025-09;88;vivienda;203358078;ARS
11;2025-09;86;transporte;52844194;ARS
11;2025-09;84;salud;43883720;ARS
11;2025-09;82;educacion;47365946;ARS
11;2025-09;85;servicios;59460791;ARS
11;2025-09;83;recreacion;49281848;ARS
11;2025-09;87;vestimenta;14994192;ARS
11;2025-10;81;alimentos;160853238;ARS
11;2025-10;88;vivienda;211162606;ARS
11;2025-10;86;transporte;57697419;ARS
11;2025-10;84;salud;48986649;ARS
11;2025-10;82;educacion;43956342;ARS
11;2025-10;85;servicios;62521724;ARS
11;2025-10;83;recreacion;44551366;ARS
11;2025-10;87;vestimenta;15359645;ARS
11;2025-11;81;alimentos;128728184;ARS
11;2025-11;88;vivienda;219204953;ARS
11;2025-11;86;transporte;64031906;ARS
11;2025-11;84;salud;42674252;ARS
11;2025-11;82;educacion;58067281;ARS
11;2025-11;85;servicios;65873860;ARS
11;2025-11;83;recreacion;50214503;ARS
11;2025-11;87;vestimenta;16491604;ARS
11;2025-12;81;alimentos;132724523;ARS
11;2025-12;88;vivienda;238417508;ARS
11;2025-12;86;transporte;66349153;ARS
11;2025-12;84;salud;47548756;ARS
11;2025-12;82;educacion;59959926;ARS
11;2025-12;85;servicios;72591266;ARS
11;2025-12;83;recreacion;48657870;ARS
11;2025-12;87;vestimenta;15208795;ARS
12;2023-01;89;alimentos;25426971;ARS
12;2023-01;96;vivienda;17226495;ARS
12;2023-01;94;transporte;8655890;ARS
12;2023-01;92;salud;7083470;ARS
12;2023-01;90;educacion;5823561;ARS
12;2023-01;93;servicios;5667356;ARS
12;2023-01;91;recreacion;5684950;ARS
12;2023-01;95;vestimenta;3192021;ARS
12;2023-02;89;alimentos;28971481;ARS
12;2023-02;96;vivienda;19557605;ARS
12;2023-02;94;transporte;9153224;ARS
12;2023-02;92;salud;9214983;ARS
12;2023-02;90;educacion;7786584;ARS
12;2023-02;93;servicios;5948443;ARS
12;2023-02;91;recreacion;5614989;ARS
12;2023-02;95;vestimenta;3618449;ARS
12;2023-03;89;alimentos;28523918;ARS
12;2023-03;96;vivienda;20761274;ARS
12;2023-03;94;transporte;8206445;ARS
12;2023-03;92;salud;9074068;ARS
12;2023-03;90;educacion;8956863;ARS
12;2023-03;93;servicios;6338948;ARS
12;2023-03;91;recreacion;4152810;ARS
12;2023-03;95;vestimenta;3299326;ARS
12;2023-04;89;alimentos;42947403;ARS
12;2023-04;96;vivienda;21005455;ARS
12;2023-04;94;transporte;10218148;ARS
12;2023-04;92;salud;9836129;ARS
12;2023-04;90;educacion;7219652;ARS
12;2023-04;93;servicios;6198299;ARS
12;2023-04;91;recreacion;5246495;ARS
12;2023-04;95;vestimenta;3153790;ARS
12;2023-05;89;alimentos;29612505;ARS
12;2023-05;96;vivienda;22513880;ARS
12;2023-05;94;transporte;10196967;ARS
12;2023-05;92;salud;9010887;ARS
12;2023-05;90;educacion;7906353;ARS
12;2023-05;93;servicios;6445391;ARS
12;2023-05;91;recreacion;5255878;ARS
12;2023-05;95;vestimenta;3173605;ARS
12;2023-06;89;alimentos;43179691;ARS
12;2023-06;96;vivienda;22316345;ARS
12;2023-06;94;transporte;8487783;ARS
12;2023-06;92;salud;9888982;ARS
12;2023-06;90;educacion;8011655;ARS
12;2023-06;93;servicios;5842143;ARS
12;2023-06;91;recreacion;4714864;ARS
12;2023-06;95;vestimenta;3696724;ARS
12;2023-07;89;alimentos;33596026;ARS
12;2023-07;96;vivienda;23595851;ARS
12;2023-07;94;transporte;10113472;ARS
12;2023-07;92;salud;10255574;ARS
12;2023-07;90;educacion;8421139;ARS
12;2023-07;93;servicios;6877394;ARS
12;2023-07;91;recreacion;5373823;ARS
12;2023-07;95;vestimenta;3280285;ARS
12;2023-08;89;alimentos;33169389;ARS
12;2023-08;96;vivienda;25160846;ARS
12;2023-08;94;transporte;10454748;ARS
12;2023-08;92;salud;11055636;ARS
12;2023-08;90;educacion;10725668;ARS
12;2023-08;93;servicios;7992142;ARS
12;2023-08;91;recreacion;6054673;ARS
12;2023-08;95;vestimenta;2978645;ARS
12;2023-09;89;alimentos;43340534;ARS
12;2023-09;96;vivienda;27111884;ARS
12;2023-09;94;transporte;13287888;ARS
12;2023-09;92;salud;11778744;ARS
12;2023-09;90;educacion;9157850;ARS
12;2023-09;93;servicios;7607775;ARS
12;2023-09;91;recreacion;6478853;ARS
12;2023-09;95;vestimenta;2983800;ARS
12;2023-10;89;alimentos;45101352;ARS
12;2023-10;96;vivienda;26912342;ARS
12;2023-10;94;transporte;11289459;ARS
12;2023-10;92;salud;12855343;ARS
12;2023-10;90;educacion;8853656;ARS
12;2023-10;93;servicios;8576639;ARS
12;2023-10;91;recreacion;7132810;ARS
12;2023-10;95;vestimenta;5093512;ARS
12;2023-11;89;alimentos;39473416;ARS
12;2023-11;96;vivienda;27965921;ARS
12;2023-11;94;transporte;14777019;ARS
12;2023-11;92;salud;12130500;ARS
12;2023-11;90;educacion;8709254;ARS
12;2023-11;93;servicios;7943402;ARS
12;2023-11;91;recreacion;7132979;ARS
12;2023-11;95;vestimenta;5500187;ARS
12;2023-12;89;alimentos;48317010;ARS
12;2023-12;96;vivienda;30156075;ARS
12;2023-12;94;transporte;12142984;ARS
12;2023-12;92;salud;13365779;ARS
12;2023-12;90;educacion;10448275;ARS
12;2023-12;93;servicios;9474136;ARS
12;2023-12;91;recreacion;6895481;ARS
12;2023-12;95;vestimenta;4862041;ARS
12;2024-01;89;alimentos;49144982;ARS
12;2024-01;96;vivienda;30417195;ARS
12;2024-01;94;transporte;13983374;ARS
12;2024-01;92;salud;14715935;ARS
12;2024-01;90;educacion;11609230;ARS
12;2024-01;93;servicios;9573956;ARS
12;2024-01;91;recreacion;7551561;ARS
12;2024-01;95;vestimenta;3953474;ARS
12;2024-02;89;alimentos;52977457;ARS
12;2024-02;96;vivienda;33903426;ARS
12;2024-02;94;transporte;14800906;ARS
12;2024-02;92;salud;13991859;ARS
12;2024-02;90;educacion;13396635;ARS
12;2024-02;93;servicios;10178908;ARS
12;2024-02;91;recreacion;6916709;ARS
12;2024-02;95;vestimenta;4679849;ARS
12;2024-03;89;alimentos;56210630;ARS
12;2024-03;96;vivienda;35003237;ARS
12;2024-03;94;transporte;14487611;ARS
12;2024-03;92;salud;12487104;ARS
12;2024-03;90;educacion;14714457;ARS
12;2024-03;93;servicios;11048605;ARS
12;2024-03;91;recreacion;7937433;ARS
12;2024-03;95;vestimenta;6077402;ARS
12;2024-04;89;alimentos;51936847;ARS
12;2024-04;96;vivienda;37845477;ARS
12;2024-04;94;transporte;17623488;ARS
12;2024-04;92;salud;12641049;ARS
12;2024-04;90;educacion;13821130;ARS
12;2024-04;93;servicios;11263629;ARS
12;2024-04;91;recreacion;6943557;ARS
12;2024-04;95;vestimenta;4023260;ARS
12;2024-05;89;alimentos;57205976;ARS
12;2024-05;96;vivienda;38731427;ARS
12;2024-05;94;transporte;13959743;ARS
12;2024-05;92;salud;15492851;ARS
12;2024-05;90;educacion;11679499;ARS
12;2024-05;93;servicios;12170246;ARS
12;2024-05;91;recreacion;10116405;ARS
12;2024-05;95;vestimenta;5638041;ARS
12;2024-06;89;alimentos;68202553;ARS
12;2024-06;96;vivienda;40493246;ARS
12;2024-06;94;transporte;19958548;ARS
12;2024-06;92;salud;15037563;ARS
12;2024-06;90;educacion;13901812;ARS
12;2024-06;93;servicios;11077614;ARS
12;2024-06;91;recreacion;10049968;ARS
12;2024-06;95;vestimenta;5832203;ARS
12;2024-07;89;alimentos;77052240;ARS
12;2024-07;96;vivienda;40749630;ARS
12;2024-07;94;transporte;19306967;ARS
12;2024-07;92;salud;17518360;ARS
12;2024-07;90;educacion;14041677;ARS
12;2024-07;93;servicios;9816529;ARS
12;2024-07;91;recreacion;9649901;ARS
12;2024-07;95;vestimenta;4811734;ARS
12;2024-08;89;alimentos;65488909;ARS
12;2024-08;96;vivienda;45703178;ARS
12;2024-08;94;transporte;18446606;ARS
12;2024-08;92;salud;18062366;ARS
12;2024-08;90;educacion;15883411;ARS
12;2024-08;93;servicios;11452135;ARS
12;2024-08;91;recreacion;7732875;ARS
12;2024-08;95;vestimenta;7290865;ARS
12;2024-09;89;alimentos;87922315;ARS
12;2024-09;96;vivienda;45881938;ARS
12;2024-09;94;transporte;20699896;ARS
12;2024-09;92;salud;18859944;ARS
12;2024-09;90;educacion;17679208;ARS
12;2024-09;93;servicios;12503487;ARS
12;2024-09;91;recreacion;10558176;ARS
12;2024-09;95;vestimenta;6594438;ARS
12;2024-10;89;alimentos;73206441;ARS
12;2024-10;96;vivienda;45980984;ARS
12;2024-10;94;transporte;22716626;ARS
12;2024-10;92;salud;19460677;ARS
12;2024-10;90;educacion;16202273;ARS
12;2024-10;93;servicios;15151225;ARS
12;2024-10;91;recreacion;11388997;ARS
12;2024-10;95;vestimenta;5723627;ARS
12;2024-11;89;alimentos;88773022;ARS
12;2024-11;96;vivienda;48419379;ARS
12;2024-11;94;transporte;21341995;ARS
12;2024-11;92;salud;18053846;ARS
12;2024-11;90;educacion;17862113;ARS
12;2024-11;93;servicios;16455936;ARS
12;2024-11;91;recreacion;13228631;ARS
12;2024-11;95;vestimenta;7138339;ARS
12;2024-12;89;alimentos;99480007;ARS
12;2024-12;96;vivienda;51206649;ARS
12;2024-12;94;transporte;20642714;ARS
12;2024-12;92;salud;17280425;ARS
12;2024-12;90;educacion;18073797;ARS
12;2024-12;93;servicios;14781501;ARS
12;2024-12;91;recreacion;16775584;ARS
12;2024-12;95;vestimenta;6349866;ARS
12;2025-01;89;alimentos;75486874;ARS
12;2025-01;96;vivienda;53371047;ARS
12;2025-01;94;transporte;23230964;ARS
12;2025-01;92;salud;22206983;ARS
12;2025-01;90;educacion;18287602;ARS
12;2025-01;93;servicios;16030484;ARS
12;2025-01;91;recreacion;13146091;ARS
12;2025-01;95;vestimenta;7612031;ARS
12;2025-02;89;alimentos;83726988;ARS
12;2025-02;96;vivienda;56152957;ARS
12;2025-02;94;transporte;28174563;ARS
12;2025-02;92;salud;22906621;ARS
12;2025-02;90;educacion;21145160;ARS
12;2025-02;93;servicios;15502333;ARS
12;2025-02;91;recreacion;12724620;ARS
12;2025-02;95;vestimenta;6445300;ARS
12;2025-03;89;alimentos;93867060;ARS
12;2025-03;96;vivienda;56753374;ARS
12;2025-03;94;transporte;22305693;ARS
12;2025-03;92;salud;24518177;ARS
12;2025-03;90;educacion;21480390;ARS
12;2025-03;93;servicios;17582278;ARS
12;2025-03;91;recreacion;18269454;ARS
12;2025-03;95;vestimenta;8571974;ARS
12;2025-04;89;alimentos;92708098;ARS
12;2025-04;96;vivienda;64739960;ARS
12;2025-04;94;transporte;20648180;ARS
12;2025-04;92;salud;23010772;ARS
12;2025-04;90;educacion;22517850;ARS
12;2025-04;93;servicios;19660310;ARS
12;2025-04;91;recreacion;12238423;ARS
12;2025-04;95;vestimenta;8803496;ARS
12;2025-05;89;alimentos;91407043;ARS
12;2025-05;96;vivienda;65460070;ARS
12;2025-05;94;transporte;29322135;ARS
12;2025-05;92;salud;24831317;ARS
12;2025-05;90;educacion;21568415;ARS
12;2025-05;93;servicios;21512543;ARS
12;2025-05;91;recreacion;17144071;ARS
12;2025-05;95;vestimenta;10321364;ARS
12;2025-06;89;alimentos;115953718;ARS
12;2025-06;96;vivienda;65366786;ARS
12;2025-06;94;transporte;29311371;ARS
12;2025-06;92;salud;28990024;ARS
12;2025-06;90;educacion;24463703;ARS
12;2025-06;93;servicios;22657898;ARS
12;2025-06;91;recreacion;13806990;ARS
12;2025-06;95;vestimenta;5451438;ARS
12;2025-07;89;alimentos;120226863;ARS
12;2025-07;96;vivienda;70421782;ARS
12;2025-07;94;transporte;31497469;ARS
12;2025-07;92;salud;33284847;ARS
12;2025-07;90;educacion;25561840;ARS
12;2025-07;93;servicios;21629180;ARS
12;2025-07;91;recreacion;16936795;ARS
12;2025-07;95;vestimenta;9249741;ARS
12;2025-08;89;alimentos;122490610;ARS
12;2025-08;96;vivienda;73091112;ARS
12;2025-08;94;transporte;29201694;ARS
12;2025-08;92;salud;27060860;ARS
12;2025-08;90;educacion;27629509;ARS
12;2025-08;93;servicios;20453093;ARS
12;2025-08;91;recreacion;15117487;ARS
12;2025-08;95;vestimenta;8840700;ARS
12;2025-09;89;alimentos;119043628;ARS
12;2025-09;96;vivienda;78485364;ARS
12;2025-09;94;transporte;36079669;ARS
12;2025-09;92;salud;28901712;ARS
12;2025-09;90;educacion;28512366;ARS
12;2025-09;93;servicios;25063734;ARS
12;2025-09;91;recreacion;15854345;ARS
12;2025-09;95;vestimenta;11105417;ARS
12;2025-10;89;alimentos;148992363;ARS
12;2025-10;96;vivienda;78084897;ARS
12;2025-10;94;transporte;31199957;ARS
12;2025-10;92;salud;33309863;ARS
12;2025-10;90;educacion;28614416;ARS
12;2025-10;93;servicios;21859217;ARS
12;2025-10;91;recreacion;17728019;ARS
12;2025-10;95;vestimenta;13081301;ARS
12;2025-11;89;alimentos;124209906;ARS
12;2025-11;96;vivienda;75972855;ARS
12;2025-11;94;transporte;29738269;ARS
12;2025-11;92;salud;37276125;ARS
12;2025-11;90;educacion;29169770;ARS
12;2025-11;93;servicios;27531910;ARS
12;2025-11;91;recreacion;20483716;ARS
12;2025-11;95;vestimenta;12484083;ARS
12;2025-12;89;alimentos;141172471;ARS
12;2025-12;96;vivienda;88766630;ARS
12;2025-12;94;transporte;37629126;ARS
12;2025-12;92;salud;38126511;ARS
12;2025-12;90;educacion;31028754;ARS
12;2025-12;93;servicios;25478995;ARS
12;2025-12;91;recreacion;21737822;ARS
12;2025-12;95;vestimenta;14169900;ARS
13;2023-01;97;alimentos;48107952;ARS
13;2023-01;104;vivienda;30585937;ARS
13;2023-01;102;transporte;15252064;ARS
13;2023-01;100;salud;7066902;ARS
13;2023-01;98;educacion;11144637;ARS
13;2023-01;101;servicios;13623570;ARS
13;2023-01;99;recreacion;6165840;ARS
13;2023-01;103;vestimenta;4917089;ARS
13;2023-02;97;alimentos;47365652;ARS
13;2023-02;104;vivienda;30712239;ARS
13;2023-02;102;transporte;16070378;ARS
13;2023-02;100;salud;9331469;ARS
13;2023-02;98;educacion;13080140;ARS
13;2023-02;101;servicios;12123436;ARS
13;2023-02;99;recreacion;7320118;ARS
13;2023-02;103;vestimenta;4480071;ARS
13;2023-03;97;alimentos;45865101;ARS
13;2023-03;104;vivienda;31227142;ARS
13;2023-03;102;transporte;16116867;ARS
13;2023-03;100;salud;9125848;ARS
13;2023-03;98;educacion;15923375;ARS
13;2023-03;101;servicios;14879002;ARS
13;2023-03;99;recreacion;7416850;ARS
13;2023-03;103;vestimenta;3965136;ARS
13;2023-04;97;alimentos;48172066;ARS
13;2023-04;104;vivienda;34748078;ARS
13;2023-04;102;transporte;17542240;ARS
13;2023-04;100;salud;9577917;ARS
13;2023-04;98;educacion;12340347;ARS
13;2023-04;101;servicios;14142080;ARS
13;2023-04;99;recreacion;7737547;ARS
13;2023-04;103;vestimenta;6463074;ARS
13;2023-05;97;alimentos;63532826;ARS
13;2023-05;104;vivienda;34817362;ARS
13;2023-05;102;transporte;18102091;ARS
13;2023-05;100;salud;10066651;ARS
13;2023-05;98;educacion;14289187;ARS
13;2023-05;101;servicios;15381178;ARS
13;2023-05;99;recreacion;9023380;ARS
13;2023-05;103;vestimenta;5862950;ARS
13;2023-06;97;alimentos;60423257;ARS
13;2023-06;104;vivienda;36278221;ARS
13;2023-06;102;transporte;14287240;ARS
13;2023-06;100;salud;8714520;ARS
13;2023-06;98;educacion;13317716;ARS
13;2023-06;101;servicios;17258178;ARS
13;2023-06;99;recreacion;6323146;ARS
13;2023-06;103;vestimenta;4909985;ARS
13;2023-07;97;alimentos;37118877;ARS
13;2023-07;104;vivienda;38814878;ARS
13;2023-07;102;transporte;17264961;ARS
13;2023-07;100;salud;10636584;ARS
13;2023-07;98;educacion;12884884;ARS
13;2023-07;101;servicios;17439227;ARS
13;2023-07;99;recreacion;7434652;ARS
13;2023-07;103;vestimenta;3592580;ARS
13;2023-08;97;alimentos;61597266;ARS
13;2023-08;104;vivienda;40610816;ARS
13;2023-08;102;transporte;23736822;ARS
13;2023-08;100;salud;11678968;ARS
13;2023-08;98;educacion;15213399;ARS
13;2023-08;101;servicios;16296531;ARS
13;2023-08;99;recreacion;9028883;ARS
13;2023-08;103;vestimenta;7005134;ARS
13;2023-09;97;alimentos;75806990;ARS
13;2023-09;104;vivienda;42073201;ARS
13;2023-09;102;transporte;22069950;ARS
13;2023-09;100;salud;10326957;ARS
13;2023-09;98;educacion;17426648;ARS
13;2023-09;101;servicios;16179319;ARS
13;2023-09;99;recreacion;9497828;ARS
13;2023-09;103;vestimenta;5772821;ARS
13;2023-10;97;alimentos;73988388;ARS
13;2023-10;104;vivienda;42280773;ARS
13;2023-10;102;transporte;21934626;ARS
13;2023-10;100;salud;12361785;ARS
13;2023-10;98;educacion;15555262;ARS
13;2023-10;101;servicios;20329256;ARS
13;2023-10;99;recreacion;8739347;ARS
13;2023-10;103;vestimenta;4716735;ARS
13;2023-11;97;alimentos;74628387;ARS
13;2023-11;104;vivienda;46408026;ARS
13;2023-11;102;transporte;24644930;ARS
13;2023-11;100;salud;13864972;ARS
13;2023-11;98;educacion;16777136;ARS
13;2023-11;101;servicios;18643007;ARS
13;2023-11;99;recreacion;11931689;ARS
13;2023-11;103;vestimenta;6231567;ARS
13;2023-12;97;alimentos;61663449;ARS
13;2023-12;104;vivienda;48608916;ARS
13;2023-12;102;transporte;27891250;ARS
13;2023-12;100;salud;14441444;ARS
13;2023-12;98;educacion;15233629;ARS
13;2023-12;101;servicios;22710583;ARS
13;2023-12;99;recreacion;10894275;ARS
13;2023-12;103;vestimenta;6263072;ARS
13;2024-01;97;alimentos;78777623;ARS
13;2024-01;104;vivienda;48164732;ARS
13;2024-01;102;transporte;22811347;ARS
13;2024-01;100;salud;13157514;ARS
13;2024-01;98;educacion;16603758;ARS
13;2024-01;101;servicios;19512886;ARS
13;2024-01;99;recreacion;15570571;ARS
13;2024-01;103;vestimenta;7339465;ARS
13;2024-02;97;alimentos;87178037;ARS
13;2024-02;104;vivienda;54930461;ARS
13;2024-02;102;transporte;30873295;ARS
13;2024-02;100;salud;13868585;ARS
13;2024-02;98;educacion;21610660;ARS
13;2024-02;101;servicios;21913683;ARS
13;2024-02;99;recreacion;11893832;ARS
13;2024-02;103;vestimenta;10786572;ARS
13;2024-03;97;alimentos;98556021;ARS
13;2024-03;104;vivienda;54436998;ARS
13;2024-03;102;transporte;29712978;ARS
13;2024-03;100;salud;15173168;ARS
13;2024-03;98;educacion;21888106;ARS
13;2024-03;101;servicios;23887383;ARS
13;2024-03;99;recreacion;14288509;ARS
13;2024-03;103;vestimenta;6118193;ARS
13;2024-04;97;alimentos;76064383;ARS
13;2024-04;104;vivienda;56864147;ARS
13;2024-04;102;transporte;30609543;ARS
13;2024-04;100;salud;15757983;ARS
13;2024-04;98;educacion;23928483;ARS
13;2024-04;101;servicios;27417772;ARS
13;2024-04;99;recreacion;15624170;ARS
13;2024-04;103;vestimenta;9557271;ARS
13;2024-05;97;alimentos;86180829;ARS
13;2024-05;104;vivienda;59189671;ARS
13;2024-05;102;transporte;32107868;ARS
13;2024-05;100;salud;16990552;ARS
13;2024-05;98;educacion;23621876;ARS
13;2024-05;101;servicios;34266079;ARS
13;2024-05;99;recreacion;12423509;ARS
13;2024-05;103;vestimenta;8626619;ARS
13;2024-06;97;alimentos;99673782;ARS
13;2024-06;104;vivienda;62844194;ARS
13;2024-06;102;transporte;39364635;ARS
13;2024-06;100;salud;17797356;ARS
13;2024-06;98;educacion;22787488;ARS
13;2024-06;101;servicios;25485708;ARS
13;2024-06;99;recreacion;9298636;ARS
13;2024-06;103;vestimenta;7816029;ARS
13;2024-07;97;alimentos;128706746;ARS
13;2024-07;104;vivienda;66157464;ARS
13;2024-07;102;transporte;31367033;ARS
13;2024-07;100;salud;17899007;ARS
13;2024-07;98;educacion;22049111;ARS
13;2024-07;101;servicios;31122116;ARS
13;2024-07;99;recreacion;14492426;ARS
13;2024-07;103;vestimenta;10281753;ARS
13;2024-08;97;alimentos;115923155;ARS
13;2024-08;104;vivienda;70667145;ARS
13;2024-08;102;transporte;29634542;ARS
13;2024-08;100;salud;21626164;ARS
13;2024-08;98;educacion;26544976;ARS
13;2024-08;101;servicios;35752941;ARS
13;2024-08;99;recreacion;15625441;ARS
13;2024-08;103;vestimenta;13127664;ARS
13;2024-09;97;alimentos;89889425;ARS
13;2024-09;104;vivienda;69791833;ARS
13;2024-09;102;transporte;34712883;ARS
13;2024-09;100;salud;19389598;ARS
13;2024-09;98;educacion;25817842;ARS
13;2024-09;101;servicios;31836488;ARS
13;2024-09;99;recreacion;10611437;ARS
13;2024-09;103;vestimenta;12248251;ARS
13;2024-10;97;alimentos;133709433;ARS
13;2024-10;104;vivienda;74648277;ARS
13;2024-10;102;transporte;43250837;ARS
13;2024-10;100;salud;22284438;ARS
13;2024-10;98;educacion;27339019;ARS
13;2024-10;101;servicios;37766527;ARS
13;2024-10;99;recreacion;17121123;ARS
13;2024-10;103;vestimenta;13288541;ARS
13;2024-11;97;alimentos;115314472;ARS
13;2024-11;104;vivienda;76218663;ARS
13;2024-11;102;transporte;37740647;ARS
13;2024-11;100;salud;19929539;ARS
13;2024-11;98;educacion;26026609;ARS
13;2024-11;101;servicios;29888805;ARS
13;2024-11;99;recreacion;14969929;ARS
13;2024-11;103;vestimenta;10496702;ARS
13;2024-12;97;alimentos;114258446;ARS
13;2024-12;104;vivienda;82945234;ARS
13;2024-12;102;transporte;43509660;ARS
13;2024-12;100;salud;20355054;ARS
13;2024-12;98;educacion;29614953;ARS
13;2024-12;101;servicios;38061700;ARS
13;2024-12;99;recreacion;15962706;ARS
13;2024-12;103;vestimenta;11360700;ARS
13;2025-01;97;alimentos;127819865;ARS
13;2025-01;104;vivienda;90669063;ARS
13;2025-01;102;transporte;44555289;ARS
13;2025-01;100;salud;25994671;ARS
13;2025-01;98;educacion;31752980;ARS
13;2025-01;101;servicios;37197559;ARS
13;2025-01;99;recreacion;22175811;ARS
13;2025-01;103;vestimenta;14079441;ARS
13;2025-02;97;alimentos;112160904;ARS
13;2025-02;104;vivienda;89426146;ARS
13;2025-02;102;transporte;37128602;ARS
13;2025-02;100;salud;23888006;ARS
13;2025-02;98;educacion;42303343;ARS
13;2025-02;101;servicios;38524384;ARS
13;2025-02;99;recreacion;25728441;ARS
13;2025-02;103;vestimenta;13709837;ARS
13;2025-03;97;alimentos;159516510;ARS
13;2025-03;104;vivienda;96049878;ARS
13;2025-03;102;transporte;46304845;ARS
13;2025-03;100;salud;24495486;ARS
13;2025-03;98;educacion;40207475;ARS
13;2025-03;101;servicios;41819475;ARS
13;2025-03;99;recreacion;24096073;ARS
13;2025-03;103;vestimenta;8597578;ARS
13;2025-04;97;alimentos;180105300;ARS
13;2025-04;104;vivienda;103931089;ARS
13;2025-04;102;transporte;48055845;ARS
13;2025-04;100;salud;23223624;ARS
13;2025-04;98;educacion;32571698;ARS
13;2025-04;101;servicios;40599933;ARS
13;2025-04;99;recreacion;23809892;ARS
13;2025-04;103;vestimenta;13774893;ARS
13;2025-05;97;alimentos;144680741;ARS
13;2025-05;104;vivienda;100943538;ARS
13;2025-05;102;transporte;53468439;ARS
13;2025-05;100;salud;28580579;ARS
13;2025-05;98;educacion;35176760;ARS
13;2025-05;101;servicios;48644102;ARS
13;2025-05;99;recreacion;17762439;ARS
13;2025-05;103;vestimenta;15016551;ARS
13;2025-06;97;alimentos;170694665;ARS
13;2025-06;104;vivienda;108225865;ARS
13;2025-06;102;transporte;57605887;ARS
13;2025-06;100;salud;30547605;ARS
13;2025-06;98;educacion;34145855;ARS
13;2025-06;101;servicios;47953540;ARS
13;2025-06;99;recreacion;24053095;ARS
13;2025-06;103;vestimenta;17499138;ARS
13;2025-07;97;alimentos;188044979;ARS
13;2025-07;104;vivienda;115093752;ARS
13;2025-07;102;transporte;54528817;ARS
13;2025-07;100;salud;30746953;ARS
13;2025-07;98;educacion;41572991;ARS
13;2025-07;101;servicios;50619886;ARS
13;2025-07;99;recreacion;24670087;ARS
13;2025-07;103;vestimenta;14854618;ARS
13;2025-08;97;alimentos;158071315;ARS
13;2025-08;104;vivienda;109080593;ARS
13;2025-08;102;transporte;57125452;ARS
13;2025-08;100;salud;30445694;ARS
13;2025-08;98;educacion;42387065;ARS
13;2025-08;101;servicios;53355536;ARS
13;2025-08;99;recreacion;20210000;ARS
13;2025-08;103;vestimenta;20865850;ARS
13;2025-09;97;alimentos;218912227;ARS
13;2025-09;104;vivienda;127747847;ARS
13;2025-09;102;transporte;60200981;ARS
13;2025-09;100;salud;32052629;ARS
13;2025-09;98;educacion;42806277;ARS
13;2025-09;101;servicios;49019689;ARS
13;2025-09;99;recreacion;19942729;ARS
13;2025-09;103;vestimenta;18019608;ARS
13;2025-10;97;alimentos;184499140;ARS
13;2025-10;104;vivienda;126578689;ARS
13;2025-10;102;transporte;58454007;ARS
13;2025-10;100;salud;30442807;ARS
13;2025-10;98;educacion;46228880;ARS
13;2025-10;101;servicios;60734949;ARS
13;2025-10;99;recreacion;25750538;ARS
13;2025-10;103;vestimenta;19770387;ARS
13;2025-11;97;alimentos;130861454;ARS
13;2025-11;104;vivienda;129804767;ARS
13;2025-11;102;transporte;66943010;ARS
13;2025-11;100;salud;32528022;ARS
13;2025-11;98;educacion;48802983;ARS
13;2025-11;101;servicios;57793249;ARS
13;2025-11;99;recreacion;24118985;ARS
13;2025-11;103;vestimenta;18297644;ARS
13;2025-12;97;alimentos;234124551;ARS
13;2025-12;104;vivienda;138972720;ARS
13;2025-12;102;transporte;55157930;ARS
13;2025-12;100;salud;34183731;ARS
13;2025-12;98;educacion;48726795;ARS
13;2025-12;101;servicios;67330306;ARS
13;2025-12;99;recreacion;26133460;ARS
13;2025-12;103;vestimenta;22241228;ARS
14;2023-01;105;alimentos;25101888;ARS
14;2023-01;112;vivienda;24936977;ARS
14;2023-01;110;transporte;9777754;ARS
14;2023-01;108;salud;7781675;ARS
14;2023-01;106;educacion;7766935;ARS
14;2023-01;109;servicios;7608110;ARS
14;2023-01;107;recreacion;6133876;ARS
14;2023-01;111;vestimenta;2304531;ARS
14;2023-02;105;alimentos;35663506;ARS
14;2023-02;112;vivienda;27764676;ARS
14;2023-02;110;transporte;11909083;ARS
14;2023-02;108;salud;8874682;ARS
14;2023-02;106;educacion;8116225;ARS
14;2023-02;109;servicios;7912688;ARS
14;2023-02;107;recreacion;4908632;ARS
14;2023-02;111;vestimenta;3054372;ARS
14;2023-03;105;alimentos;28600143;ARS
14;2023-03;112;vivienda;27640757;ARS
14;2023-03;110;transporte;10457513;ARS
14;2023-03;108;salud;7242599;ARS
14;2023-03;106;educacion;9402493;ARS
14;2023-03;109;servicios;7491836;ARS
14;2023-03;107;recreacion;5181349;ARS
14;2023-03;111;vestimenta;3171482;ARS
14;2023-04;105;alimentos;24609987;ARS
14;2023-04;112;vivienda;28113609;ARS
14;2023-04;110;transporte;11502338;ARS
14;2023-04;108;salud;10291648;ARS
14;2023-04;106;educacion;9361603;ARS
14;2023-04;109;servicios;8256650;ARS
14;2023-04;107;recreacion;5368965;ARS
14;2023-04;111;vestimenta;3621212;ARS
14;2023-05;105;alimentos;32492935;ARS
14;2023-05;112;vivienda;29658476;ARS
14;2023-05;110;transporte;15022787;ARS
14;2023-05;108;salud;9132758;ARS
14;2023-05;106;educacion;7549365;ARS
14;2023-05;109;servicios;9807435;ARS
14;2023-05;107;recreacion;6567135;ARS
14;2023-05;111;vestimenta;3695348;ARS
14;2023-06;105;alimentos;40225778;ARS
14;2023-06;112;vivienda;33170669;ARS
14;2023-06;110;transporte;13626133;ARS
14;2023-06;108;salud;12106518;ARS
14;2023-06;106;educacion;10073892;ARS
14;2023-06;109;servicios;8747073;ARS
14;2023-06;107;recreacion;5506177;ARS
14;2023-06;111;vestimenta;4279463;ARS
14;2023-07;105;alimentos;37626900;ARS
14;2023-07;112;vivienda;33116945;ARS
14;2023-07;110;transporte;14832031;ARS
14;2023-07;108;salud;10211903;ARS
14;2023-07;106;educacion;9979464;ARS
14;2023-07;109;servicios;9100429;ARS
14;2023-07;107;recreacion;5597806;ARS
14;2023-07;111;vestimenta;3075442;ARS
14;2023-08;105;alimentos;40721261;ARS
14;2023-08;112;vivienda;34725036;ARS
14;2023-08;110;transporte;15097018;ARS
14;2023-08;108;salud;11669624;ARS
14;2023-08;106;educacion;11229468;ARS
14;2023-08;109;servicios;10102350;ARS
14;2023-08;107;recreacion;6185408;ARS
14;2023-08;111;vestimenta;2094658;ARS
14;2023-09;105;alimentos;44386158;ARS
14;2023-09;112;vivienda;34657207;ARS
14;2023-09;110;transporte;15401478;ARS
14;2023-09;108;salud;11424924;ARS
14;2023-09;106;educacion;12010410;ARS
14;2023-09;109;servicios;10891920;ARS
14;2023-09;107;recreacion;8101687;ARS
14;2023-09;111;vestimenta;2638246;ARS
14;2023-10;105;alimentos;39340134;ARS
14;2023-10;112;vivienda;41586693;ARS
14;2023-10;110;transporte;16814115;ARS
14;2023-10;108;salud;10308201;ARS
14;2023-10;106;educacion;10660047;ARS
14;2023-10;109;servicios;11909050;ARS
14;2023-10;107;recreacion;8261173;ARS
14;2023-10;111;vestimenta;4568272;ARS
14;2023-11;105;alimentos;45141858;ARS
14;2023-11;112;vivienda;40530942;ARS
14;2023-11;110;transporte;17489567;ARS
14;2023-11;108;salud;12111844;ARS
14;2023-11;106;educacion;12330790;ARS
14;2023-11;109;servicios;12127585;ARS
14;2023-11;107;recreacion;6627833;ARS
14;2023-11;111;vestimenta;4289006;ARS
14;2023-12;105;alimentos;51741729;ARS
14;2023-12;112;vivienda;40736331;ARS
14;2023-12;110;transporte;17528642;ARS
14;2023-12;108;salud;16507463;ARS
14;2023-12;106;educacion;11821645;ARS
14;2023-12;109;servicios;11842405;ARS
14;2023-12;107;recreacion;6791266;ARS
14;2023-12;111;vestimenta;5311172;ARS
14;2024-01;105;alimentos;47942770;ARS
14;2024-01;112;vivienda;49482022;ARS
14;2024-01;110;transporte;17260333;ARS
14;2024-01;108;salud;15157045;ARS
14;2024-01;106;educacion;11959292;ARS
14;2024-01;109;servicios;11826223;ARS
14;2024-01;107;recreacion;10225960;ARS
14;2024-01;111;vestimenta;5276418;ARS
14;2024-02;105;alimentos;53366462;ARS
14;2024-02;112;vivienda;45894164;ARS
14;2024-02;110;transporte;23445850;ARS
14;2024-02;108;salud;14524194;ARS
14;2024-02;106;educacion;17155329;ARS
14;2024-02;109;servicios;12319598;ARS
14;2024-02;107;recreacion;7791515;ARS
14;2024-02;111;vestimenta;3871965;ARS
14;2024-03;105;alimentos;56549238;ARS
14;2024-03;112;vivienda;49821533;ARS
14;2024-03;110;transporte;20304736;ARS
14;2024-03;108;salud;14693691;ARS
14;2024-03;106;educacion;17970399;ARS
14;2024-03;109;servicios;14350368;ARS
14;2024-03;107;recreacion;10203867;ARS
14;2024-03;111;vestimenta;4597912;ARS
14;2024-04;105;alimentos;50735780;ARS
14;2024-04;112;vivienda;47675308;ARS
14;2024-04;110;transporte;22540750;ARS
14;2024-04;108;salud;13697263;ARS
14;2024-04;106;educacion;14030809;ARS
14;2024-04;109;servicios;15191264;ARS
14;2024-04;107;recreacion;10412448;ARS
14;2024-04;111;vestimenta;5399751;ARS
14;2024-05;105;alimentos;55831542;ARS
14;2024-05;112;vivienda;55966788;ARS
14;2024-05;110;transporte;20651841;ARS
14;2024-05;108;salud;17613815;ARS
14;2024-05;106;educacion;15595399;ARS
14;2024-05;109;servicios;13824032;ARS
14;2024-05;107;recreacion;10489931;ARS
14;2024-05;111;vestimenta;4817605;ARS
14;2024-06;105;alimentos;70508305;ARS
14;2024-06;112;vivienda;54382789;ARS
14;2024-06;110;transporte;19496017;ARS
14;2024-06;108;salud;18428630;ARS
14;2024-06;106;educacion;18636249;ARS
14;2024-06;109;servicios;17179771;ARS
14;2024-06;107;recreacion;9164922;ARS
14;2024-06;111;vestimenta;6264205;ARS
14;2024-07;105;alimentos;71058696;ARS
14;2024-07;112;vivienda;57906139;ARS
14;2024-07;110;transporte;22727465;ARS
14;2024-07;108;salud;17840437;ARS
14;2024-07;106;educacion;17472128;ARS
14;2024-07;109;servicios;15813034;ARS
14;2024-07;107;recreacion;12859412;ARS
14;2024-07;111;vestimenta;6133746;ARS
14;2024-08;105;alimentos;64026666;ARS
14;2024-08;112;vivienda;61582338;ARS
14;2024-08;110;transporte;25248207;ARS
14;2024-08;108;salud;18318011;ARS
14;2024-08;106;educacion;17946995;ARS
14;2024-08;109;servicios;14530419;ARS
14;2024-08;107;recreacion;11000831;ARS
14;2024-08;111;vestimenta;5828617;ARS
14;2024-09;105;alimentos;59223572;ARS
14;2024-09;112;vivienda;57637462;ARS
14;2024-09;110;transporte;27965505;ARS
14;2024-09;108;salud;18877637;ARS
14;2024-09;106;educacion;17089390;ARS
14;2024-09;109;servicios;17748737;ARS
14;2024-09;107;recreacion;11343612;ARS
14;2024-09;111;vestimenta;6971590;ARS
14;2024-10;105;alimentos;50569517;ARS
14;2024-10;112;vivienda;71598801;ARS
14;2024-10;110;transporte;28728560;ARS
14;2024-10;108;salud;20548562;ARS
14;2024-10;106;educacion;19567229;ARS
14;2024-10;109;servicios;20795577;ARS
14;2024-10;107;recreacion;10775349;ARS
14;2024-10;111;vestimenta;6545072;ARS
14;2024-11;105;alimentos;68079279;ARS
14;2024-11;112;vivienda;67157200;ARS
14;2024-11;110;transporte;29019829;ARS
14;2024-11;108;salud;24567677;ARS
14;2024-11;106;educacion;20419324;ARS
14;2024-11;109;servicios;20193005;ARS
14;2024-11;107;recreacion;12871339;ARS
14;2024-11;111;vestimenta;7173152;ARS
14;2024-12;105;alimentos;91742796;ARS
14;2024-12;112;vivienda;72236377;ARS
14;2024-12;110;transporte;31858045;ARS
14;2024-12;108;salud;24098923;ARS
14;2024-12;106;educacion;20367964;ARS
14;2024-12;109;servicios;20065085;ARS
14;2024-12;107;recreacion;16789308;ARS
14;2024-12;111;vestimenta;8979760;ARS
14;2025-01;105;alimentos;89583746;ARS
14;2025-01;112;vivienda;70395056;ARS
14;2025-01;110;transporte;32177851;ARS
14;2025-01;108;salud;24097761;ARS
14;2025-01;106;educacion;20506815;ARS
14;2025-01;109;servicios;22297352;ARS
14;2025-01;107;recreacion;15337498;ARS
14;2025-01;111;vestimenta;8042534;ARS
14;2025-02;105;alimentos;102857843;ARS
14;2025-02;112;vivienda;74101095;ARS
14;2025-02;110;transporte;31419538;ARS
14;2025-02;108;salud;26755657;ARS
14;2025-02;106;educacion;25328305;ARS
14;2025-02;109;servicios;21568548;ARS
14;2025-02;107;recreacion;15214855;ARS
14;2025-02;111;vestimenta;7610888;ARS
14;2025-03;105;alimentos;73360276;ARS
14;2025-03;112;vivienda;81972124;ARS
14;2025-03;110;transporte;32488212;ARS
14;2025-03;108;salud;25496475;ARS
14;2025-03;106;educacion;28652829;ARS
14;2025-03;109;servicios;24689500;ARS
14;2025-03;107;recreacion;14858195;ARS
14;2025-03;111;vestimenta;6737897;ARS
14;2025-04;105;alimentos;86657756;ARS
14;2025-04;112;vivienda;80663686;ARS
14;2025-04;110;transporte;31634924;ARS
14;2025-04;108;salud;27560777;ARS
14;2025-04;106;educacion;25988432;ARS
14;2025-04;109;servicios;23753782;ARS
14;2025-04;107;recreacion;19151234;ARS
14;2025-04;111;vestimenta;8711869;ARS
14;2025-05;105;alimentos;110081603;ARS
14;2025-05;112;vivienda;91360943;ARS
14;2025-05;110;transporte;43570524;ARS
14;2025-05;108;salud;24675291;ARS
14;2025-05;106;educacion;26877684;ARS
14;2025-05;109;servicios;26784355;ARS
14;2025-05;107;recreacion;14203143;ARS
14;2025-05;111;vestimenta;10087916;ARS
14;2025-06;105;alimentos;109505633;ARS
14;2025-06;112;vivienda;94068520;ARS
14;2025-06;110;transporte;44066677;ARS
14;2025-06;108;salud;30470315;ARS
14;2025-06;106;educacion;27403279;ARS
14;2025-06;109;servicios;26020630;ARS
14;2025-06;107;recreacion;9758356;ARS
14;2025-06;111;vestimenta;8074716;ARS
14;2025-07;105;alimentos;105883816;ARS
14;2025-07;112;vivienda;95098160;ARS
14;2025-07;110;transporte;34123763;ARS
14;2025-07;108;salud;31856265;ARS
14;2025-07;106;educacion;27233955;ARS
14;2025-07;109;servicios;29415294;ARS
14;2025-07;107;recreacion;19988465;ARS
14;2025-07;111;vestimenta;9740361;ARS
14;2025-08;105;alimentos;113809465;ARS
14;2025-08;112;vivienda;102461858;ARS
14;2025-08;110;transporte;42618896;ARS
14;2025-08;108;salud;35065781;ARS
14;2025-08;106;educacion;30823986;ARS
14;2025-08;109;servicios;30879132;ARS
14;2025-08;107;recreacion;21899715;ARS
14;2025-08;111;vestimenta;12485339;ARS
14;2025-09;105;alimentos;148474775;ARS
14;2025-09;112;vivienda;101489597;ARS
14;2025-09;110;transporte;45698182;ARS
14;2025-09;108;salud;39120248;ARS
14;2025-09;106;educacion;31033536;ARS
14;2025-09;109;servicios;30051992;ARS
14;2025-09;107;recreacion;19277269;ARS
14;2025-09;111;vestimenta;9543790;ARS
14;2025-10;105;alimentos;101325169;ARS
14;2025-10;112;vivienda;111815812;ARS
14;2025-10;110;transporte;47588864;ARS
14;2025-10;108;salud;34424100;ARS
14;2025-10;106;educacion;27682359;ARS
14;2025-10;109;servicios;33733334;ARS
14;2025-10;107;recreacion;20184180;ARS
14;2025-10;111;vestimenta;17107859;ARS
14;2025-11;105;alimentos;135336127;ARS
14;2025-11;112;vivienda;116938519;ARS
14;2025-11;110;transporte;41218698;ARS
14;2025-11;108;salud;36799980;ARS
14;2025-11;106;educacion;33266400;ARS
14;2025-11;109;servicios;31392541;ARS
14;2025-11;107;recreacion;20152814;ARS
14;2025-11;111;vestimenta;11544144;ARS
14;2025-12;105;alimentos;109334676;ARS
14;2025-12;112;vivienda;114434677;ARS
14;2025-12;110;transporte;48538246;ARS
14;2025-12;108;salud;42906195;ARS
14;2025-12;106;educacion;33162762;ARS
14;2025-12;109;servicios;38138101;ARS
14;2025-12;107;recreacion;26573197;ARS
14;2025-12;111;vestimenta;9786621;ARS
15;2023-01;113;alimentos;10764250;ARS
15;2023-01;120;vivienda;12431867;ARS
15;2023-01;118;transporte;3420271;ARS
15;2023-01;116;salud;4608207;ARS
15;2023-01;114;educacion;2833182;ARS
15;2023-01;117;servicios;3267227;ARS
15;2023-01;115;recreacion;2382242;ARS
15;2023-01;119;vestimenta;1430127;ARS
15;2023-02;113;alimentos;14404407;ARS
15;2023-02;120;vivienda;13872056;ARS
15;2023-02;118;transporte;3594543;ARS
15;2023-02;116;salud;4450674;ARS
15;2023-02;114;educacion;3538899;ARS
15;2023-02;117;servicios;3686941;ARS
15;2023-02;115;recreacion;2888581;ARS
15;2023-02;119;vestimenta;1044139;ARS
15;2023-03;113;alimentos;15203893;ARS
15;2023-03;120;vivienda;13959683;ARS
15;2023-03;118;transporte;4352724;ARS
15;2023-03;116;salud;4137642;ARS
15;2023-03;114;educacion;3332151;ARS
15;2023-03;117;servicios;4009288;ARS
15;2023-03;115;recreacion;3163948;ARS
15;2023-03;119;vestimenta;1132689;ARS
15;2023-04;113;alimentos;15770677;ARS
15;2023-04;120;vivienda;14775250;ARS
15;2023-04;118;transporte;3692463;ARS
15;2023-04;116;salud;5028206;ARS
15;2023-04;114;educacion;3634612;ARS
15;2023-04;117;servicios;4199319;ARS
15;2023-04;115;recreacion;2202359;ARS
15;2023-04;119;vestimenta;1037835;ARS
15;2023-05;113;alimentos;16629732;ARS
15;2023-05;120;vivienda;14994965;ARS
15;2023-05;118;transporte;4849592;ARS
15;2023-05;116;salud;5573624;ARS
15;2023-05;114;educacion;3370873;ARS
15;2023-05;117;servicios;3873009;ARS
15;2023-05;115;recreacion;2816669;ARS
15;2023-05;119;vestimenta;831369;ARS
15;2023-06;113;alimentos;13903687;ARS
15;2023-06;120;vivienda;16201163;ARS
15;2023-06;118;transporte;4240435;ARS
15;2023-06;116;salud;5277905;ARS
15;2023-06;114;educacion;3051448;ARS
15;2023-06;117;servicios;4413092;ARS
15;2023-06;115;recreacion;3694896;ARS
15;2023-06;119;vestimenta;824923;ARS
15;2023-07;113;alimentos;14244259;ARS
15;2023-07;120;vivienda;16298319;ARS
15;2023-07;118;transporte;3879236;ARS
15;2023-07;116;salud;5218682;ARS
15;2023-07;114;educacion;4046245;ARS
15;2023-07;117;servicios;4165224;ARS
15;2023-07;115;recreacion;4017823;ARS
15;2023-07;119;vestimenta;1108093;ARS
15;2023-08;113;alimentos;16351970;ARS
15;2023-08;120;vivienda;17841640;ARS
15;2023-08;118;transporte;5368978;ARS
15;2023-08;116;salud;5319468;ARS
15;2023-08;114;educacion;3757932;ARS
15;2023-08;117;servicios;5159397;ARS
15;2023-08;115;recreacion;3555622;ARS
15;2023-08;119;vestimenta;1405721;ARS
15;2023-09;113;alimentos;15480254;ARS
15;2023-09;120;vivienda;17033951;ARS
15;2023-09;118;transporte;5048346;ARS
15;2023-09;116;salud;6760688;ARS
15;2023-09;114;educacion;4291563;ARS
15;2023-09;117;servicios;4534252;ARS
15;2023-09;115;recreacion;3982450;ARS
15;2023-09;119;vestimenta;1238945;ARS
15;2023-10;113;alimentos;24286348;ARS
15;2023-10;120;vivienda;19509973;ARS
15;2023-10;118;transporte;5402890;ARS
15;2023-10;116;salud;6780548;ARS
15;2023-10;114;educacion;4731853;ARS
15;2023-10;117;servicios;4897253;ARS
15;2023-10;115;recreacion;3784745;ARS
15;2023-10;119;vestimenta;1409878;ARS
15;2023-11;113;alimentos;23148461;ARS
15;2023-11;120;vivienda;19728066;ARS
15;2023-11;118;transporte;5493052;ARS
15;2023-11;116;salud;7610000;ARS
15;2023-11;114;educacion;4345304;ARS
15;2023-11;117;servicios;5264246;ARS
15;2023-11;115;recreacion;4292738;ARS
15;2023-11;119;vestimenta;1851685;ARS
15;2023-12;113;alimentos;20700991;ARS
15;2023-12;120;vivienda;20731001;ARS
15;2023-12;118;transporte;5029738;ARS
15;2023-12;116;salud;7279392;ARS
15;2023-12;114;educacion;4597165;ARS
15;2023-12;117;servicios;5736723;ARS
15;2023-12;115;recreacion;6205147;ARS
15;2023-12;119;vestimenta;1511541;ARS
15;2024-01;113;alimentos;25530133;ARS
15;2024-01;120;vivienda;21045741;ARS
15;2024-01;118;transporte;6583164;ARS
15;2024-01;116;salud;7411791;ARS
15;2024-01;114;educacion;4580646;ARS
15;2024-01;117;servicios;6110359;ARS
15;2024-01;115;recreacion;5463013;ARS
15;2024-01;119;vestimenta;1297216;ARS
15;2024-02;113;alimentos;23832022;ARS
15;2024-02;120;vivienda;22156489;ARS
15;2024-02;118;transporte;6918433;ARS
15;2024-02;116;salud;7658187;ARS
15;2024-02;114;educacion;6286659;ARS
15;2024-02;117;servicios;5704902;ARS
15;2024-02;115;recreacion;4001376;ARS
15;2024-02;119;vestimenta;1978233;ARS
15;2024-03;113;alimentos;20839674;ARS
15;2024-03;120;vivienda;23479596;ARS
15;2024-03;118;transporte;6495562;ARS
15;2024-03;116;salud;9450547;ARS
15;2024-03;114;educacion;5962577;ARS
15;2024-03;117;servicios;5917949;ARS
15;2024-03;115;recreacion;4436956;ARS
15;2024-03;119;vestimenta;2204738;ARS
15;2024-04;113;alimentos;21866252;ARS
15;2024-04;120;vivienda;24433469;ARS
15;2024-04;118;transporte;6815058;ARS
15;2024-04;116;salud;8786996;ARS
15;2024-04;114;educacion;5666605;ARS
15;2024-04;117;servicios;6305020;ARS
15;2024-04;115;recreacion;4873133;ARS
15;2024-04;119;vestimenta;1873437;ARS
15;2024-05;113;alimentos;28999752;ARS
15;2024-05;120;vivienda;25914705;ARS
15;2024-05;118;transporte;7088615;ARS
15;2024-05;116;salud;8207880;ARS
15;2024-05;114;educacion;6109274;ARS
15;2024-05;117;servicios;6973782;ARS
15;2024-05;115;recreacion;4230419;ARS
15;2024-05;119;vestimenta;2056396;ARS
15;2024-06;113;alimentos;26739453;ARS
15;2024-06;120;vivienda;27511427;ARS
15;2024-06;118;transporte;7573355;ARS
15;2024-06;116;salud;8793962;ARS
15;2024-06;114;educacion;6113218;ARS
15;2024-06;117;servicios;8432250;ARS
15;2024-06;115;recreacion;6019661;ARS
15;2024-06;119;vestimenta;2188710;ARS
15;2024-07;113;alimentos;29729926;ARS
15;2024-07;120;vivienda;30534394;ARS
15;2024-07;118;transporte;6731003;ARS
15;2024-07;116;salud;8957728;ARS
15;2024-07;114;educacion;6498177;ARS
15;2024-07;117;servicios;6640765;ARS
15;2024-07;115;recreacion;6885012;ARS
15;2024-07;119;vestimenta;2373529;ARS
15;2024-08;113;alimentos;35592760;ARS
15;2024-08;120;vivienda;30432145;ARS
15;2024-08;118;transporte;8703639;ARS
15;2024-08;116;salud;10989325;ARS
15;2024-08;114;educacion;5833540;ARS
15;2024-08;117;servicios;8008169;ARS
15;2024-08;115;recreacion;5343452;ARS
15;2024-08;119;vestimenta;2014228;ARS
15;2024-09;113;alimentos;32877427;ARS
15;2024-09;120;vivienda;27880229;ARS
15;2024-09;118;transporte;8527660;ARS
15;2024-09;116;salud;10668068;ARS
15;2024-09;114;educacion;6867179;ARS
15;2024-09;117;servicios;8747595;ARS
15;2024-09;115;recreacion;6318318;ARS
15;2024-09;119;vestimenta;3441149;ARS
15;2024-10;113;alimentos;32608861;ARS
15;2024-10;120;vivienda;31381283;ARS
15;2024-10;118;transporte;9356779;ARS
15;2024-10;116;salud;11585185;ARS
15;2024-10;114;educacion;6681226;ARS
15;2024-10;117;servicios;9300332;ARS
15;2024-10;115;recreacion;7005403;ARS
15;2024-10;119;vestimenta;2454700;ARS
15;2024-11;113;alimentos;30340387;ARS
15;2024-11;120;vivienda;34147815;ARS
15;2024-11;118;transporte;8988624;ARS
15;2024-11;116;salud;12221688;ARS
15;2024-11;114;educacion;8301839;ARS
15;2024-11;117;servicios;9146182;ARS
15;2024-11;115;recreacion;6700422;ARS
15;2024-11;119;vestimenta;3154037;ARS
15;2024-12;113;alimentos;32776329;ARS
15;2024-12;120;vivienda;35062069;ARS
15;2024-12;118;transporte;9285061;ARS
15;2024-12;116;salud;13469040;ARS
15;2024-12;114;educacion;7561350;ARS
15;2024-12;117;servicios;10923779;ARS
15;2024-12;115;recreacion;7274421;ARS
15;2024-12;119;vestimenta;2733349;ARS
15;2025-01;113;alimentos;31849174;ARS
15;2025-01;120;vivienda;35028210;ARS
15;2025-01;118;transporte;12032359;ARS
15;2025-01;116;salud;12742858;ARS
15;2025-01;114;educacion;8618255;ARS
15;2025-01;117;servicios;8843859;ARS
15;2025-01;115;recreacion;7425959;ARS
15;2025-01;119;vestimenta;3472886;ARS
15;2025-02;113;alimentos;28048294;ARS
15;2025-02;120;vivienda;38702522;ARS
15;2025-02;118;transporte;12034820;ARS
15;2025-02;116;salud;12724526;ARS
15;2025-02;114;educacion;9745960;ARS
15;2025-02;117;servicios;8690781;ARS
15;2025-02;115;recreacion;5918197;ARS
15;2025-02;119;vestimenta;1981870;ARS
15;2025-03;113;alimentos;43399415;ARS
15;2025-03;120;vivienda;39608490;ARS
15;2025-03;118;transporte;12854855;ARS
15;2025-03;116;salud;13240313;ARS
15;2025-03;114;educacion;10664452;ARS
15;2025-03;117;servicios;10903968;ARS
15;2025-03;115;recreacion;6964688;ARS
15;2025-03;119;vestimenta;2244674;ARS
15;2025-04;113;alimentos;53405752;ARS
15;2025-04;120;vivienda;40915813;ARS
15;2025-04;118;transporte;12765983;ARS
15;2025-04;116;salud;12854805;ARS
15;2025-04;114;educacion;10556619;ARS
15;2025-04;117;servicios;11318547;ARS
15;2025-04;115;recreacion;10151865;ARS
15;2025-04;119;vestimenta;3829560;ARS
15;2025-05;113;alimentos;38133996;ARS
15;2025-05;120;vivienda;43160743;ARS
15;2025-05;118;transporte;12849038;ARS
15;2025-05;116;salud;14793720;ARS
15;2025-05;114;educacion;10544076;ARS
15;2025-05;117;servicios;11957039;ARS
15;2025-05;115;recreacion;8257880;ARS
15;2025-05;119;vestimenta;3606737;ARS
15;2025-06;113;alimentos;43166903;ARS
15;2025-06;120;vivienda;44137989;ARS
15;2025-06;118;transporte;13434957;ARS
15;2025-06;116;salud;15742268;ARS
15;2025-06;114;educacion;10224245;ARS
15;2025-06;117;servicios;13149762;ARS
15;2025-06;115;recreacion;7883357;ARS
15;2025-06;119;vestimenta;3836529;ARS
15;2025-07;113;alimentos;59953128;ARS
15;2025-07;120;vivienda;48394359;ARS
15;2025-07;118;transporte;12093169;ARS
15;2025-07;116;salud;16015723;ARS
15;2025-07;114;educacion;10281801;ARS
15;2025-07;117;servicios;12687961;ARS
15;2025-07;115;recreacion;10691690;ARS
15;2025-07;119;vestimenta;4330405;ARS
15;2025-08;113;alimentos;50025165;ARS
15;2025-08;120;vivienda;49028267;ARS
15;2025-08;118;transporte;13789433;ARS
15;2025-08;116;salud;18175607;ARS
15;2025-08;114;educacion;12276461;ARS
15;2025-08;117;servicios;13916541;ARS
15;2025-08;115;recreacion;9576591;ARS
15;2025-08;119;vestimenta;3421956;ARS
15;2025-09;113;alimentos;57920576;ARS
15;2025-09;120;vivienda;50303902;ARS
15;2025-09;118;transporte;13976966;ARS
15;2025-09;116;salud;16500011;ARS
15;2025-09;114;educacion;11559626;ARS
15;2025-09;117;servicios;15553949;ARS
15;2025-09;115;recreacion;10105113;ARS
15;2025-09;119;vestimenta;3036656;ARS
15;2025-10;113;alimentos;49134234;ARS
15;2025-10;120;vivienda;55427074;ARS
15;2025-10;118;transporte;13501054;ARS
15;2025-10;116;salud;20597405;ARS
15;2025-10;114;educacion;13514169;ARS
15;2025-10;117;servicios;15456070;ARS
15;2025-10;115;recreacion;10177281;ARS
15;2025-10;119;vestimenta;4119873;ARS
15;2025-11;113;alimentos;73558684;ARS
15;2025-11;120;vivienda;56035342;ARS
15;2025-11;118;transporte;15826975;ARS
15;2025-11;116;salud;18891852;ARS
15;2025-11;114;educacion;13292456;ARS
15;2025-11;117;servicios;17335019;ARS
15;2025-11;115;recreacion;8638692;ARS
15;2025-11;119;vestimenta;4256500;ARS
15;2025-12;113;alimentos;64548676;ARS
15;2025-12;120;vivienda;57502740;ARS
15;2025-12;118;transporte;17661909;ARS
15;2025-12;116;salud;15588745;ARS
15;2025-12;114;educacion;13596227;ARS
15;2025-12;117;servicios;14361725;ARS
15;2025-12;115;recreacion;10088425;ARS
15;2025-12;119;vestimenta;3983421;ARS
16;2023-01;121;alimentos;32939048;ARS
16;2023-01;128;vivienda;36237867;ARS
16;2023-01;126;transporte;18240830;ARS
16;2023-01;124;salud;9933143;ARS
16;2023-01;122;educacion;11387764;ARS
16;2023-01;125;servicios;15307334;ARS
16;2023-01;123;recreacion;7303675;ARS
16;2023-01;127;vestimenta;4986738;ARS
16;2023-02;121;alimentos;34924647;ARS
16;2023-02;128;vivienda;36966434;ARS
16;2023-02;126;transporte;19300128;ARS
16;2023-02;124;salud;9263660;ARS
16;2023-02;122;educacion;12805176;ARS
16;2023-02;125;servicios;13295794;ARS
16;2023-02;123;recreacion;8326871;ARS
16;2023-02;127;vestimenta;5168897;ARS
16;2023-03;121;alimentos;31241897;ARS
16;2023-03;128;vivienda;39652786;ARS
16;2023-03;126;transporte;18800272;ARS
16;2023-03;124;salud;10669423;ARS
16;2023-03;122;educacion;11098966;ARS
16;2023-03;125;servicios;14951075;ARS
16;2023-03;123;recreacion;8907367;ARS
16;2023-03;127;vestimenta;5899409;ARS
16;2023-04;121;alimentos;41279819;ARS
16;2023-04;128;vivienda;38756383;ARS
16;2023-04;126;transporte;18905675;ARS
16;2023-04;124;salud;13071560;ARS
16;2023-04;122;educacion;11123218;ARS
16;2023-04;125;servicios;16977385;ARS
16;2023-04;123;recreacion;8461143;ARS
16;2023-04;127;vestimenta;4207886;ARS
16;2023-05;121;alimentos;40653929;ARS
16;2023-05;128;vivienda;44158454;ARS
16;2023-05;126;transporte;24090549;ARS
16;2023-05;124;salud;12087598;ARS
16;2023-05;122;educacion;13235464;ARS
16;2023-05;125;servicios;15155411;ARS
16;2023-05;123;recreacion;9563215;ARS
16;2023-05;127;vestimenta;4230444;ARS
16;2023-06;121;alimentos;50461038;ARS
16;2023-06;128;vivienda;43416019;ARS
16;2023-06;126;transporte;24270114;ARS
16;2023-06;124;salud;11738268;ARS
16;2023-06;122;educacion;13352352;ARS
16;2023-06;125;servicios;16742367;ARS
16;2023-06;123;recreacion;10474699;ARS
16;2023-06;127;vestimenta;8032058;ARS
16;2023-07;121;alimentos;39848588;ARS
16;2023-07;128;vivienda;47509851;ARS
16;2023-07;126;transporte;17879653;ARS
16;2023-07;124;salud;11819948;ARS
16;2023-07;122;educacion;13370727;ARS
16;2023-07;125;servicios;17290421;ARS
16;2023-07;123;recreacion;13992505;ARS
16;2023-07;127;vestimenta;5818628;ARS
16;2023-08;121;alimentos;51857502;ARS
16;2023-08;128;vivienda;49072763;ARS
16;2023-08;126;transporte;24773402;ARS
16;2023-08;124;salud;12822700;ARS
16;2023-08;122;educacion;15381536;ARS
16;2023-08;125;servicios;18004357;ARS
16;2023-08;123;recreacion;12128669;ARS
16;2023-08;127;vestimenta;5825668;ARS
16;2023-09;121;alimentos;41303293;ARS
16;2023-09;128;vivienda;52068368;ARS
16;2023-09;126;transporte;19044998;ARS
16;2023-09;124;salud;14458744;ARS
16;2023-09;122;educacion;14118482;ARS
16;2023-09;125;servicios;19726749;ARS
16;2023-09;123;recreacion;10326230;ARS
16;2023-09;127;vestimenta;7138821;ARS
16;2023-10;121;alimentos;43248994;ARS
16;2023-10;128;vivienda;52936405;ARS
16;2023-10;126;transporte;25486723;ARS
16;2023-10;124;salud;14790277;ARS
16;2023-10;122;educacion;15972193;ARS
16;2023-10;125;servicios;24593219;ARS
16;2023-10;123;recreacion;10883146;ARS
16;2023-10;127;vestimenta;5172014;ARS
16;2023-11;121;alimentos;50658092;ARS
16;2023-11;128;vivienda;55316008;ARS
16;2023-11;126;transporte;27731469;ARS
16;2023-11;124;salud;17019788;ARS
16;2023-11;122;educacion;16781165;ARS
16;2023-11;125;servicios;23813338;ARS
16;2023-11;123;recreacion;13196388;ARS
16;2023-11;127;vestimenta;8479367;ARS
16;2023-12;121;alimentos;58170861;ARS
16;2023-12;128;vivienda;60616428;ARS
16;2023-12;126;transporte;24671060;ARS
16;2023-12;124;salud;18074735;ARS
16;2023-12;122;educacion;15395328;ARS
16;2023-12;125;servicios;19295567;ARS
16;2023-12;123;recreacion;14154714;ARS
16;2023-12;127;vestimenta;9543593;ARS
16;2024-01;121;alimentos;62035982;ARS
16;2024-01;128;vivienda;58731434;ARS
16;2024-01;126;transporte;30097328;ARS
16;2024-01;124;salud;16276804;ARS
16;2024-01;122;educacion;19110005;ARS
16;2024-01;125;servicios;25083393;ARS
16;2024-01;123;recreacion;20204459;ARS
16;2024-01;127;vestimenta;9940570;ARS
16;2024-02;121;alimentos;49588126;ARS
16;2024-02;128;vivienda;64164364;ARS
16;2024-02;126;transporte;31863473;ARS
16;2024-02;124;salud;18745510;ARS
16;2024-02;122;educacion;21409848;ARS
16;2024-02;125;servicios;26818601;ARS
16;2024-02;123;recreacion;15451212;ARS
16;2024-02;127;vestimenta;3996847;ARS
16;2024-03;121;alimentos;64135290;ARS
16;2024-03;128;vivienda;64113065;ARS
16;2024-03;126;transporte;39244079;ARS
16;2024-03;124;salud;17619236;ARS
16;2024-03;122;educacion;20941377;ARS
16;2024-03;125;servicios;27981538;ARS
16;2024-03;123;recreacion;14434927;ARS
16;2024-03;127;vestimenta;8688144;ARS
16;2024-04;121;alimentos;75797687;ARS
16;2024-04;128;vivienda;69995061;ARS
16;2024-04;126;transporte;37453385;ARS
16;2024-04;124;salud;21571325;ARS
16;2024-04;122;educacion;22431543;ARS
16;2024-04;125;servicios;26220745;ARS
16;2024-04;123;recreacion;13088049;ARS
16;2024-04;127;vestimenta;10911178;ARS
16;2024-05;121;alimentos;67530782;ARS
16;2024-05;128;vivienda;73196867;ARS
16;2024-05;126;transporte;33123660;ARS
16;2024-05;124;salud;19584977;ARS
16;2024-05;122;educacion;21820667;ARS
16;2024-05;125;servicios;31137616;ARS
16;2024-05;123;recreacion;16496370;ARS
16;2024-05;127;vestimenta;13492006;ARS
16;2024-06;121;alimentos;69846798;ARS
16;2024-06;128;vivienda;78807584;ARS
16;2024-06;126;transporte;40949826;ARS
16;2024-06;124;salud;21212299;ARS
16;2024-06;122;educacion;20746746;ARS
16;2024-06;125;servicios;26836647;ARS
16;2024-06;123;recreacion;16793246;ARS
16;2024-06;127;vestimenta;9374122;ARS
16;2024-07;121;alimentos;74008263;ARS
16;2024-07;128;vivienda;75871342;ARS
16;2024-07;126;transporte;40641056;ARS
16;2024-07;124;salud;20243073;ARS
16;2024-07;122;educacion;28024337;ARS
16;2024-07;125;servicios;33215045;ARS
16;2024-07;123;recreacion;20721243;ARS
16;2024-07;127;vestimenta;14052829;ARS
16;2024-08;121;alimentos;75358987;ARS
16;2024-08;128;vivienda;82708873;ARS
16;2024-08;126;transporte;43166837;ARS
16;2024-08;124;salud;24479717;ARS
16;2024-08;122;educacion;27316450;ARS
16;2024-08;125;servicios;33618205;ARS
16;2024-08;123;recreacion;15422275;ARS
16;2024-08;127;vestimenta;14062857;ARS
16;2024-09;121;alimentos;70603096;ARS
16;2024-09;128;vivienda;88189640;ARS
16;2024-09;126;transporte;41942563;ARS
16;2024-09;124;salud;22909729;ARS
16;2024-09;122;educacion;26596117;ARS
16;2024-09;125;servicios;34836315;ARS
16;2024-09;123;recreacion;20965233;ARS
16;2024-09;127;vestimenta;9136105;ARS
16;2024-10;121;alimentos;76851236;ARS
16;2024-10;128;vivienda;94231644;ARS
16;2024-10;126;transporte;45596016;ARS
16;2024-10;124;salud;26901629;ARS
16;2024-10;122;educacion;28326778;ARS
16;2024-10;125;servicios;37172234;ARS
16;2024-10;123;recreacion;21551728;ARS
16;2024-10;127;vestimenta;14145249;ARS
16;2024-11;121;alimentos;77238360;ARS
16;2024-11;128;vivienda;96886089;ARS
16;2024-11;126;transporte;45208967;ARS
16;2024-11;124;salud;22566794;ARS
16;2024-11;122;educacion;28343297;ARS
16;2024-11;125;servicios;32617400;ARS
16;2024-11;123;recreacion;24265791;ARS
16;2024-11;127;vestimenta;10426084;ARS
16;2024-12;121;alimentos;102976954;ARS
16;2024-12;128;vivienda;102088484;ARS
16;2024-12;126;transporte;52958217;ARS
16;2024-12;124;salud;25945597;ARS
16;2024-12;122;educacion;34224239;ARS
16;2024-12;125;servicios;42545452;ARS
16;2024-12;123;recreacion;19186505;ARS
16;2024-12;127;vestimenta;13154110;ARS
16;2025-01;121;alimentos;110655363;ARS
16;2025-01;128;vivienda;105253216;ARS
16;2025-01;126;transporte;50269001;ARS
16;2025-01;124;salud;27978183;ARS
16;2025-01;122;educacion;31676270;ARS
16;2025-01;125;servicios;45454383;ARS
16;2025-01;123;recreacion;28774646;ARS
16;2025-01;127;vestimenta;10953770;ARS
16;2025-02;121;alimentos;118684765;ARS
16;2025-02;128;vivienda;108262508;ARS
16;2025-02;126;transporte;57471180;ARS
16;2025-02;124;salud;32422193;ARS
16;2025-02;122;educacion;34023904;ARS
16;2025-02;125;servicios;35675670;ARS
16;2025-02;123;recreacion;20629295;ARS
16;2025-02;127;vestimenta;12335620;ARS
16;2025-03;121;alimentos;88454200;ARS
16;2025-03;128;vivienda;117749921;ARS
16;2025-03;126;transporte;69792891;ARS
16;2025-03;124;salud;26667455;ARS
16;2025-03;122;educacion;37459673;ARS
16;2025-03;125;servicios;43414570;ARS
16;2025-03;123;recreacion;25468434;ARS
16;2025-03;127;vestimenta;20049946;ARS
16;2025-04;121;alimentos;112349119;ARS
16;2025-04;128;vivienda;118305954;ARS
16;2025-04;126;transporte;53854463;ARS
16;2025-04;124;salud;33016370;ARS
16;2025-04;122;educacion;37242218;ARS
16;2025-04;125;servicios;45792928;ARS
16;2025-04;123;recreacion;27568447;ARS
16;2025-04;127;vestimenta;14825999;ARS
16;2025-05;121;alimentos;118560632;ARS
16;2025-05;128;vivienda;116728974;ARS
16;2025-05;126;transporte;63246358;ARS
16;2025-05;124;salud;36063857;ARS
16;2025-05;122;educacion;41760826;ARS
16;2025-05;125;servicios;41559874;ARS
16;2025-05;123;recreacion;30051556;ARS
16;2025-05;127;vestimenta;14540919;ARS
16;2025-06;121;alimentos;113339766;ARS
16;2025-06;128;vivienda;132351624;ARS
16;2025-06;126;transporte;62453147;ARS
16;2025-06;124;salud;27789797;ARS
16;2025-06;122;educacion;38663368;ARS
16;2025-06;125;servicios;55358571;ARS
16;2025-06;123;recreacion;32487750;ARS
16;2025-06;127;vestimenta;22165321;ARS
16;2025-07;121;alimentos;117220494;ARS
16;2025-07;128;vivienda;137382053;ARS
16;2025-07;126;transporte;71508642;ARS
16;2025-07;124;salud;33801350;ARS
16;2025-07;122;educacion;42167522;ARS
16;2025-07;125;servicios;56816620;ARS
16;2025-07;123;recreacion;34205509;ARS
16;2025-07;127;vestimenta;23038691;ARS
16;2025-08;121;alimentos;121877200;ARS
16;2025-08;128;vivienda;136909181;ARS
16;2025-08;126;transporte;57701440;ARS
16;2025-08;124;salud;35374881;ARS
16;2025-08;122;educacion;40378956;ARS
16;2025-08;125;servicios;48438719;ARS
16;2025-08;123;recreacion;37670995;ARS
16;2025-08;127;vestimenta;16505785;ARS
16;2025-09;121;alimentos;114490867;ARS
16;2025-09;128;vivienda;145998226;ARS
16;2025-09;126;transporte;76538395;ARS
16;2025-09;124;salud;39025770;ARS
16;2025-09;122;educacion;36231132;ARS
16;2025-09;125;servicios;59124218;ARS
16;2025-09;123;recreacion;33065785;ARS
16;2025-09;127;vestimenta;27004215;ARS
16;2025-10;121;alimentos;135122804;ARS
16;2025-10;128;vivienda;155085830;ARS
16;2025-10;126;transporte;67411243;ARS
16;2025-10;124;salud;47437370;ARS
16;2025-10;122;educacion;49003296;ARS
16;2025-10;125;servicios;58060412;ARS
16;2025-10;123;recreacion;40599654;ARS
16;2025-10;127;vestimenta;17104375;ARS
16;2025-11;121;alimentos;148645546;ARS
16;2025-11;128;vivienda;162733124;ARS
16;2025-11;126;transporte;93653019;ARS
16;2025-11;124;salud;47594688;ARS
16;2025-11;122;educacion;48549361;ARS
16;2025-11;125;servicios;58085091;ARS
16;2025-11;123;recreacion;25746054;ARS
16;2025-11;127;vestimenta;24763518;ARS
16;2025-12;121;alimentos;146249635;ARS
16;2025-12;128;vivienda;163628659;ARS
16;2025-12;126;transporte;80017449;ARS
16;2025-12;124;salud;51706863;ARS
16;2025-12;122;educacion;50922525;ARS
16;2025-12;125;servicios;70380924;ARS
16;2025-12;123;recreacion;44885264;ARS
16;2025-12;127;vestimenta;21133447;ARS
17;2023-01;129;alimentos;23830338;ARS
17;2023-01;136;vivienda;26269157;ARS
17;2023-01;134;transporte;12018060;ARS
17;2023-01;132;salud;6135368;ARS
17;2023-01;130;educacion;4890544;ARS
17;2023-01;133;servicios;6252242;ARS
17;2023-01;131;recreacion;3578753;ARS
17;2023-01;135;vestimenta;2292585;ARS
17;2023-02;129;alimentos;23571743;ARS
17;2023-02;136;vivienda;26412619;ARS
17;2023-02;134;transporte;11371254;ARS
17;2023-02;132;salud;8927477;ARS
17;2023-02;130;educacion;5742587;ARS
17;2023-02;133;servicios;7252609;ARS
17;2023-02;131;recreacion;2959171;ARS
17;2023-02;135;vestimenta;3735031;ARS
17;2023-03;129;alimentos;26820216;ARS
17;2023-03;136;vivienda;27866058;ARS
17;2023-03;134;transporte;11384230;ARS
17;2023-03;132;salud;10448309;ARS
17;2023-03;130;educacion;6211808;ARS
17;2023-03;133;servicios;7275790;ARS
17;2023-03;131;recreacion;4229929;ARS
17;2023-03;135;vestimenta;2818636;ARS
17;2023-04;129;alimentos;26780111;ARS
17;2023-04;136;vivienda;30466231;ARS
17;2023-04;134;transporte;12713635;ARS
17;2023-04;132;salud;8962475;ARS
17;2023-04;130;educacion;4684678;ARS
17;2023-04;133;servicios;8088539;ARS
17;2023-04;131;recreacion;3443010;ARS
17;2023-04;135;vestimenta;3507583;ARS
17;2023-05;129;alimentos;31236371;ARS
17;2023-05;136;vivienda;29523596;ARS
17;2023-05;134;transporte;9265461;ARS
17;2023-05;132;salud;10593062;ARS
17;2023-05;130;educacion;5141314;ARS
17;2023-05;133;servicios;7594342;ARS
17;2023-05;131;recreacion;3667784;ARS
17;2023-05;135;vestimenta;2935327;ARS
17;2023-06;129;alimentos;33903592;ARS
17;2023-06;136;vivienda;31078535;ARS
17;2023-06;134;transporte;14519424;ARS
17;2023-06;132;salud;11959786;ARS
17;2023-06;130;educacion;4770893;ARS
17;2023-06;133;servicios;7659264;ARS
17;2023-06;131;recreacion;5437277;ARS
17;2023-06;135;vestimenta;2600072;ARS
17;2023-07;129;alimentos;40801602;ARS
17;2023-07;136;vivienda;35843361;ARS
17;2023-07;134;transporte;15881750;ARS
17;2023-07;132;salud;9875092;ARS
17;2023-07;130;educacion;6095164;ARS
17;2023-07;133;servicios;8446953;ARS
17;2023-07;131;recreacion;4657074;ARS
17;2023-07;135;vestimenta;4305637;ARS
17;2023-08;129;alimentos;30770892;ARS
17;2023-08;136;vivienda;34873079;ARS
17;2023-08;134;transporte;15051531;ARS
17;2023-08;132;salud;12307151;ARS
17;2023-08;130;educacion;7391441;ARS
17;2023-08;133;servicios;8345981;ARS
17;2023-08;131;recreacion;4223726;ARS
17;2023-08;135;vestimenta;2805501;ARS
17;2023-09;129;alimentos;37897698;ARS
17;2023-09;136;vivienda;37579705;ARS
17;2023-09;134;transporte;16037827;ARS
17;2023-09;132;salud;12087578;ARS
17;2023-09;130;educacion;6312960;ARS
17;2023-09;133;servicios;8562551;ARS
17;2023-09;131;recreacion;5458569;ARS
17;2023-09;135;vestimenta;3115849;ARS
17;2023-10;129;alimentos;40926318;ARS
17;2023-10;136;vivienda;40566876;ARS
17;2023-10;134;transporte;18748292;ARS
17;2023-10;132;salud;12805328;ARS
17;2023-10;130;educacion;7378335;ARS
17;2023-10;133;servicios;9648050;ARS
17;2023-10;131;recreacion;4643320;ARS
17;2023-10;135;vestimenta;2445668;ARS
17;2023-11;129;alimentos;37744263;ARS
17;2023-11;136;vivienda;39188083;ARS
17;2023-11;134;transporte;15250413;ARS
17;2023-11;132;salud;11391703;ARS
17;2023-11;130;educacion;7529823;ARS
17;2023-11;133;servicios;10197609;ARS
17;2023-11;131;recreacion;6042219;ARS
17;2023-11;135;vestimenta;3534182;ARS
17;2023-12;129;alimentos;45251300;ARS
17;2023-12;136;vivienda;44309628;ARS
17;2023-12;134;transporte;18084098;ARS
17;2023-12;132;salud;13572291;ARS
17;2023-12;130;educacion;8194724;ARS
17;2023-12;133;servicios;10566684;ARS
17;2023-12;131;recreacion;6158224;ARS
17;2023-12;135;vestimenta;3040295;ARS
17;2024-01;129;alimentos;50192174;ARS
17;2024-01;136;vivienda;42205101;ARS
17;2024-01;134;transporte;16842353;ARS
17;2024-01;132;salud;15478664;ARS
17;2024-01;130;educacion;9652725;ARS
17;2024-01;133;servicios;12708368;ARS
17;2024-01;131;recreacion;7034499;ARS
17;2024-01;135;vestimenta;5571263;ARS
17;2024-02;129;alimentos;41759165;ARS
17;2024-02;136;vivienda;48370886;ARS
17;2024-02;134;transporte;17157050;ARS
17;2024-02;132;salud;15169424;ARS
17;2024-02;130;educacion;9169009;ARS
17;2024-02;133;servicios;12513803;ARS
17;2024-02;131;recreacion;6902622;ARS
17;2024-02;135;vestimenta;5425368;ARS
17;2024-03;129;alimentos;43708765;ARS
17;2024-03;136;vivienda;50609928;ARS
17;2024-03;134;transporte;21627568;ARS
17;2024-03;132;salud;15562635;ARS
17;2024-03;130;educacion;10024324;ARS
17;2024-03;133;servicios;13280558;ARS
17;2024-03;131;recreacion;7196319;ARS
17;2024-03;135;vestimenta;5434470;ARS
17;2024-04;129;alimentos;43672309;ARS
17;2024-04;136;vivienda;51334340;ARS
17;2024-04;134;transporte;20536707;ARS
17;2024-04;132;salud;15439601;ARS
17;2024-04;130;educacion;9170748;ARS
17;2024-04;133;servicios;12913287;ARS
17;2024-04;131;recreacion;5078582;ARS
17;2024-04;135;vestimenta;3520319;ARS
17;2024-05;129;alimentos;57516897;ARS
17;2024-05;136;vivienda;52200641;ARS
17;2024-05;134;transporte;22435446;ARS
17;2024-05;132;salud;17590963;ARS
17;2024-05;130;educacion;9052566;ARS
17;2024-05;133;servicios;13222777;ARS
17;2024-05;131;recreacion;6069775;ARS
17;2024-05;135;vestimenta;5092111;ARS
17;2024-06;129;alimentos;55130668;ARS
17;2024-06;136;vivienda;50645665;ARS
17;2024-06;134;transporte;24331651;ARS
17;2024-06;132;salud;15498471;ARS
17;2024-06;130;educacion;10171846;ARS
17;2024-06;133;servicios;14218002;ARS
17;2024-06;131;recreacion;7208054;ARS
17;2024-06;135;vestimenta;6052182;ARS
17;2024-07;129;alimentos;63143163;ARS
17;2024-07;136;vivienda;55750723;ARS
17;2024-07;134;transporte;21895167;ARS
17;2024-07;132;salud;18551591;ARS
17;2024-07;130;educacion;9564418;ARS
17;2024-07;133;servicios;15520826;ARS
17;2024-07;131;recreacion;8498013;ARS
17;2024-07;135;vestimenta;5802575;ARS
17;2024-08;129;alimentos;67615072;ARS
17;2024-08;136;vivienda;61602107;ARS
17;2024-08;134;transporte;25637287;ARS
17;2024-08;132;salud;17912474;ARS
17;2024-08;130;educacion;9598725;ARS
17;2024-08;133;servicios;15367784;ARS
17;2024-08;131;recreacion;9611592;ARS
17;2024-08;135;vestimenta;5145713;ARS
17;2024-09;129;alimentos;64790432;ARS
17;2024-09;136;vivienda;62599934;ARS
17;2024-09;134;transporte;26645481;ARS
17;2024-09;132;salud;21505982;ARS
17;2024-09;130;educacion;11575181;ARS
17;2024-09;133;servicios;13101693;ARS
17;2024-09;131;recreacion;8257025;ARS
17;2024-09;135;vestimenta;7616919;ARS
17;2024-10;129;alimentos;62442420;ARS
17;2024-10;136;vivienda;64606339;ARS
17;2024-10;134;transporte;24709930;ARS
17;2024-10;132;salud;20966558;ARS
17;2024-10;130;educacion;11238734;ARS
17;2024-10;133;servicios;15650000;ARS
17;2024-10;131;recreacion;8529668;ARS
17;2024-10;135;vestimenta;5072101;ARS
17;2024-11;129;alimentos;60179726;ARS
17;2024-11;136;vivienda;64258385;ARS
17;2024-11;134;transporte;29180460;ARS
17;2024-11;132;salud;19559848;ARS
17;2024-11;130;educacion;12782842;ARS
17;2024-11;133;servicios;17848199;ARS
17;2024-11;131;recreacion;8330264;ARS
17;2024-11;135;vestimenta;7268766;ARS
17;2024-12;129;alimentos;66880090;ARS
17;2024-12;136;vivienda;71447147;ARS
17;2024-12;134;transporte;33139180;ARS
17;2024-12;132;salud;20009665;ARS
17;2024-12;130;educacion;13193159;ARS
17;2024-12;133;servicios;18094146;ARS
17;2024-12;131;recreacion;12400535;ARS
17;2024-12;135;vestimenta;7475568;ARS
17;2025-01;129;alimentos;73249456;ARS
17;2025-01;136;vivienda;77232407;ARS
17;2025-01;134;transporte;28391243;ARS
17;2025-01;132;salud;18704649;ARS
17;2025-01;130;educacion;12312679;ARS
17;2025-01;133;servicios;19144875;ARS
17;2025-01;131;recreacion;14583110;ARS
17;2025-01;135;vestimenta;6949493;ARS
17;2025-02;129;alimentos;63569916;ARS
17;2025-02;136;vivienda;78966890;ARS
17;2025-02;134;transporte;32714395;ARS
17;2025-02;132;salud;24422344;ARS
17;2025-02;130;educacion;16415162;ARS
17;2025-02;133;servicios;20349904;ARS
17;2025-02;131;recreacion;9016602;ARS
17;2025-02;135;vestimenta;6361947;ARS
17;2025-03;129;alimentos;91414798;ARS
17;2025-03;136;vivienda;86594707;ARS
17;2025-03;134;transporte;39876810;ARS
17;2025-03;132;salud;24659032;ARS
17;2025-03;130;educacion;18110736;ARS
17;2025-03;133;servicios;20135612;ARS
17;2025-03;131;recreacion;12138373;ARS
17;2025-03;135;vestimenta;5596204;ARS
17;2025-04;129;alimentos;123989090;ARS
17;2025-04;136;vivienda;86922133;ARS
17;2025-04;134;transporte;38625284;ARS
17;2025-04;132;salud;26494669;ARS
17;2025-04;130;educacion;13475636;ARS
17;2025-04;133;servicios;20093851;ARS
17;2025-04;131;recreacion;10992161;ARS
17;2025-04;135;vestimenta;9859754;ARS
17;2025-05;129;alimentos;77426478;ARS
17;2025-05;136;vivienda;91832271;ARS
17;2025-05;134;transporte;38206401;ARS
17;2025-05;132;salud;28979605;ARS
17;2025-05;130;educacion;14889567;ARS
17;2025-05;133;servicios;21806364;ARS
17;2025-05;131;recreacion;10321400;ARS
17;2025-05;135;vestimenta;10656047;ARS
17;2025-06;129;alimentos;95545747;ARS
17;2025-06;136;vivienda;93254240;ARS
17;2025-06;134;transporte;38053301;ARS
17;2025-06;132;salud;31082573;ARS
17;2025-06;130;educacion;17308148;ARS
17;2025-06;133;servicios;24331479;ARS
17;2025-06;131;recreacion;8449036;ARS
17;2025-06;135;vestimenta;9467411;ARS
17;2025-07;129;alimentos;92638923;ARS
17;2025-07;136;vivienda;98018768;ARS
17;2025-07;134;transporte;44263156;ARS
17;2025-07;132;salud;26043021;ARS
17;2025-07;130;educacion;18029660;ARS
17;2025-07;133;servicios;26494065;ARS
17;2025-07;131;recreacion;15712725;ARS
17;2025-07;135;vestimenta;12490957;ARS
17;2025-08;129;alimentos;98488941;ARS
17;2025-08;136;vivienda;101768206;ARS
17;2025-08;134;transporte;47923242;ARS
17;2025-08;132;salud;32286991;ARS
17;2025-08;130;educacion;17776539;ARS
17;2025-08;133;servicios;23780501;ARS
17;2025-08;131;recreacion;13076825;ARS
17;2025-08;135;vestimenta;11696250;ARS
17;2025-09;129;alimentos;139624754;ARS
17;2025-09;136;vivienda;105002564;ARS
17;2025-09;134;transporte;42019265;ARS
17;2025-09;132;salud;31103659;ARS
17;2025-09;130;educacion;18144928;ARS
17;2025-09;133;servicios;27101083;ARS
17;2025-09;131;recreacion;12346606;ARS
17;2025-09;135;vestimenta;11050762;ARS
17;2025-10;129;alimentos;112418522;ARS
17;2025-10;136;vivienda;108687160;ARS
17;2025-10;134;transporte;53602595;ARS
17;2025-10;132;salud;35260238;ARS
17;2025-10;130;educacion;19053136;ARS
17;2025-10;133;servicios;26730129;ARS
17;2025-10;131;recreacion;13810161;ARS
17;2025-10;135;vestimenta;9966726;ARS
17;2025-11;129;alimentos;128064592;ARS
17;2025-11;136;vivienda;114818593;ARS
17;2025-11;134;transporte;42396822;ARS
17;2025-11;132;salud;31353696;ARS
17;2025-11;130;educacion;19749171;ARS
17;2025-11;133;servicios;29218917;ARS
17;2025-11;131;recreacion;17301138;ARS
17;2025-11;135;vestimenta;8971093;ARS
17;2025-12;129;alimentos;147573303;ARS
17;2025-12;136;vivienda;114275340;ARS
17;2025-12;134;transporte;53415992;ARS
17;2025-12;132;salud;28298723;ARS
17;2025-12;130;educacion;22223657;ARS
17;2025-12;133;servicios;33625906;ARS
17;2025-12;131;recreacion;13151937;ARS
17;2025-12;135;vestimenta;13151899;ARS
18;2023-01;137;alimentos;25421117;ARS
18;2023-01;144;vivienda;33075777;ARS
18;2023-01;142;transporte;12586735;ARS
18;2023-01;140;salud;7845866;ARS
18;2023-01;138;educacion;9149576;ARS
18;2023-01;141;servicios;6125145;ARS
18;2023-01;139;recreacion;4446342;ARS
18;2023-01;143;vestimenta;1946863;ARS
18;2023-02;137;alimentos;29771793;ARS
18;2023-02;144;vivienda;33116098;ARS
18;2023-02;142;transporte;11241053;ARS
18;2023-02;140;salud;9738630;ARS
18;2023-02;138;educacion;10712588;ARS
18;2023-02;141;servicios;7751248;ARS
18;2023-02;139;recreacion;4785985;ARS
18;2023-02;143;vestimenta;2363430;ARS
18;2023-03;137;alimentos;28493698;ARS
18;2023-03;144;vivienda;35042339;ARS
18;2023-03;142;transporte;14055039;ARS
18;2023-03;140;salud;8783258;ARS
18;2023-03;138;educacion;9957373;ARS
18;2023-03;141;servicios;8256726;ARS
18;2023-03;139;recreacion;5160664;ARS
18;2023-03;143;vestimenta;3012792;ARS
18;2023-04;137;alimentos;31355325;ARS
18;2023-04;144;vivienda;36709968;ARS
18;2023-04;142;transporte;15208309;ARS
18;2023-04;140;salud;8624379;ARS
18;2023-04;138;educacion;10771578;ARS
18;2023-04;141;servicios;8406162;ARS
18;2023-04;139;recreacion;4297811;ARS
18;2023-04;143;vestimenta;3557108;ARS
18;2023-05;137;alimentos;36115355;ARS
18;2023-05;144;vivienda;36447298;ARS
18;2023-05;142;transporte;13700442;ARS
18;2023-05;140;salud;8667330;ARS
18;2023-05;138;educacion;9206617;ARS
18;2023-05;141;servicios;8850304;ARS
18;2023-05;139;recreacion;4431204;ARS
18;2023-05;143;vestimenta;2620305;ARS
18;2023-06;137;alimentos;34863625;ARS
18;2023-06;144;vivienda;40716003;ARS
18;2023-06;142;transporte;16383337;ARS
18;2023-06;140;salud;11077044;ARS
18;2023-06;138;educacion;9010524;ARS
18;2023-06;141;servicios;8444998;ARS
18;2023-06;139;recreacion;7979430;ARS
18;2023-06;143;vestimenta;2417782;ARS
18;2023-07;137;alimentos;31933881;ARS
18;2023-07;144;vivienda;40785974;ARS
18;2023-07;142;transporte;19096722;ARS
18;2023-07;140;salud;11343593;ARS
18;2023-07;138;educacion;11528731;ARS
18;2023-07;141;servicios;8709196;ARS
18;2023-07;139;recreacion;4929394;ARS
18;2023-07;143;vestimenta;3753628;ARS
18;2023-08;137;alimentos;31761624;ARS
18;2023-08;144;vivienda;41298144;ARS
18;2023-08;142;transporte;14485840;ARS
18;2023-08;140;salud;9174241;ARS
18;2023-08;138;educacion;11257528;ARS
18;2023-08;141;servicios;11330635;ARS
18;2023-08;139;recreacion;7615839;ARS
18;2023-08;143;vestimenta;3928788;ARS
18;2023-09;137;alimentos;41739175;ARS
18;2023-09;144;vivienda;44119981;ARS
18;2023-09;142;transporte;20632646;ARS
18;2023-09;140;salud;12095597;ARS
18;2023-09;138;educacion;12957156;ARS
18;2023-09;141;servicios;10465271;ARS
18;2023-09;139;recreacion;7589878;ARS
18;2023-09;143;vestimenta;3104579;ARS
18;2023-10;137;alimentos;36279569;ARS
18;2023-10;144;vivienda;46559998;ARS
18;2023-10;142;transporte;17677939;ARS
18;2023-10;140;salud;13039152;ARS
18;2023-10;138;educacion;11910241;ARS
18;2023-10;141;servicios;10074909;ARS
18;2023-10;139;recreacion;8973859;ARS
18;2023-10;143;vestimenta;3301494;ARS
18;2023-11;137;alimentos;31413157;ARS
18;2023-11;144;vivienda;50554269;ARS
18;2023-11;142;transporte;20595281;ARS
18;2023-11;140;salud;13374675;ARS
18;2023-11;138;educacion;13373973;ARS
18;2023-11;141;servicios;10857407;ARS
18;2023-11;139;recreacion;6259490;ARS
18;2023-11;143;vestimenta;3427095;ARS
18;2023-12;137;alimentos;38464064;ARS
18;2023-12;144;vivienda;50493531;ARS
18;2023-12;142;transporte;18722083;ARS
18;2023-12;140;salud;14732140;ARS
18;2023-12;138;educacion;11559599;ARS
18;2023-12;141;servicios;13097254;ARS
18;2023-12;139;recreacion;10080171;ARS
18;2023-12;143;vestimenta;4377740;ARS
18;2024-01;137;alimentos;47747510;ARS
18;2024-01;144;vivienda;54257809;ARS
18;2024-01;142;transporte;20032251;ARS
18;2024-01;140;salud;13933955;ARS
18;2024-01;138;educacion;13808801;ARS
18;2024-01;141;servicios;11974669;ARS
18;2024-01;139;recreacion;9018872;ARS
18;2024-01;143;vestimenta;3634233;ARS
18;2024-02;137;alimentos;41672604;ARS
18;2024-02;144;vivienda;54638865;ARS
18;2024-02;142;transporte;22370084;ARS
18;2024-02;140;salud;14724496;ARS
18;2024-02;138;educacion;17981850;ARS
18;2024-02;141;servicios;12833115;ARS
18;2024-02;139;recreacion;11529919;ARS
18;2024-02;143;vestimenta;3687984;ARS
18;2024-03;137;alimentos;45744473;ARS
18;2024-03;144;vivienda;53784242;ARS
18;2024-03;142;transporte;22831925;ARS
18;2024-03;140;salud;16727943;ARS
18;2024-03;138;educacion;15975794;ARS
18;2024-03;141;servicios;14220708;ARS
18;2024-03;139;recreacion;11633049;ARS
18;2024-03;143;vestimenta;3205628;ARS
18;2024-04;137;alimentos;49765080;ARS
18;2024-04;144;vivienda;62522561;ARS
18;2024-04;142;transporte;25084903;ARS
18;2024-04;140;salud;12777109;ARS
18;2024-04;138;educacion;18317642;ARS
18;2024-04;141;servicios;12178312;ARS
18;2024-04;139;recreacion;9040096;ARS
18;2024-04;143;vestimenta;4505431;ARS
18;2024-05;137;alimentos;43237176;ARS
18;2024-05;144;vivienda;64749734;ARS
18;2024-05;142;transporte;26378516;ARS
18;2024-05;140;salud;16616404;ARS
18;2024-05;138;educacion;14831434;ARS
18;2024-05;141;servicios;15565880;ARS
18;2024-05;139;recreacion;9469537;ARS
18;2024-05;143;vestimenta;5092291;ARS
18;2024-06;137;alimentos;51572691;ARS
18;2024-06;144;vivienda;68201926;ARS
18;2024-06;142;transporte;25643083;ARS
18;2024-06;140;salud;16914212;ARS
18;2024-06;138;educacion;16198737;ARS
18;2024-06;141;servicios;17504099;ARS
18;2024-06;139;recreacion;11161500;ARS
18;2024-06;143;vestimenta;4781692;ARS
18;2024-07;137;alimentos;62851104;ARS
18;2024-07;144;vivienda;64722329;ARS
18;2024-07;142;transporte;26787157;ARS
18;2024-07;140;salud;21987129;ARS
18;2024-07;138;educacion;16061349;ARS
18;2024-07;141;servicios;13377174;ARS
18;2024-07;139;recreacion;10446497;ARS
18;2024-07;143;vestimenta;6123708;ARS
18;2024-08;137;alimentos;56663391;ARS
18;2024-08;144;vivienda;72625446;ARS
18;2024-08;142;transporte;26968823;ARS
18;2024-08;140;salud;19884105;ARS
18;2024-08;138;educacion;18708262;ARS
18;2024-08;141;servicios;15019263;ARS
18;2024-08;139;recreacion;10014904;ARS
18;2024-08;143;vestimenta;5705935;ARS
18;2024-09;137;alimentos;58797612;ARS
18;2024-09;144;vivienda;73634923;ARS
18;2024-09;142;transporte;34387003;ARS
18;2024-09;140;salud;23246327;ARS
18;2024-09;138;educacion;18861493;ARS
18;2024-09;141;servicios;17848665;ARS
18;2024-09;139;recreacion;11960144;ARS
18;2024-09;143;vestimenta;6279690;ARS
18;2024-10;137;alimentos;66996962;ARS
18;2024-10;144;vivienda;79870431;ARS
18;2024-10;142;transporte;27382841;ARS
18;2024-10;140;salud;23018930;ARS
18;2024-10;138;educacion;23770491;ARS
18;2024-10;141;servicios;16902512;ARS
18;2024-10;139;recreacion;10195970;ARS
18;2024-10;143;vestimenta;5931075;ARS
18;2024-11;137;alimentos;72790299;ARS
18;2024-11;144;vivienda;82858689;ARS
18;2024-11;142;transporte;30290252;ARS
18;2024-11;140;salud;23921864;ARS
18;2024-11;138;educacion;22898929;ARS
18;2024-11;141;servicios;19589198;ARS
18;2024-11;139;recreacion;13956671;ARS
18;2024-11;143;vestimenta;5042359;ARS
18;2024-12;137;alimentos;72190591;ARS
18;2024-12;144;vivienda;83282901;ARS
18;2024-12;142;transporte;32492844;ARS
18;2024-12;140;salud;20219775;ARS
18;2024-12;138;educacion;21806437;ARS
18;2024-12;141;servicios;22026796;ARS
18;2024-12;139;recreacion;14776269;ARS
18;2024-12;143;vestimenta;9434208;ARS
18;2025-01;137;alimentos;56850841;ARS
18;2025-01;144;vivienda;89997330;ARS
18;2025-01;142;transporte;42140308;ARS
18;2025-01;140;salud;22475789;ARS
18;2025-01;138;educacion;25106095;ARS
18;2025-01;141;servicios;18823573;ARS
18;2025-01;139;recreacion;12988619;ARS
18;2025-01;143;vestimenta;5213238;ARS
18;2025-02;137;alimentos;69504719;ARS
18;2025-02;144;vivienda;90327489;ARS
18;2025-02;142;transporte;36358820;ARS
18;2025-02;140;salud;23143030;ARS
18;2025-02;138;educacion;24768489;ARS
18;2025-02;141;servicios;20177895;ARS
18;2025-02;139;recreacion;13902829;ARS
18;2025-02;143;vestimenta;4450133;ARS
18;2025-03;137;alimentos;76936080;ARS
18;2025-03;144;vivienda;99438599;ARS
18;2025-03;142;transporte;36785697;ARS
18;2025-03;140;salud;21838823;ARS
18;2025-03;138;educacion;26900916;ARS
18;2025-03;141;servicios;23643574;ARS
18;2025-03;139;recreacion;14073105;ARS
18;2025-03;143;vestimenta;5039381;ARS
18;2025-04;137;alimentos;89509564;ARS
18;2025-04;144;vivienda;109048640;ARS
18;2025-04;142;transporte;30045248;ARS
18;2025-04;140;salud;29967558;ARS
18;2025-04;138;educacion;26321558;ARS
18;2025-04;141;servicios;25870436;ARS
18;2025-04;139;recreacion;19548213;ARS
18;2025-04;143;vestimenta;6534603;ARS
18;2025-05;137;alimentos;79609034;ARS
18;2025-05;144;vivienda;113956549;ARS
18;2025-05;142;transporte;42246718;ARS
18;2025-05;140;salud;28914334;ARS
18;2025-05;138;educacion;29132626;ARS
18;2025-05;141;servicios;25950103;ARS
18;2025-05;139;recreacion;18714584;ARS
18;2025-05;143;vestimenta;7954586;ARS
18;2025-06;137;alimentos;87329613;ARS
18;2025-06;144;vivienda;117574200;ARS
18;2025-06;142;transporte;43775339;ARS
18;2025-06;140;salud;25558252;ARS
18;2025-06;138;educacion;33033439;ARS
18;2025-06;141;servicios;21888880;ARS
18;2025-06;139;recreacion;15786005;ARS
18;2025-06;143;vestimenta;5488440;ARS
18;2025-07;137;alimentos;97353508;ARS
18;2025-07;144;vivienda;119471984;ARS
18;2025-07;142;transporte;38096655;ARS
18;2025-07;140;salud;32733214;ARS
18;2025-07;138;educacion;29142803;ARS
18;2025-07;141;servicios;26170402;ARS
18;2025-07;139;recreacion;14829463;ARS
18;2025-07;143;vestimenta;7464435;ARS
18;2025-08;137;alimentos;97718890;ARS
18;2025-08;144;vivienda;125306605;ARS
18;2025-08;142;transporte;48938391;ARS
18;2025-08;140;salud;30111815;ARS
18;2025-08;138;educacion;34779115;ARS
18;2025-08;141;servicios;32166871;ARS
18;2025-08;139;recreacion;19856340;ARS
18;2025-08;143;vestimenta;10046623;ARS
18;2025-09;137;alimentos;98749092;ARS
18;2025-09;144;vivienda;127651746;ARS
18;2025-09;142;transporte;44399816;ARS
18;2025-09;140;salud;35748930;ARS
18;2025-09;138;educacion;31833523;ARS
18;2025-09;141;servicios;30809778;ARS
18;2025-09;139;recreacion;22876343;ARS
18;2025-09;143;vestimenta;10928847;ARS
18;2025-10;137;alimentos;105484918;ARS
18;2025-10;144;vivienda;137568437;ARS
18;2025-10;142;transporte;44184198;ARS
18;2025-10;140;salud;36307415;ARS
18;2025-10;138;educacion;37536116;ARS
18;2025-10;141;servicios;32284383;ARS
18;2025-10;139;recreacion;21735299;ARS
18;2025-10;143;vestimenta;12293353;ARS
18;2025-11;137;alimentos;115503544;ARS
18;2025-11;144;vivienda;148145934;ARS
18;2025-11;142;transporte;53151088;ARS
18;2025-11;140;salud;37667786;ARS
18;2025-11;138;educacion;39001307;ARS
18;2025-11;141;servicios;39323297;ARS
18;2025-11;139;recreacion;26846772;ARS
18;2025-11;143;vestimenta;9642084;ARS
18;2025-12;137;alimentos;130790089;ARS
18;2025-12;144;vivienda;147512768;ARS
18;2025-12;142;transporte;53215224;ARS
18;2025-12;140;salud;42836768;ARS
18;2025-12;138;educacion;38555434;ARS
18;2025-12;141;servicios;31134465;ARS
18;2025-12;139;recreacion;28748957;ARS
18;2025-12;143;vestimenta;10942517;ARS
19;2023-01;145;alimentos;19422990;ARS
19;2023-01;152;vivienda;21586039;ARS
19;2023-01;150;transporte;10135787;ARS
19;2023-01;148;salud;4123287;ARS
19;2023-01;146;educacion;5516181;ARS
19;2023-01;149;servicios;6414324;ARS
19;2023-01;147;recreacion;2907659;ARS
19;2023-01;151;vestimenta;1909764;ARS
19;2023-02;145;alimentos;18729246;ARS
19;2023-02;152;vivienda;23349891;ARS
19;2023-02;150;transporte;9316517;ARS
19;2023-02;148;salud;5752177;ARS
19;2023-02;146;educacion;6941938;ARS
19;2023-02;149;servicios;8276724;ARS
19;2023-02;147;recreacion;3700773;ARS
19;2023-02;151;vestimenta;2903189;ARS
19;2023-03;145;alimentos;23239342;ARS
19;2023-03;152;vivienda;24128024;ARS
19;2023-03;150;transporte;12495469;ARS
19;2023-03;148;salud;5372829;ARS
19;2023-03;146;educacion;6613115;ARS
19;2023-03;149;servicios;8082477;ARS
19;2023-03;147;recreacion;3642515;ARS
19;2023-03;151;vestimenta;2442232;ARS
19;2023-04;145;alimentos;22910971;ARS
19;2023-04;152;vivienda;23713582;ARS
19;2023-04;150;transporte;8876056;ARS
19;2023-04;148;salud;5469013;ARS
19;2023-04;146;educacion;7227054;ARS
19;2023-04;149;servicios;8515272;ARS
19;2023-04;147;recreacion;3250477;ARS
19;2023-04;151;vestimenta;3945748;ARS
19;2023-05;145;alimentos;24564431;ARS
19;2023-05;152;vivienda;24719744;ARS
19;2023-05;150;transporte;13241318;ARS
19;2023-05;148;salud;6630813;ARS
19;2023-05;146;educacion;7591220;ARS
19;2023-05;149;servicios;7681209;ARS
19;2023-05;147;recreacion;3082697;ARS
19;2023-05;151;vestimenta;3817823;ARS
19;2023-06;145;alimentos;21609334;ARS
19;2023-06;152;vivienda;26201323;ARS
19;2023-06;150;transporte;11775309;ARS
19;2023-06;148;salud;6287197;ARS
19;2023-06;146;educacion;7871070;ARS
19;2023-06;149;servicios;9555000;ARS
19;2023-06;147;recreacion;4291170;ARS
19;2023-06;151;vestimenta;3497091;ARS
19;2023-07;145;alimentos;22783522;ARS
19;2023-07;152;vivienda;26255775;ARS
19;2023-07;150;transporte;14788740;ARS
19;2023-07;148;salud;6869540;ARS
19;2023-07;146;educacion;7500284;ARS
19;2023-07;149;servicios;9289855;ARS
19;2023-07;147;recreacion;3801203;ARS
19;2023-07;151;vestimenta;3739777;ARS
19;2023-08;145;alimentos;22084920;ARS
19;2023-08;152;vivienda;28477400;ARS
19;2023-08;150;transporte;10951246;ARS
19;2023-08;148;salud;6425103;ARS
19;2023-08;146;educacion;7887898;ARS
19;2023-08;149;servicios;10981763;ARS
19;2023-08;147;recreacion;3759630;ARS
19;2023-08;151;vestimenta;3109603;ARS
19;2023-09;145;alimentos;29260845;ARS
19;2023-09;152;vivienda;30860849;ARS
19;2023-09;150;transporte;12964948;ARS
19;2023-09;148;salud;7242837;ARS
19;2023-09;146;educacion;8418851;ARS
19;2023-09;149;servicios;12552886;ARS
19;2023-09;147;recreacion;3941226;ARS
19;2023-09;151;vestimenta;3206371;ARS
19;2023-10;145;alimentos;36030108;ARS
19;2023-10;152;vivienda;30683004;ARS
19;2023-10;150;transporte;13654088;ARS
19;2023-10;148;salud;9413016;ARS
19;2023-10;146;educacion;7939410;ARS
19;2023-10;149;servicios;12990668;ARS
19;2023-10;147;recreacion;5330061;ARS
19;2023-10;151;vestimenta;4378228;ARS
19;2023-11;145;alimentos;29264885;ARS
19;2023-11;152;vivienda;32052894;ARS
19;2023-11;150;transporte;15248349;ARS
19;2023-11;148;salud;8859379;ARS
19;2023-11;146;educacion;8276623;ARS
19;2023-11;149;servicios;10415469;ARS
19;2023-11;147;recreacion;5193983;ARS
19;2023-11;151;vestimenta;4007923;ARS
19;2023-12;145;alimentos;34776627;ARS
19;2023-12;152;vivienda;34357929;ARS
19;2023-12;150;transporte;13224655;ARS
19;2023-12;148;salud;9172927;ARS
19;2023-12;146;educacion;8521445;ARS
19;2023-12;149;servicios;11997508;ARS
19;2023-12;147;recreacion;6953938;ARS
19;2023-12;151;vestimenta;4434139;ARS
19;2024-01;145;alimentos;41393798;ARS
19;2024-01;152;vivienda;36881961;ARS
19;2024-01;150;transporte;12835505;ARS
19;2024-01;148;salud;10146520;ARS
19;2024-01;146;educacion;9478548;ARS
19;2024-01;149;servicios;12140391;ARS
19;2024-01;147;recreacion;5526706;ARS
19;2024-01;151;vestimenta;3298148;ARS
19;2024-02;145;alimentos;35877794;ARS
19;2024-02;152;vivienda;37892038;ARS
19;2024-02;150;transporte;15483127;ARS
19;2024-02;148;salud;9365331;ARS
19;2024-02;146;educacion;10130148;ARS
19;2024-02;149;servicios;13840102;ARS
19;2024-02;147;recreacion;4599127;ARS
19;2024-02;151;vestimenta;4936839;ARS
19;2024-03;145;alimentos;39752008;ARS
19;2024-03;152;vivienda;39388908;ARS
19;2024-03;150;transporte;21786058;ARS
19;2024-03;148;salud;10088833;ARS
19;2024-03;146;educacion;11122659;ARS
19;2024-03;149;servicios;15199792;ARS
19;2024-03;147;recreacion;6805900;ARS
19;2024-03;151;vestimenta;5027221;ARS
19;2024-04;145;alimentos;41516447;ARS
19;2024-04;152;vivienda;39843412;ARS
19;2024-04;150;transporte;21343055;ARS
19;2024-04;148;salud;10382719;ARS
19;2024-04;146;educacion;11455142;ARS
19;2024-04;149;servicios;16217568;ARS
19;2024-04;147;recreacion;8104938;ARS
19;2024-04;151;vestimenta;3153379;ARS
19;2024-05;145;alimentos;34703725;ARS
19;2024-05;152;vivienda;41446834;ARS
19;2024-05;150;transporte;19509320;ARS
19;2024-05;148;salud;11492228;ARS
19;2024-05;146;educacion;12088336;ARS
19;2024-05;149;servicios;14167041;ARS
19;2024-05;147;recreacion;6628465;ARS
19;2024-05;151;vestimenta;5265959;ARS
19;2024-06;145;alimentos;47726199;ARS
19;2024-06;152;vivienda;44781560;ARS
19;2024-06;150;transporte;19445223;ARS
19;2024-06;148;salud;10879400;ARS
19;2024-06;146;educacion;13749992;ARS
19;2024-06;149;servicios;15989906;ARS
19;2024-06;147;recreacion;6898830;ARS
19;2024-06;151;vestimenta;5955763;ARS
19;2024-07;145;alimentos;44765999;ARS
19;2024-07;152;vivienda;46979509;ARS
19;2024-07;150;transporte;21757925;ARS
19;2024-07;148;salud;11687569;ARS
19;2024-07;146;educacion;10105819;ARS
19;2024-07;149;servicios;16509421;ARS
19;2024-07;147;recreacion;6766036;ARS
19;2024-07;151;vestimenta;6101153;ARS
19;2024-08;145;alimentos;45637261;ARS
19;2024-08;152;vivienda;48569862;ARS
19;2024-08;150;transporte;20650824;ARS
19;2024-08;148;salud;11279916;ARS
19;2024-08;146;educacion;13379022;ARS
19;2024-08;149;servicios;17901204;ARS
19;2024-08;147;recreacion;9474896;ARS
19;2024-08;151;vestimenta;5149098;ARS
19;2024-09;145;alimentos;55848418;ARS
19;2024-09;152;vivienda;51109661;ARS
19;2024-09;150;transporte;23944941;ARS
19;2024-09;148;salud;14625410;ARS
19;2024-09;146;educacion;14086144;ARS
19;2024-09;149;servicios;19940789;ARS
19;2024-09;147;recreacion;7740684;ARS
19;2024-09;151;vestimenta;3643977;ARS
19;2024-10;145;alimentos;52830102;ARS
19;2024-10;152;vivienda;55029564;ARS
19;2024-10;150;transporte;24829399;ARS
19;2024-10;148;salud;11590799;ARS
19;2024-10;146;educacion;11952544;ARS
19;2024-10;149;servicios;16167371;ARS
19;2024-10;147;recreacion;7851752;ARS
19;2024-10;151;vestimenta;6420037;ARS
19;2024-11;145;alimentos;53245205;ARS
19;2024-11;152;vivienda;59355441;ARS
19;2024-11;150;transporte;24210916;ARS
19;2024-11;148;salud;14485223;ARS
19;2024-11;146;educacion;14401652;ARS
19;2024-11;149;servicios;20311052;ARS
19;2024-11;147;recreacion;10803964;ARS
19;2024-11;151;vestimenta;5733136;ARS
19;2024-12;145;alimentos;59914002;ARS
19;2024-12;152;vivienda;62574277;ARS
19;2024-12;150;transporte;22879007;ARS
19;2024-12;148;salud;15515149;ARS
19;2024-12;146;educacion;16999885;ARS
19;2024-12;149;servicios;18208696;ARS
19;2024-12;147;recreacion;10804376;ARS
19;2024-12;151;vestimenta;5231298;ARS
19;2025-01;145;alimentos;47820582;ARS
19;2025-01;152;vivienda;62317280;ARS
19;2025-01;150;transporte;28350798;ARS
19;2025-01;148;salud;14855136;ARS
19;2025-01;146;educacion;15262534;ARS
19;2025-01;149;servicios;22968429;ARS
19;2025-01;147;recreacion;10163298;ARS
19;2025-01;151;vestimenta;8757552;ARS
19;2025-02;145;alimentos;55261888;ARS
19;2025-02;152;vivienda;66890646;ARS
19;2025-02;150;transporte;25505349;ARS
19;2025-02;148;salud;14495410;ARS
19;2025-02;146;educacion;20204204;ARS
19;2025-02;149;servicios;18668851;ARS
19;2025-02;147;recreacion;11004923;ARS
19;2025-02;151;vestimenta;5620641;ARS
19;2025-03;145;alimentos;67649761;ARS
19;2025-03;152;vivienda;67456557;ARS
19;2025-03;150;transporte;34154531;ARS
19;2025-03;148;salud;20626641;ARS
19;2025-03;146;educacion;19651076;ARS
19;2025-03;149;servicios;21107203;ARS
19;2025-03;147;recreacion;10245187;ARS
19;2025-03;151;vestimenta;8887073;ARS
19;2025-04;145;alimentos;48259623;ARS
19;2025-04;152;vivienda;72262739;ARS
19;2025-04;150;transporte;28297364;ARS
19;2025-04;148;salud;18760126;ARS
19;2025-04;146;educacion;23918071;ARS
19;2025-04;149;servicios;19790428;ARS
19;2025-04;147;recreacion;10336455;ARS
19;2025-04;151;vestimenta;9061975;ARS
19;2025-05;145;alimentos;61763639;ARS
19;2025-05;152;vivienda;75471903;ARS
19;2025-05;150;transporte;33815775;ARS
19;2025-05;148;salud;18684258;ARS
19;2025-05;146;educacion;16835155;ARS
19;2025-05;149;servicios;23872911;ARS
19;2025-05;147;recreacion;12250980;ARS
19;2025-05;151;vestimenta;6680159;ARS
19;2025-06;145;alimentos;72354671;ARS
19;2025-06;152;vivienda;75666551;ARS
19;2025-06;150;transporte;27669887;ARS
19;2025-06;148;salud;20919672;ARS
19;2025-06;146;educacion;22838668;ARS
19;2025-06;149;servicios;26659334;ARS
19;2025-06;147;recreacion;14133021;ARS
19;2025-06;151;vestimenta;7803413;ARS
19;2025-07;145;alimentos;85528043;ARS
19;2025-07;152;vivienda;83753431;ARS
19;2025-07;150;transporte;37041583;ARS
19;2025-07;148;salud;19910787;ARS
19;2025-07;146;educacion;19771924;ARS
19;2025-07;149;servicios;27784441;ARS
19;2025-07;147;recreacion;13799786;ARS
19;2025-07;151;vestimenta;10836026;ARS
19;2025-08;145;alimentos;85102563;ARS
19;2025-08;152;vivienda;84005983;ARS
19;2025-08;150;transporte;39141938;ARS
19;2025-08;148;salud;21058825;ARS
19;2025-08;146;educacion;23903492;ARS
19;2025-08;149;servicios;31256896;ARS
19;2025-08;147;recreacion;11967736;ARS
19;2025-08;151;vestimenta;9719740;ARS
19;2025-09;145;alimentos;80144196;ARS
19;2025-09;152;vivienda;86959766;ARS
19;2025-09;150;transporte;37059174;ARS
19;2025-09;148;salud;19870262;ARS
19;2025-09;146;educacion;23594031;ARS
19;2025-09;149;servicios;29767277;ARS
19;2025-09;147;recreacion;13940724;ARS
19;2025-09;151;vestimenta;11650434;ARS
19;2025-10;145;alimentos;79324588;ARS
19;2025-10;152;vivienda;94584261;ARS
19;2025-10;150;transporte;40950270;ARS
19;2025-10;148;salud;25065101;ARS
19;2025-10;146;educacion;25136415;ARS
19;2025-10;149;servicios;29685144;ARS
19;2025-10;147;recreacion;12286900;ARS
19;2025-10;151;vestimenta;10283723;ARS
19;2025-11;145;alimentos;89977221;ARS
19;2025-11;152;vivienda;95213896;ARS
19;2025-11;150;transporte;44908835;ARS
19;2025-11;148;salud;23219988;ARS
19;2025-11;146;educacion;25796533;ARS
19;2025-11;149;servicios;33162971;ARS
19;2025-11;147;recreacion;15802425;ARS
19;2025-11;151;vestimenta;11182303;ARS
19;2025-12;145;alimentos;88725056;ARS
19;2025-12;152;vivienda;104472499;ARS
19;2025-12;150;transporte;43801761;ARS
19;2025-12;148;salud;27836782;ARS
19;2025-12;146;educacion;26060496;ARS
19;2025-12;149;servicios;32879265;ARS
19;2025-12;147;recreacion;20781920;ARS
19;2025-12;151;vestimenta;11653713;ARS
20;2023-01;153;alimentos;29413938;ARS
20;2023-01;160;vivienda;24688905;ARS
20;2023-01;158;transporte;12068625;ARS
20;2023-01;156;salud;7164992;ARS
20;2023-01;154;educacion;5746892;ARS
20;2023-01;157;servicios;6155851;ARS
20;2023-01;155;recreacion;3872845;ARS
20;2023-01;159;vestimenta;2972837;ARS
20;2023-02;153;alimentos;29120679;ARS
20;2023-02;160;vivienda;26895216;ARS
20;2023-02;158;transporte;9866581;ARS
20;2023-02;156;salud;6684730;ARS
20;2023-02;154;educacion;8813396;ARS
20;2023-02;157;servicios;6375941;ARS
20;2023-02;155;recreacion;3303389;ARS
20;2023-02;159;vestimenta;1887255;ARS
20;2023-03;153;alimentos;29173887;ARS
20;2023-03;160;vivienda;26238544;ARS
20;2023-03;158;transporte;11511300;ARS
20;2023-03;156;salud;6863174;ARS
20;2023-03;154;educacion;7526476;ARS
20;2023-03;157;servicios;6801489;ARS
20;2023-03;155;recreacion;3407897;ARS
20;2023-03;159;vestimenta;2824084;ARS
20;2023-04;153;alimentos;30384196;ARS
20;2023-04;160;vivienda;27684397;ARS
20;2023-04;158;transporte;13467238;ARS
20;2023-04;156;salud;7178028;ARS
20;2023-04;154;educacion;7068410;ARS
20;2023-04;157;servicios;6871543;ARS
20;2023-04;155;recreacion;3399504;ARS
20;2023-04;159;vestimenta;3558385;ARS
20;2023-05;153;alimentos;41842640;ARS
20;2023-05;160;vivienda;31707086;ARS
20;2023-05;158;transporte;12584063;ARS
20;2023-05;156;salud;8991709;ARS
20;2023-05;154;educacion;7154942;ARS
20;2023-05;157;servicios;7406611;ARS
20;2023-05;155;recreacion;3569384;ARS
20;2023-05;159;vestimenta;4840197;ARS
20;2023-06;153;alimentos;31420844;ARS
20;2023-06;160;vivienda;31227275;ARS
20;2023-06;158;transporte;14035699;ARS
20;2023-06;156;salud;8928740;ARS
20;2023-06;154;educacion;8968966;ARS
20;2023-06;157;servicios;7661749;ARS
20;2023-06;155;recreacion;4496449;ARS
20;2023-06;159;vestimenta;3383783;ARS
20;2023-07;153;alimentos;49406933;ARS
20;2023-07;160;vivienda;33808424;ARS
20;2023-07;158;transporte;11746097;ARS
20;2023-07;156;salud;9040238;ARS
20;2023-07;154;educacion;8476727;ARS
20;2023-07;157;servicios;8904064;ARS
20;2023-07;155;recreacion;3735695;ARS
20;2023-07;159;vestimenta;3971661;ARS
20;2023-08;153;alimentos;43219646;ARS
20;2023-08;160;vivienda;34560851;ARS
20;2023-08;158;transporte;15936680;ARS
20;2023-08;156;salud;9291377;ARS
20;2023-08;154;educacion;8505646;ARS
20;2023-08;157;servicios;8203368;ARS
20;2023-08;155;recreacion;4583918;ARS
20;2023-08;159;vestimenta;4205772;ARS
20;2023-09;153;alimentos;52580915;ARS
20;2023-09;160;vivienda;40130806;ARS
20;2023-09;158;transporte;15480897;ARS
20;2023-09;156;salud;8442875;ARS
20;2023-09;154;educacion;9206978;ARS
20;2023-09;157;servicios;8718472;ARS
20;2023-09;155;recreacion;5691492;ARS
20;2023-09;159;vestimenta;4247320;ARS
20;2023-10;153;alimentos;55357224;ARS
20;2023-10;160;vivienda;37672631;ARS
20;2023-10;158;transporte;15982327;ARS
20;2023-10;156;salud;8927242;ARS
20;2023-10;154;educacion;10544153;ARS
20;2023-10;157;servicios;9412518;ARS
20;2023-10;155;recreacion;4559948;ARS
20;2023-10;159;vestimenta;3346519;ARS
20;2023-11;153;alimentos;43767463;ARS
20;2023-11;160;vivienda;39890775;ARS
20;2023-11;158;transporte;15876023;ARS
20;2023-11;156;salud;10943451;ARS
20;2023-11;154;educacion;9900526;ARS
20;2023-11;157;servicios;7988998;ARS
20;2023-11;155;recreacion;6298357;ARS
20;2023-11;159;vestimenta;4170117;ARS
20;2023-12;153;alimentos;47975490;ARS
20;2023-12;160;vivienda;40110959;ARS
20;2023-12;158;transporte;16859710;ARS
20;2023-12;156;salud;11028972;ARS
20;2023-12;154;educacion;10517704;ARS
20;2023-12;157;servicios;7792604;ARS
20;2023-12;155;recreacion;6668165;ARS
20;2023-12;159;vestimenta;4699853;ARS
20;2024-01;153;alimentos;65045396;ARS
20;2024-01;160;vivienda;44096507;ARS
20;2024-01;158;transporte;20462204;ARS
20;2024-01;156;salud;10694755;ARS
20;2024-01;154;educacion;10440697;ARS
20;2024-01;157;servicios;10686554;ARS
20;2024-01;155;recreacion;7268591;ARS
20;2024-01;159;vestimenta;3874612;ARS
20;2024-02;153;alimentos;60256718;ARS
20;2024-02;160;vivienda;43525796;ARS
20;2024-02;158;transporte;19405196;ARS
20;2024-02;156;salud;11496541;ARS
20;2024-02;154;educacion;12811404;ARS
20;2024-02;157;servicios;10975948;ARS
20;2024-02;155;recreacion;5965842;ARS
20;2024-02;159;vestimenta;4636776;ARS
20;2024-03;153;alimentos;58798018;ARS
20;2024-03;160;vivienda;47687474;ARS
20;2024-03;158;transporte;19694846;ARS
20;2024-03;156;salud;11267608;ARS
20;2024-03;154;educacion;13893462;ARS
20;2024-03;157;servicios;12146299;ARS
20;2024-03;155;recreacion;5712847;ARS
20;2024-03;159;vestimenta;6779191;ARS
20;2024-04;153;alimentos;67332557;ARS
20;2024-04;160;vivienda;45240164;ARS
20;2024-04;158;transporte;19163027;ARS
20;2024-04;156;salud;11996924;ARS
20;2024-04;154;educacion;13097959;ARS
20;2024-04;157;servicios;11818528;ARS
20;2024-04;155;recreacion;6643347;ARS
20;2024-04;159;vestimenta;5593426;ARS
20;2024-05;153;alimentos;67989925;ARS
20;2024-05;160;vivienda;50780865;ARS
20;2024-05;158;transporte;19131821;ARS
20;2024-05;156;salud;11911611;ARS
20;2024-05;154;educacion;12383407;ARS
20;2024-05;157;servicios;14124917;ARS
20;2024-05;155;recreacion;5445832;ARS
20;2024-05;159;vestimenta;7133440;ARS
20;2024-06;153;alimentos;62563177;ARS
20;2024-06;160;vivienda;50757845;ARS
20;2024-06;158;transporte;25178937;ARS
20;2024-06;156;salud;17039889;ARS
20;2024-06;154;educacion;14515273;ARS
20;2024-06;157;servicios;11474266;ARS
20;2024-06;155;recreacion;6478109;ARS
20;2024-06;159;vestimenta;5523079;ARS
20;2024-07;153;alimentos;76365586;ARS
20;2024-07;160;vivienda;54931317;ARS
20;2024-07;158;transporte;29028302;ARS
20;2024-07;156;salud;13116110;ARS
20;2024-07;154;educacion;12404734;ARS
20;2024-07;157;servicios;11011209;ARS
20;2024-07;155;recreacion;6091941;ARS
20;2024-07;159;vestimenta;8108574;ARS
20;2024-08;153;alimentos;65789126;ARS
20;2024-08;160;vivienda;56092854;ARS
20;2024-08;158;transporte;20488093;ARS
20;2024-08;156;salud;14126005;ARS
20;2024-08;154;educacion;15180191;ARS
20;2024-08;157;servicios;12143693;ARS
20;2024-08;155;recreacion;7714833;ARS
20;2024-08;159;vestimenta;8894712;ARS
20;2024-09;153;alimentos;65120245;ARS
20;2024-09;160;vivienda;61684375;ARS
20;2024-09;158;transporte;23070850;ARS
20;2024-09;156;salud;14032178;ARS
20;2024-09;154;educacion;17478665;ARS
20;2024-09;157;servicios;14855578;ARS
20;2024-09;155;recreacion;7700724;ARS
20;2024-09;159;vestimenta;7830480;ARS
20;2024-10;153;alimentos;73604433;ARS
20;2024-10;160;vivienda;61126811;ARS
20;2024-10;158;transporte;28939349;ARS
20;2024-10;156;salud;15617351;ARS
20;2024-10;154;educacion;15884030;ARS
20;2024-10;157;servicios;16240666;ARS
20;2024-10;155;recreacion;6329901;ARS
20;2024-10;159;vestimenta;9830641;ARS
20;2024-11;153;alimentos;74026636;ARS
20;2024-11;160;vivienda;68575331;ARS
20;2024-11;158;transporte;25665597;ARS
20;2024-11;156;salud;16407847;ARS
20;2024-11;154;educacion;18014534;ARS
20;2024-11;157;servicios;17471719;ARS
20;2024-11;155;recreacion;7761513;ARS
20;2024-11;159;vestimenta;6724371;ARS
20;2024-12;153;alimentos;83029106;ARS
20;2024-12;160;vivienda;69385245;ARS
20;2024-12;158;transporte;30723900;ARS
20;2024-12;156;salud;17879710;ARS
20;2024-12;154;educacion;18782012;ARS
20;2024-12;157;servicios;17158096;ARS
20;2024-12;155;recreacion;8010548;ARS
20;2024-12;159;vestimenta;4999127;ARS
20;2025-01;153;alimentos;88179944;ARS
20;2025-01;160;vivienda;69591888;ARS
20;2025-01;158;transporte;31500267;ARS
20;2025-01;156;salud;17709082;ARS
20;2025-01;154;educacion;20964984;ARS
20;2025-01;157;servicios;17246806;ARS
20;2025-01;155;recreacion;9569988;ARS
20;2025-01;159;vestimenta;6382045;ARS
20;2025-02;153;alimentos;96088222;ARS
20;2025-02;160;vivienda;79014354;ARS
20;2025-02;158;transporte;31432362;ARS
20;2025-02;156;salud;20840138;ARS
20;2025-02;154;educacion;22776065;ARS
20;2025-02;157;servicios;19514765;ARS
20;2025-02;155;recreacion;11221393;ARS
20;2025-02;159;vestimenta;11583700;ARS
20;2025-03;153;alimentos;92057592;ARS
20;2025-03;160;vivienda;83876523;ARS
20;2025-03;158;transporte;32139742;ARS
20;2025-03;156;salud;19733684;ARS
20;2025-03;154;educacion;22407135;ARS
20;2025-03;157;servicios;18247043;ARS
20;2025-03;155;recreacion;10056892;ARS
20;2025-03;159;vestimenta;6706079;ARS
20;2025-04;153;alimentos;106955361;ARS
20;2025-04;160;vivienda;88138761;ARS
20;2025-04;158;transporte;38555826;ARS
20;2025-04;156;salud;23108621;ARS
20;2025-04;154;educacion;22438305;ARS
20;2025-04;157;servicios;20115994;ARS
20;2025-04;155;recreacion;9673461;ARS
20;2025-04;159;vestimenta;7702432;ARS
20;2025-05;153;alimentos;106527719;ARS
20;2025-05;160;vivienda;90203349;ARS
20;2025-05;158;transporte;33851765;ARS
20;2025-05;156;salud;19620053;ARS
20;2025-05;154;educacion;23276661;ARS
20;2025-05;157;servicios;20916271;ARS
20;2025-05;155;recreacion;14335517;ARS
20;2025-05;159;vestimenta;11323712;ARS
20;2025-06;153;alimentos;91575692;ARS
20;2025-06;160;vivienda;84160242;ARS
20;2025-06;158;transporte;43973338;ARS
20;2025-06;156;salud;23187253;ARS
20;2025-06;154;educacion;21401677;ARS
20;2025-06;157;servicios;21884402;ARS
20;2025-06;155;recreacion;10893569;ARS
20;2025-06;159;vestimenta;12113569;ARS
20;2025-07;153;alimentos;124886364;ARS
20;2025-07;160;vivienda;94533699;ARS
20;2025-07;158;transporte;41488526;ARS
20;2025-07;156;salud;21643657;ARS
20;2025-07;154;educacion;21273676;ARS
20;2025-07;157;servicios;23876786;ARS
20;2025-07;155;recreacion;13317009;ARS
20;2025-07;159;vestimenta;10445828;ARS
20;2025-08;153;alimentos;106683683;ARS
20;2025-08;160;vivienda;101794271;ARS
20;2025-08;158;transporte;44775027;ARS
20;2025-08;156;salud;24710433;ARS
20;2025-08;154;educacion;23139209;ARS
20;2025-08;157;servicios;21749845;ARS
20;2025-08;155;recreacion;12537561;ARS
20;2025-08;159;vestimenta;10553166;ARS
20;2025-09;153;alimentos;115193828;ARS
20;2025-09;160;vivienda;103753151;ARS
20;2025-09;158;transporte;45384838;ARS
20;2025-09;156;salud;31453453;ARS
20;2025-09;154;educacion;26795975;ARS
20;2025-09;157;servicios;26796306;ARS
20;2025-09;155;recreacion;11398949;ARS
20;2025-09;159;vestimenta;11943178;ARS
20;2025-10;153;alimentos;122379715;ARS
20;2025-10;160;vivienda;106436734;ARS
20;2025-10;158;transporte;38200724;ARS
20;2025-10;156;salud;26912306;ARS
20;2025-10;154;educacion;27026647;ARS
20;2025-10;157;servicios;26909331;ARS
20;2025-10;155;recreacion;15919659;ARS
20;2025-10;159;vestimenta;10373134;ARS
20;2025-11;153;alimentos;155325696;ARS
20;2025-11;160;vivienda;106696946;ARS
20;2025-11;158;transporte;54726911;ARS
20;2025-11;156;salud;31080859;ARS
20;2025-11;154;educacion;30543623;ARS
20;2025-11;157;servicios;26216163;ARS
20;2025-11;155;recreacion;12621330;ARS
20;2025-11;159;vestimenta;11767920;ARS
20;2025-12;153;alimentos;149271322;ARS
20;2025-12;160;vivienda;112851292;ARS
20;2025-12;158;transporte;51948528;ARS
20;2025-12;156;salud;22561803;ARS
20;2025-12;154;educacion;30101678;ARS
20;2025-12;157;servicios;31500205;ARS
20;2025-12;155;recreacion;19118667;ARS
20;2025-12;159;vestimenta;17137953;ARS
21;2023-01;161;alimentos;8795749;ARS
21;2023-01;168;vivienda;11423368;ARS
21;2023-01;166;transporte;3783814;ARS
21;2023-01;164;salud;2984932;ARS
21;2023-01;162;educacion;2787376;ARS
21;2023-01;165;servicios;4074386;ARS
21;2023-01;163;recreacion;1678124;ARS
21;2023-01;167;vestimenta;1040990;ARS
21;2023-02;161;alimentos;8756438;ARS
21;2023-02;168;vivienda;12985616;ARS
21;2023-02;166;transporte;3258014;ARS
21;2023-02;164;salud;3084293;ARS
21;2023-02;162;educacion;3338707;ARS
21;2023-02;165;servicios;3940582;ARS
21;2023-02;163;recreacion;1974002;ARS
21;2023-02;167;vestimenta;1302265;ARS
21;2023-03;161;alimentos;10912466;ARS
21;2023-03;168;vivienda;12762135;ARS
21;2023-03;166;transporte;4395003;ARS
21;2023-03;164;salud;3624282;ARS
21;2023-03;162;educacion;3738241;ARS
21;2023-03;165;servicios;4024211;ARS
21;2023-03;163;recreacion;2528129;ARS
21;2023-03;167;vestimenta;462464;ARS
21;2023-04;161;alimentos;10546605;ARS
21;2023-04;168;vivienda;13645334;ARS
21;2023-04;166;transporte;4598026;ARS
21;2023-04;164;salud;3245362;ARS
21;2023-04;162;educacion;3819883;ARS
21;2023-04;165;servicios;4478417;ARS
21;2023-04;163;recreacion;2586334;ARS
21;2023-04;167;vestimenta;1032475;ARS
21;2023-05;161;alimentos;12211536;ARS
21;2023-05;168;vivienda;14014202;ARS
21;2023-05;166;transporte;5403369;ARS
21;2023-05;164;salud;3484978;ARS
21;2023-05;162;educacion;3292652;ARS
21;2023-05;165;servicios;5671307;ARS
21;2023-05;163;recreacion;2327363;ARS
21;2023-05;167;vestimenta;1264712;ARS
21;2023-06;161;alimentos;10071142;ARS
21;2023-06;168;vivienda;15360653;ARS
21;2023-06;166;transporte;4415156;ARS
21;2023-06;164;salud;3380419;ARS
21;2023-06;162;educacion;3789319;ARS
21;2023-06;165;servicios;4077698;ARS
21;2023-06;163;recreacion;2276837;ARS
21;2023-06;167;vestimenta;1226780;ARS
21;2023-07;161;alimentos;14169622;ARS
21;2023-07;168;vivienda;14873971;ARS
21;2023-07;166;transporte;4637421;ARS
21;2023-07;164;salud;3680489;ARS
21;2023-07;162;educacion;3805658;ARS
21;2023-07;165;servicios;4495720;ARS
21;2023-07;163;recreacion;2771506;ARS
21;2023-07;167;vestimenta;902162;ARS
21;2023-08;161;alimentos;15405226;ARS
21;2023-08;168;vivienda;15633841;ARS
21;2023-08;166;transporte;6065625;ARS
21;2023-08;164;salud;4324735;ARS
21;2023-08;162;educacion;4369368;ARS
21;2023-08;165;servicios;5715854;ARS
21;2023-08;163;recreacion;2631637;ARS
21;2023-08;167;vestimenta;1598814;ARS
21;2023-09;161;alimentos;13608153;ARS
21;2023-09;168;vivienda;17560132;ARS
21;2023-09;166;transporte;6203377;ARS
21;2023-09;164;salud;3595861;ARS
21;2023-09;162;educacion;3516738;ARS
21;2023-09;165;servicios;5153660;ARS
21;2023-09;163;recreacion;3183758;ARS
21;2023-09;167;vestimenta;1589440;ARS
21;2023-10;161;alimentos;14460795;ARS
21;2023-10;168;vivienda;16959841;ARS
21;2023-10;166;transporte;5770270;ARS
21;2023-10;164;salud;3921231;ARS
21;2023-10;162;educacion;4116991;ARS
21;2023-10;165;servicios;6336337;ARS
21;2023-10;163;recreacion;2241297;ARS
21;2023-10;167;vestimenta;1544016;ARS
21;2023-11;161;alimentos;15801319;ARS
21;2023-11;168;vivienda;17508009;ARS
21;2023-11;166;transporte;5627012;ARS
21;2023-11;164;salud;3725495;ARS
21;2023-11;162;educacion;3928326;ARS
21;2023-11;165;servicios;6221511;ARS
21;2023-11;163;recreacion;2505485;ARS
21;2023-11;167;vestimenta;1623499;ARS
21;2023-12;161;alimentos;15913653;ARS
21;2023-12;168;vivienda;18333922;ARS
21;2023-12;166;transporte;6297621;ARS
21;2023-12;164;salud;4803120;ARS
21;2023-12;162;educacion;4289671;ARS
21;2023-12;165;servicios;7595060;ARS
21;2023-12;163;recreacion;4545343;ARS
21;2023-12;167;vestimenta;2528442;ARS
21;2024-01;161;alimentos;18023268;ARS
21;2024-01;168;vivienda;19402006;ARS
21;2024-01;166;transporte;7471813;ARS
21;2024-01;164;salud;4948795;ARS
21;2024-01;162;educacion;4738087;ARS
21;2024-01;165;servicios;6569927;ARS
21;2024-01;163;recreacion;4225111;ARS
21;2024-01;167;vestimenta;1470491;ARS
21;2024-02;161;alimentos;15595218;ARS
21;2024-02;168;vivienda;20741152;ARS
21;2024-02;166;transporte;5516433;ARS
21;2024-02;164;salud;5042121;ARS
21;2024-02;162;educacion;5977937;ARS
21;2024-02;165;servicios;7418579;ARS
21;2024-02;163;recreacion;2617265;ARS
21;2024-02;167;vestimenta;2226566;ARS
21;2024-03;161;alimentos;18272495;ARS
21;2024-03;168;vivienda;21121515;ARS
21;2024-03;166;transporte;6576510;ARS
21;2024-03;164;salud;4856593;ARS
21;2024-03;162;educacion;5336095;ARS
21;2024-03;165;servicios;6992225;ARS
21;2024-03;163;recreacion;4050314;ARS
21;2024-03;167;vestimenta;2582672;ARS
21;2024-04;161;alimentos;19711591;ARS
21;2024-04;168;vivienda;22177235;ARS
21;2024-04;166;transporte;7421604;ARS
21;2024-04;164;salud;5898234;ARS
21;2024-04;162;educacion;6263492;ARS
21;2024-04;165;servicios;6785745;ARS
21;2024-04;163;recreacion;3279754;ARS
21;2024-04;167;vestimenta;2374132;ARS
21;2024-05;161;alimentos;22926697;ARS
21;2024-05;168;vivienda;22940755;ARS
21;2024-05;166;transporte;7997571;ARS
21;2024-05;164;salud;5455689;ARS
21;2024-05;162;educacion;4921026;ARS
21;2024-05;165;servicios;7757327;ARS
21;2024-05;163;recreacion;4145448;ARS
21;2024-05;167;vestimenta;2603200;ARS
21;2024-06;161;alimentos;16272061;ARS
21;2024-06;168;vivienda;24746777;ARS
21;2024-06;166;transporte;7299748;ARS
21;2024-06;164;salud;5787860;ARS
21;2024-06;162;educacion;5499600;ARS
21;2024-06;165;servicios;7975889;ARS
21;2024-06;163;recreacion;3729199;ARS
21;2024-06;167;vestimenta;2292519;ARS
21;2024-07;161;alimentos;21822315;ARS
21;2024-07;168;vivienda;25507544;ARS
21;2024-07;166;transporte;8393513;ARS
21;2024-07;164;salud;6356522;ARS
21;2024-07;162;educacion;6994222;ARS
21;2024-07;165;servicios;9528726;ARS
21;2024-07;163;recreacion;4276262;ARS
21;2024-07;167;vestimenta;2424402;ARS
21;2024-08;161;alimentos;23031009;ARS
21;2024-08;168;vivienda;27415844;ARS
21;2024-08;166;transporte;8607171;ARS
21;2024-08;164;salud;6266676;ARS
21;2024-08;162;educacion;5963631;ARS
21;2024-08;165;servicios;8398459;ARS
21;2024-08;163;recreacion;4468919;ARS
21;2024-08;167;vestimenta;2615172;ARS
21;2024-09;161;alimentos;22961223;ARS
21;2024-09;168;vivienda;30235641;ARS
21;2024-09;166;transporte;8985573;ARS
21;2024-09;164;salud;6971950;ARS
21;2024-09;162;educacion;6723809;ARS
21;2024-09;165;servicios;9308689;ARS
21;2024-09;163;recreacion;4014741;ARS
21;2024-09;167;vestimenta;2448553;ARS
21;2024-10;161;alimentos;29840378;ARS
21;2024-10;168;vivienda;30801728;ARS
21;2024-10;166;transporte;9654823;ARS
21;2024-10;164;salud;7308580;ARS
21;2024-10;162;educacion;6511779;ARS
21;2024-10;165;servicios;8201842;ARS
21;2024-10;163;recreacion;5360606;ARS
21;2024-10;167;vestimenta;3290163;ARS
21;2024-11;161;alimentos;28068796;ARS
21;2024-11;168;vivienda;30280302;ARS
21;2024-11;166;transporte;10620067;ARS
21;2024-11;164;salud;7741781;ARS
21;2024-11;162;educacion;6304185;ARS
21;2024-11;165;servicios;11687278;ARS
21;2024-11;163;recreacion;5965488;ARS
21;2024-11;167;vestimenta;1424817;ARS
21;2024-12;161;alimentos;31083465;ARS
21;2024-12;168;vivienda;34227435;ARS
21;2024-12;166;transporte;10195795;ARS
21;2024-12;164;salud;8913688;ARS
21;2024-12;162;educacion;7130248;ARS
21;2024-12;165;servicios;10609959;ARS
21;2024-12;163;recreacion;7007244;ARS
21;2024-12;167;vestimenta;4322095;ARS
21;2025-01;161;alimentos;31602392;ARS
21;2025-01;168;vivienda;31582631;ARS
21;2025-01;166;transporte;11734427;ARS
21;2025-01;164;salud;6559920;ARS
21;2025-01;162;educacion;7778879;ARS
21;2025-01;165;servicios;11057328;ARS
21;2025-01;163;recreacion;7015628;ARS
21;2025-01;167;vestimenta;2673082;ARS
21;2025-02;161;alimentos;27484099;ARS
21;2025-02;168;vivienda;34655358;ARS
21;2025-02;166;transporte;12008068;ARS
21;2025-02;164;salud;8631029;ARS
21;2025-02;162;educacion;9067836;ARS
21;2025-02;165;servicios;12713883;ARS
21;2025-02;163;recreacion;6216558;ARS
21;2025-02;167;vestimenta;4392369;ARS
21;2025-03;161;alimentos;26398009;ARS
21;2025-03;168;vivienda;34975126;ARS
21;2025-03;166;transporte;12773046;ARS
21;2025-03;164;salud;9858831;ARS
21;2025-03;162;educacion;9939611;ARS
21;2025-03;165;servicios;13790071;ARS
21;2025-03;163;recreacion;5853929;ARS
21;2025-03;167;vestimenta;2973673;ARS
21;2025-04;161;alimentos;35093455;ARS
21;2025-04;168;vivienda;39836649;ARS
21;2025-04;166;transporte;12147111;ARS
21;2025-04;164;salud;10531963;ARS
21;2025-04;162;educacion;9583230;ARS
21;2025-04;165;servicios;12979362;ARS
21;2025-04;163;recreacion;6566911;ARS
21;2025-04;167;vestimenta;4468794;ARS
21;2025-05;161;alimentos;37233811;ARS
21;2025-05;168;vivienda;40274797;ARS
21;2025-05;166;transporte;12286514;ARS
21;2025-05;164;salud;10134156;ARS
21;2025-05;162;educacion;9292240;ARS
21;2025-05;165;servicios;16136139;ARS
21;2025-05;163;recreacion;6047832;ARS
21;2025-05;167;vestimenta;4356499;ARS
21;2025-06;161;alimentos;41561083;ARS
21;2025-06;168;vivienda;46301089;ARS
21;2025-06;166;transporte;12779992;ARS
21;2025-06;164;salud;10244184;ARS
21;2025-06;162;educacion;10460620;ARS
21;2025-06;165;servicios;13491582;ARS
21;2025-06;163;recreacion;7989808;ARS
21;2025-06;167;vestimenta;4683602;ARS
21;2025-07;161;alimentos;31597557;ARS
21;2025-07;168;vivienda;42606349;ARS
21;2025-07;166;transporte;16681316;ARS
21;2025-07;164;salud;11299648;ARS
21;2025-07;162;educacion;10670156;ARS
21;2025-07;165;servicios;16483324;ARS
21;2025-07;163;recreacion;8224460;ARS
21;2025-07;167;vestimenta;4757413;ARS
21;2025-08;161;alimentos;39029636;ARS
21;2025-08;168;vivienda;46579423;ARS
21;2025-08;166;transporte;16869733;ARS
21;2025-08;164;salud;11025380;ARS
21;2025-08;162;educacion;9758305;ARS
21;2025-08;165;servicios;16064059;ARS
21;2025-08;163;recreacion;8683452;ARS
21;2025-08;167;vestimenta;4903346;ARS
21;2025-09;161;alimentos;33784886;ARS
21;2025-09;168;vivienda;50828446;ARS
21;2025-09;166;transporte;17069751;ARS
21;2025-09;164;salud;11180464;ARS
21;2025-09;162;educacion;12351999;ARS
21;2025-09;165;servicios;16568858;ARS
21;2025-09;163;recreacion;9580910;ARS
21;2025-09;167;vestimenta;5286065;ARS
21;2025-10;161;alimentos;52343836;ARS
21;2025-10;168;vivienda;53282840;ARS
21;2025-10;166;transporte;16337267;ARS
21;2025-10;164;salud;12683241;ARS
21;2025-10;162;educacion;12679353;ARS
21;2025-10;165;servicios;16615659;ARS
21;2025-10;163;recreacion;7584892;ARS
21;2025-10;167;vestimenta;6173268;ARS
21;2025-11;161;alimentos;38790365;ARS
21;2025-11;168;vivienda;52339337;ARS
21;2025-11;166;transporte;17357437;ARS
21;2025-11;164;salud;11406977;ARS
21;2025-11;162;educacion;12500437;ARS
21;2025-11;165;servicios;17005774;ARS
21;2025-11;163;recreacion;9972500;ARS
21;2025-11;167;vestimenta;4796648;ARS
21;2025-12;161;alimentos;44728456;ARS
21;2025-12;168;vivienda;50638404;ARS
21;2025-12;166;transporte;18570478;ARS
21;2025-12;164;salud;12588385;ARS
21;2025-12;162;educacion;14766539;ARS
21;2025-12;165;servicios;20608178;ARS
21;2025-12;163;recreacion;11358927;ARS
21;2025-12;167;vestimenta;6978922;ARS
22;2023-01;169;alimentos;39934794;ARS
22;2023-01;176;vivienda;44882512;ARS
22;2023-01;174;transporte;14648184;ARS
22;2023-01;172;salud;8560602;ARS
22;2023-01;170;educacion;7934425;ARS
22;2023-01;173;servicios;11636651;ARS
22;2023-01;171;recreacion;7660597;ARS
22;2023-01;175;vestimenta;4430234;ARS
22;2023-02;169;alimentos;49416479;ARS
22;2023-02;176;vivienda;49963039;ARS
22;2023-02;174;transporte;16031663;ARS
22;2023-02;172;salud;7968535;ARS
22;2023-02;170;educacion;7384786;ARS
22;2023-02;173;servicios;13034264;ARS
22;2023-02;171;recreacion;8909839;ARS
22;2023-02;175;vestimenta;5612565;ARS
22;2023-03;169;alimentos;34521321;ARS
22;2023-03;176;vivienda;47073588;ARS
22;2023-03;174;transporte;18031205;ARS
22;2023-03;172;salud;9422981;ARS
22;2023-03;170;educacion;10333015;ARS
22;2023-03;173;servicios;12814864;ARS
22;2023-03;171;recreacion;5911672;ARS
22;2023-03;175;vestimenta;5504500;ARS
22;2023-04;169;alimentos;54845375;ARS
22;2023-04;176;vivienda;52062136;ARS
22;2023-04;174;transporte;17360251;ARS
22;2023-04;172;salud;8772758;ARS
22;2023-04;170;educacion;8927920;ARS
22;2023-04;173;servicios;14249926;ARS
22;2023-04;171;recreacion;9821124;ARS
22;2023-04;175;vestimenta;7642667;ARS
22;2023-05;169;alimentos;56459447;ARS
22;2023-05;176;vivienda;53945831;ARS
22;2023-05;174;transporte;15905726;ARS
22;2023-05;172;salud;9290445;ARS
22;2023-05;170;educacion;10260788;ARS
22;2023-05;173;servicios;14769519;ARS
22;2023-05;171;recreacion;7115673;ARS
22;2023-05;175;vestimenta;7039412;ARS
22;2023-06;169;alimentos;46953838;ARS
22;2023-06;176;vivienda;57190934;ARS
22;2023-06;174;transporte;18350569;ARS
22;2023-06;172;salud;9799652;ARS
22;2023-06;170;educacion;10641598;ARS
22;2023-06;173;servicios;16822517;ARS
22;2023-06;171;recreacion;10428274;ARS
22;2023-06;175;vestimenta;6631828;ARS
22;2023-07;169;alimentos;55702210;ARS
22;2023-07;176;vivienda;57632131;ARS
22;2023-07;174;transporte;20763900;ARS
22;2023-07;172;salud;9627750;ARS
22;2023-07;170;educacion;9727163;ARS
22;2023-07;173;servicios;14822061;ARS
22;2023-07;171;recreacion;9172888;ARS
22;2023-07;175;vestimenta;7354893;ARS
22;2023-08;169;alimentos;60808074;ARS
22;2023-08;176;vivienda;61131906;ARS
22;2023-08;174;transporte;24451014;ARS
22;2023-08;172;salud;9622503;ARS
22;2023-08;170;educacion;10420775;ARS
22;2023-08;173;servicios;17243362;ARS
22;2023-08;171;recreacion;8490949;ARS
22;2023-08;175;vestimenta;8650060;ARS
22;2023-09;169;alimentos;54938727;ARS
22;2023-09;176;vivienda;62330794;ARS
22;2023-09;174;transporte;21909938;ARS
22;2023-09;172;salud;10855563;ARS
22;2023-09;170;educacion;10579458;ARS
22;2023-09;173;servicios;19559459;ARS
22;2023-09;171;recreacion;12679440;ARS
22;2023-09;175;vestimenta;6851240;ARS
22;2023-10;169;alimentos;59653796;ARS
22;2023-10;176;vivienda;67805956;ARS
22;2023-10;174;transporte;23920566;ARS
22;2023-10;172;salud;10533403;ARS
22;2023-10;170;educacion;11796842;ARS
22;2023-10;173;servicios;18886430;ARS
22;2023-10;171;recreacion;12233756;ARS
22;2023-10;175;vestimenta;7387366;ARS
22;2023-11;169;alimentos;71385758;ARS
22;2023-11;176;vivienda;71759240;ARS
22;2023-11;174;transporte;28594734;ARS
22;2023-11;172;salud;13145780;ARS
22;2023-11;170;educacion;11781533;ARS
22;2023-11;173;servicios;19518589;ARS
22;2023-11;171;recreacion;11264265;ARS
22;2023-11;175;vestimenta;6641931;ARS
22;2023-12;169;alimentos;65930397;ARS
22;2023-12;176;vivienda;70300138;ARS
22;2023-12;174;transporte;24814857;ARS
22;2023-12;172;salud;12673697;ARS
22;2023-12;170;educacion;12295340;ARS
22;2023-12;173;servicios;18095223;ARS
22;2023-12;171;recreacion;12945521;ARS
22;2023-12;175;vestimenta;7132864;ARS
22;2024-01;169;alimentos;72389646;ARS
22;2024-01;176;vivienda;77809287;ARS
22;2024-01;174;transporte;29546377;ARS
22;2024-01;172;salud;14545225;ARS
22;2024-01;170;educacion;12792284;ARS
22;2024-01;173;servicios;22882540;ARS
22;2024-01;171;recreacion;18639479;ARS
22;2024-01;175;vestimenta;10357681;ARS
22;2024-02;169;alimentos;82216103;ARS
22;2024-02;176;vivienda;78549891;ARS
22;2024-02;174;transporte;25695992;ARS
22;2024-02;172;salud;14310922;ARS
22;2024-02;170;educacion;14899154;ARS
22;2024-02;173;servicios;23065881;ARS
22;2024-02;171;recreacion;15248764;ARS
22;2024-02;175;vestimenta;8083516;ARS
22;2024-03;169;alimentos;72167626;ARS
22;2024-03;176;vivienda;81453917;ARS
22;2024-03;174;transporte;36390418;ARS
22;2024-03;172;salud;15178942;ARS
22;2024-03;170;educacion;16465390;ARS
22;2024-03;173;servicios;23440604;ARS
22;2024-03;171;recreacion;16869228;ARS
22;2024-03;175;vestimenta;7299805;ARS
22;2024-04;169;alimentos;99213440;ARS
22;2024-04;176;vivienda;82237512;ARS
22;2024-04;174;transporte;26596144;ARS
22;2024-04;172;salud;15058196;ARS
22;2024-04;170;educacion;17242750;ARS
22;2024-04;173;servicios;24654823;ARS
22;2024-04;171;recreacion;14853003;ARS
22;2024-04;175;vestimenta;14649675;ARS
22;2024-05;169;alimentos;95833359;ARS
22;2024-05;176;vivienda;90440052;ARS
22;2024-05;174;transporte;32113207;ARS
22;2024-05;172;salud;18357300;ARS
22;2024-05;170;educacion;15581416;ARS
22;2024-05;173;servicios;26077790;ARS
22;2024-05;171;recreacion;11424279;ARS
22;2024-05;175;vestimenta;10891870;ARS
22;2024-06;169;alimentos;72811276;ARS
22;2024-06;176;vivienda;94964038;ARS
22;2024-06;174;transporte;32488330;ARS
22;2024-06;172;salud;16655833;ARS
22;2024-06;170;educacion;16483700;ARS
22;2024-06;173;servicios;27734425;ARS
22;2024-06;171;recreacion;13600809;ARS
22;2024-06;175;vestimenta;10826328;ARS
22;2024-07;169;alimentos;80176505;ARS
22;2024-07;176;vivienda;98052973;ARS
22;2024-07;174;transporte;36906586;ARS
22;2024-07;172;salud;16494635;ARS
22;2024-07;170;educacion;16395580;ARS
22;2024-07;173;servicios;23367824;ARS
22;2024-07;171;recreacion;13392628;ARS
22;2024-07;175;vestimenta;10091586;ARS
22;2024-08;169;alimentos;106962179;ARS
22;2024-08;176;vivienda;106456159;ARS
22;2024-08;174;transporte;34507542;ARS
22;2024-08;172;salud;19657172;ARS
22;2024-08;170;educacion;17568884;ARS
22;2024-08;173;servicios;29008700;ARS
22;2024-08;171;recreacion;18647653;ARS
22;2024-08;175;vestimenta;13802274;ARS
22;2024-09;169;alimentos;77432411;ARS
22;2024-09;176;vivienda;101007408;ARS
22;2024-09;174;transporte;43707915;ARS
22;2024-09;172;salud;17181597;ARS
22;2024-09;170;educacion;19640229;ARS
22;2024-09;173;servicios;28479042;ARS
22;2024-09;171;recreacion;18649034;ARS
22;2024-09;175;vestimenta;13434883;ARS
22;2024-10;169;alimentos;108192931;ARS
22;2024-10;176;vivienda;112079140;ARS
22;2024-10;174;transporte;46015839;ARS
22;2024-10;172;salud;20989337;ARS
22;2024-10;170;educacion;18594514;ARS
22;2024-10;173;servicios;32532088;ARS
22;2024-10;171;recreacion;17758540;ARS
22;2024-10;175;vestimenta;10269324;ARS
22;2024-11;169;alimentos;125706872;ARS
22;2024-11;176;vivienda;119064855;ARS
22;2024-11;174;transporte;42906428;ARS
22;2024-11;172;salud;18136237;ARS
22;2024-11;170;educacion;19883453;ARS
22;2024-11;173;servicios;35500996;ARS
22;2024-11;171;recreacion;20041793;ARS
22;2024-11;175;vestimenta;11717327;ARS
22;2024-12;169;alimentos;117835997;ARS
22;2024-12;176;vivienda;121110574;ARS
22;2024-12;174;transporte;46708752;ARS
22;2024-12;172;salud;22543773;ARS
22;2024-12;170;educacion;20918155;ARS
22;2024-12;173;servicios;37236566;ARS
22;2024-12;171;recreacion;19564294;ARS
22;2024-12;175;vestimenta;14124814;ARS
22;2025-01;169;alimentos;113312312;ARS
22;2025-01;176;vivienda;127692199;ARS
22;2025-01;174;transporte;32997437;ARS
22;2025-01;172;salud;20905131;ARS
22;2025-01;170;educacion;21841320;ARS
22;2025-01;173;servicios;31143076;ARS
22;2025-01;171;recreacion;26656430;ARS
22;2025-01;175;vestimenta;9932421;ARS
22;2025-02;169;alimentos;137350185;ARS
22;2025-02;176;vivienda;141861540;ARS
22;2025-02;174;transporte;42590200;ARS
22;2025-02;172;salud;28046029;ARS
22;2025-02;170;educacion;26684734;ARS
22;2025-02;173;servicios;40632419;ARS
22;2025-02;171;recreacion;23995371;ARS
22;2025-02;175;vestimenta;17244832;ARS
22;2025-03;169;alimentos;124783962;ARS
22;2025-03;176;vivienda;147891581;ARS
22;2025-03;174;transporte;46247923;ARS
22;2025-03;172;salud;22442423;ARS
22;2025-03;170;educacion;29493222;ARS
22;2025-03;173;servicios;32486671;ARS
22;2025-03;171;recreacion;24519696;ARS
22;2025-03;175;vestimenta;13363434;ARS
22;2025-04;169;alimentos;135529022;ARS
22;2025-04;176;vivienda;149452787;ARS
22;2025-04;174;transporte;52169265;ARS
22;2025-04;172;salud;27229736;ARS
22;2025-04;170;educacion;28398735;ARS
22;2025-04;173;servicios;38988428;ARS
22;2025-04;171;recreacion;22020362;ARS
22;2025-04;175;vestimenta;16737762;ARS
22;2025-05;169;alimentos;114279059;ARS
22;2025-05;176;vivienda;159952824;ARS
22;2025-05;174;transporte;61355710;ARS
22;2025-05;172;salud;26168157;ARS
22;2025-05;170;educacion;24905002;ARS
22;2025-05;173;servicios;48401285;ARS
22;2025-05;171;recreacion;25365827;ARS
22;2025-05;175;vestimenta;23109830;ARS
22;2025-06;169;alimentos;140294756;ARS
22;2025-06;176;vivienda;158131959;ARS
22;2025-06;174;transporte;56017627;ARS
22;2025-06;172;salud;23852869;ARS
22;2025-06;170;educacion;27179017;ARS
22;2025-06;173;servicios;46262192;ARS
22;2025-06;171;recreacion;25419766;ARS
22;2025-06;175;vestimenta;16770740;ARS
22;2025-07;169;alimentos;116589609;ARS
22;2025-07;176;vivienda;164704464;ARS
22;2025-07;174;transporte;54085151;ARS
22;2025-07;172;salud;29320430;ARS
22;2025-07;170;educacion;30681647;ARS
22;2025-07;173;servicios;41133423;ARS
22;2025-07;171;recreacion;29309502;ARS
22;2025-07;175;vestimenta;17707957;ARS
22;2025-08;169;alimentos;171094056;ARS
22;2025-08;176;vivienda;165595684;ARS
22;2025-08;174;transporte;55992497;ARS
22;2025-08;172;salud;29389628;ARS
22;2025-08;170;educacion;29721561;ARS
22;2025-08;173;servicios;46161777;ARS
22;2025-08;171;recreacion;23641523;ARS
22;2025-08;175;vestimenta;16235796;ARS
22;2025-09;169;alimentos;197281640;ARS
22;2025-09;176;vivienda;183907731;ARS
22;2025-09;174;transporte;72801017;ARS
22;2025-09;172;salud;32549824;ARS
22;2025-09;170;educacion;32698995;ARS
22;2025-09;173;servicios;43910780;ARS
22;2025-09;171;recreacion;26466710;ARS
22;2025-09;175;vestimenta;21568719;ARS
22;2025-10;169;alimentos;168441279;ARS
22;2025-10;176;vivienda;195617460;ARS
22;2025-10;174;transporte;58899512;ARS
22;2025-10;172;salud;32212933;ARS
22;2025-10;170;educacion;24853521;ARS
22;2025-10;173;servicios;51927280;ARS
22;2025-10;171;recreacion;32956557;ARS
22;2025-10;175;vestimenta;26312075;ARS
22;2025-11;169;alimentos;190655959;ARS
22;2025-11;176;vivienda;195983682;ARS
22;2025-11;174;transporte;53895876;ARS
22;2025-11;172;salud;36206979;ARS
22;2025-11;170;educacion;37943404;ARS
22;2025-11;173;servicios;54238015;ARS
22;2025-11;171;recreacion;42835832;ARS
22;2025-11;175;vestimenta;27952102;ARS
22;2025-12;169;alimentos;193027372;ARS
22;2025-12;176;vivienda;216214463;ARS
22;2025-12;174;transporte;79688267;ARS
22;2025-12;172;salud;31989756;ARS
22;2025-12;170;educacion;33797740;ARS
22;2025-12;173;servicios;63223264;ARS
22;2025-12;171;recreacion;42085177;ARS
22;2025-12;175;vestimenta;22818157;ARS
23;2023-01;177;alimentos;23678046;ARS
23;2023-01;184;vivienda;18075660;ARS
23;2023-01;182;transporte;6574377;ARS
23;2023-01;180;salud;5421687;ARS
23;2023-01;178;educacion;3658870;ARS
23;2023-01;181;servicios;5814124;ARS
23;2023-01;179;recreacion;3611396;ARS
23;2023-01;183;vestimenta;2001730;ARS
23;2023-02;177;alimentos;21030149;ARS
23;2023-02;184;vivienda;19745186;ARS
23;2023-02;182;transporte;6884375;ARS
23;2023-02;180;salud;5835091;ARS
23;2023-02;178;educacion;4694378;ARS
23;2023-02;181;servicios;6085393;ARS
23;2023-02;179;recreacion;4305302;ARS
23;2023-02;183;vestimenta;2298861;ARS
23;2023-03;177;alimentos;21743754;ARS
23;2023-03;184;vivienda;19844333;ARS
23;2023-03;182;transporte;7989299;ARS
23;2023-03;180;salud;5552318;ARS
23;2023-03;178;educacion;4500067;ARS
23;2023-03;181;servicios;6446818;ARS
23;2023-03;179;recreacion;4650076;ARS
23;2023-03;183;vestimenta;1578744;ARS
23;2023-04;177;alimentos;21039890;ARS
23;2023-04;184;vivienda;22988669;ARS
23;2023-04;182;transporte;8639729;ARS
23;2023-04;180;salud;5937317;ARS
23;2023-04;178;educacion;4753807;ARS
23;2023-04;181;servicios;7844437;ARS
23;2023-04;179;recreacion;3967983;ARS
23;2023-04;183;vestimenta;2596125;ARS
23;2023-05;177;alimentos;22368197;ARS
23;2023-05;184;vivienda;21544213;ARS
23;2023-05;182;transporte;8616909;ARS
23;2023-05;180;salud;6576936;ARS
23;2023-05;178;educacion;5200323;ARS
23;2023-05;181;servicios;7625561;ARS
23;2023-05;179;recreacion;5218328;ARS
23;2023-05;183;vestimenta;2027517;ARS
23;2023-06;177;alimentos;27487006;ARS
23;2023-06;184;vivienda;23829554;ARS
23;2023-06;182;transporte;9516209;ARS
23;2023-06;180;salud;4712219;ARS
23;2023-06;178;educacion;4759871;ARS
23;2023-06;181;servicios;7207332;ARS
23;2023-06;179;recreacion;4599234;ARS
23;2023-06;183;vestimenta;3741365;ARS
23;2023-07;177;alimentos;23437871;ARS
23;2023-07;184;vivienda;24723258;ARS
23;2023-07;182;transporte;8835516;ARS
23;2023-07;180;salud;6722778;ARS
23;2023-07;178;educacion;4765847;ARS
23;2023-07;181;servicios;9159595;ARS
23;2023-07;179;recreacion;5085582;ARS
23;2023-07;183;vestimenta;2872368;ARS
23;2023-08;177;alimentos;24275946;ARS
23;2023-08;184;vivienda;26243771;ARS
23;2023-08;182;transporte;10536320;ARS
23;2023-08;180;salud;7320915;ARS
23;2023-08;178;educacion;5889998;ARS
23;2023-08;181;servicios;8254612;ARS
23;2023-08;179;recreacion;4535568;ARS
23;2023-08;183;vestimenta;1510927;ARS
23;2023-09;177;alimentos;28974466;ARS
23;2023-09;184;vivienda;28262945;ARS
23;2023-09;182;transporte;10135886;ARS
23;2023-09;180;salud;8232189;ARS
23;2023-09;178;educacion;5174738;ARS
23;2023-09;181;servicios;8343954;ARS
23;2023-09;179;recreacion;6259088;ARS
23;2023-09;183;vestimenta;2321699;ARS
23;2023-10;177;alimentos;23966651;ARS
23;2023-10;184;vivienda;28560056;ARS
23;2023-10;182;transporte;12040841;ARS
23;2023-10;180;salud;7723799;ARS
23;2023-10;178;educacion;5938866;ARS
23;2023-10;181;servicios;8908927;ARS
23;2023-10;179;recreacion;5651008;ARS
23;2023-10;183;vestimenta;3397283;ARS
23;2023-11;177;alimentos;26378399;ARS
23;2023-11;184;vivienda;31326413;ARS
23;2023-11;182;transporte;10648552;ARS
23;2023-11;180;salud;7997431;ARS
23;2023-11;178;educacion;5659456;ARS
23;2023-11;181;servicios;10118511;ARS
23;2023-11;179;recreacion;5361761;ARS
23;2023-11;183;vestimenta;4028735;ARS
23;2023-12;177;alimentos;29539073;ARS
23;2023-12;184;vivienda;31282443;ARS
23;2023-12;182;transporte;11656841;ARS
23;2023-12;180;salud;7297633;ARS
23;2023-12;178;educacion;6414297;ARS
23;2023-12;181;servicios;9771762;ARS
23;2023-12;179;recreacion;7306883;ARS
23;2023-12;183;vestimenta;4816661;ARS
23;2024-01;177;alimentos;36531593;ARS
23;2024-01;184;vivienda;30066875;ARS
23;2024-01;182;transporte;14229949;ARS
23;2024-01;180;salud;9773313;ARS
23;2024-01;178;educacion;7062139;ARS
23;2024-01;181;servicios;10205012;ARS
23;2024-01;179;recreacion;5804063;ARS
23;2024-01;183;vestimenta;3950872;ARS
23;2024-02;177;alimentos;28815584;ARS
23;2024-02;184;vivienda;33908403;ARS
23;2024-02;182;transporte;14150119;ARS
23;2024-02;180;salud;9661171;ARS
23;2024-02;178;educacion;8433826;ARS
23;2024-02;181;servicios;10700113;ARS
23;2024-02;179;recreacion;6519003;ARS
23;2024-02;183;vestimenta;4464745;ARS
23;2024-03;177;alimentos;37121075;ARS
23;2024-03;184;vivienda;34881871;ARS
23;2024-03;182;transporte;14833486;ARS
23;2024-03;180;salud;8969713;ARS
23;2024-03;178;educacion;8352646;ARS
23;2024-03;181;servicios;11773180;ARS
23;2024-03;179;recreacion;6753520;ARS
23;2024-03;183;vestimenta;3009503;ARS
23;2024-04;177;alimentos;36624553;ARS
23;2024-04;184;vivienda;35496532;ARS
23;2024-04;182;transporte;15662129;ARS
23;2024-04;180;salud;10115666;ARS
23;2024-04;178;educacion;8455891;ARS
23;2024-04;181;servicios;13057576;ARS
23;2024-04;179;recreacion;6306525;ARS
23;2024-04;183;vestimenta;6020562;ARS
23;2024-05;177;alimentos;39375603;ARS
23;2024-05;184;vivienda;37221087;ARS
23;2024-05;182;transporte;17069998;ARS
23;2024-05;180;salud;9988020;ARS
23;2024-05;178;educacion;7839302;ARS
23;2024-05;181;servicios;14376557;ARS
23;2024-05;179;recreacion;6637971;ARS
23;2024-05;183;vestimenta;5379370;ARS
23;2024-06;177;alimentos;43595614;ARS
23;2024-06;184;vivienda;44735639;ARS
23;2024-06;182;transporte;13892624;ARS
23;2024-06;180;salud;10752582;ARS
23;2024-06;178;educacion;8118391;ARS
23;2024-06;181;servicios;14950064;ARS
23;2024-06;179;recreacion;7443355;ARS
23;2024-06;183;vestimenta;4270745;ARS
23;2024-07;177;alimentos;43752869;ARS
23;2024-07;184;vivienda;39053718;ARS
23;2024-07;182;transporte;15971528;ARS
23;2024-07;180;salud;12959951;ARS
23;2024-07;178;educacion;9386142;ARS
23;2024-07;181;servicios;12861760;ARS
23;2024-07;179;recreacion;6733252;ARS
23;2024-07;183;vestimenta;6417844;ARS
23;2024-08;177;alimentos;39476744;ARS
23;2024-08;184;vivienda;45998522;ARS
23;2024-08;182;transporte;15635453;ARS
23;2024-08;180;salud;11887326;ARS
23;2024-08;178;educacion;9333749;ARS
23;2024-08;181;servicios;15486622;ARS
23;2024-08;179;recreacion;6699552;ARS
23;2024-08;183;vestimenta;3257035;ARS
23;2024-09;177;alimentos;49244612;ARS
23;2024-09;184;vivienda;46525519;ARS
23;2024-09;182;transporte;17539472;ARS
23;2024-09;180;salud;10538757;ARS
23;2024-09;178;educacion;9978026;ARS
23;2024-09;181;servicios;15916228;ARS
23;2024-09;179;recreacion;8690618;ARS
23;2024-09;183;vestimenta;5121844;ARS
23;2024-10;177;alimentos;43899810;ARS
23;2024-10;184;vivienda;51179136;ARS
23;2024-10;182;transporte;17689369;ARS
23;2024-10;180;salud;15352277;ARS
23;2024-10;178;educacion;10178166;ARS
23;2024-10;181;servicios;16676737;ARS
23;2024-10;179;recreacion;9436507;ARS
23;2024-10;183;vestimenta;4807985;ARS
23;2024-11;177;alimentos;49284529;ARS
23;2024-11;184;vivienda;48513194;ARS
23;2024-11;182;transporte;21787142;ARS
23;2024-11;180;salud;14568779;ARS
23;2024-11;178;educacion;10658578;ARS
23;2024-11;181;servicios;17986164;ARS
23;2024-11;179;recreacion;9134469;ARS
23;2024-11;183;vestimenta;4985292;ARS
23;2024-12;177;alimentos;55135517;ARS
23;2024-12;184;vivienda;52587379;ARS
23;2024-12;182;transporte;21286788;ARS
23;2024-12;180;salud;14707347;ARS
23;2024-12;178;educacion;12279688;ARS
23;2024-12;181;servicios;18939058;ARS
23;2024-12;179;recreacion;9497195;ARS
23;2024-12;183;vestimenta;6360268;ARS
23;2025-01;177;alimentos;62004057;ARS
23;2025-01;184;vivienda;56567053;ARS
23;2025-01;182;transporte;24550776;ARS
23;2025-01;180;salud;15435701;ARS
23;2025-01;178;educacion;11667643;ARS
23;2025-01;181;servicios;17230995;ARS
23;2025-01;179;recreacion;12549753;ARS
23;2025-01;183;vestimenta;5148391;ARS
23;2025-02;177;alimentos;56309574;ARS
23;2025-02;184;vivienda;58893848;ARS
23;2025-02;182;transporte;20151995;ARS
23;2025-02;180;salud;16051548;ARS
23;2025-02;178;educacion;13415597;ARS
23;2025-02;181;servicios;19991154;ARS
23;2025-02;179;recreacion;12937059;ARS
23;2025-02;183;vestimenta;7057296;ARS
23;2025-03;177;alimentos;51712908;ARS
23;2025-03;184;vivienda;59771830;ARS
23;2025-03;182;transporte;23968330;ARS
23;2025-03;180;salud;17143178;ARS
23;2025-03;178;educacion;14190206;ARS
23;2025-03;181;servicios;19253788;ARS
23;2025-03;179;recreacion;11388285;ARS
23;2025-03;183;vestimenta;4003192;ARS
23;2025-04;177;alimentos;60093745;ARS
23;2025-04;184;vivienda;63492869;ARS
23;2025-04;182;transporte;23412707;ARS
23;2025-04;180;salud;19713509;ARS
23;2025-04;178;educacion;12857220;ARS
23;2025-04;181;servicios;18365509;ARS
23;2025-04;179;recreacion;9838192;ARS
23;2025-04;183;vestimenta;5320025;ARS
23;2025-05;177;alimentos;52494655;ARS
23;2025-05;184;vivienda;62801017;ARS
23;2025-05;182;transporte;29323845;ARS
23;2025-05;180;salud;17893246;ARS
23;2025-05;178;educacion;14359274;ARS
23;2025-05;181;servicios;18830290;ARS
23;2025-05;179;recreacion;14363996;ARS
23;2025-05;183;vestimenta;6778257;ARS
23;2025-06;177;alimentos;64897168;ARS
23;2025-06;184;vivienda;66804766;ARS
23;2025-06;182;transporte;28433737;ARS
23;2025-06;180;salud;22246015;ARS
23;2025-06;178;educacion;12728092;ARS
23;2025-06;181;servicios;22021207;ARS
23;2025-06;179;recreacion;16046826;ARS
23;2025-06;183;vestimenta;7480132;ARS
23;2025-07;177;alimentos;65381297;ARS
23;2025-07;184;vivienda;68279323;ARS
23;2025-07;182;transporte;29898155;ARS
23;2025-07;180;salud;20736534;ARS
23;2025-07;178;educacion;15849346;ARS
23;2025-07;181;servicios;24461451;ARS
23;2025-07;179;recreacion;12609076;ARS
23;2025-07;183;vestimenta;10322258;ARS
23;2025-08;177;alimentos;46394731;ARS
23;2025-08;184;vivienda;73994405;ARS
23;2025-08;182;transporte;30210051;ARS
23;2025-08;180;salud;20065983;ARS
23;2025-08;178;educacion;14194410;ARS
23;2025-08;181;servicios;22543988;ARS
23;2025-08;179;recreacion;13911364;ARS
23;2025-08;183;vestimenta;8901977;ARS
23;2025-09;177;alimentos;81060652;ARS
23;2025-09;184;vivienda;76747107;ARS
23;2025-09;182;transporte;31728295;ARS
23;2025-09;180;salud;24304032;ARS
23;2025-09;178;educacion;14583850;ARS
23;2025-09;181;servicios;24260582;ARS
23;2025-09;179;recreacion;13501080;ARS
23;2025-09;183;vestimenta;10815135;ARS
23;2025-10;177;alimentos;88915819;ARS
23;2025-10;184;vivienda;78453039;ARS
23;2025-10;182;transporte;31658725;ARS
23;2025-10;180;salud;26059901;ARS
23;2025-10;178;educacion;17519174;ARS
23;2025-10;181;servicios;27442941;ARS
23;2025-10;179;recreacion;16374854;ARS
23;2025-10;183;vestimenta;9823068;ARS
23;2025-11;177;alimentos;82082017;ARS
23;2025-11;184;vivienda;86318121;ARS
23;2025-11;182;transporte;34394453;ARS
23;2025-11;180;salud;23660813;ARS
23;2025-11;178;educacion;18175917;ARS
23;2025-11;181;servicios;27410502;ARS
23;2025-11;179;recreacion;17739051;ARS
23;2025-11;183;vestimenta;5171847;ARS
23;2025-12;177;alimentos;92113508;ARS
23;2025-12;184;vivienda;86302540;ARS
23;2025-12;182;transporte;33893411;ARS
23;2025-12;180;salud;23522702;ARS
23;2025-12;178;educacion;19387414;ARS
23;2025-12;181;servicios;28703760;ARS
23;2025-12;179;recreacion;18491452;ARS
23;2025-12;183;vestimenta;11237311;ARS
24;2023-01;185;alimentos;35373655;ARS
24;2023-01;192;vivienda;28628270;ARS
24;2023-01;190;transporte;6601974;ARS
24;2023-01;188;salud;6391179;ARS
24;2023-01;186;educacion;6627447;ARS
24;2023-01;189;servicios;7433170;ARS
24;2023-01;187;recreacion;4829427;ARS
24;2023-01;191;vestimenta;2821841;ARS
24;2023-02;185;alimentos;26084865;ARS
24;2023-02;192;vivienda;31934428;ARS
24;2023-02;190;transporte;7724152;ARS
24;2023-02;188;salud;7240757;ARS
24;2023-02;186;educacion;7845885;ARS
24;2023-02;189;servicios;7758461;ARS
24;2023-02;187;recreacion;4100851;ARS
24;2023-02;191;vestimenta;2420565;ARS
24;2023-03;185;alimentos;28249647;ARS
24;2023-03;192;vivienda;31710238;ARS
24;2023-03;190;transporte;6864095;ARS
24;2023-03;188;salud;5780475;ARS
24;2023-03;186;educacion;7970002;ARS
24;2023-03;189;servicios;7580351;ARS
24;2023-03;187;recreacion;4646921;ARS
24;2023-03;191;vestimenta;1816463;ARS
24;2023-04;185;alimentos;39309444;ARS
24;2023-04;192;vivienda;32876481;ARS
24;2023-04;190;transporte;9543721;ARS
24;2023-04;188;salud;7596489;ARS
24;2023-04;186;educacion;7232409;ARS
24;2023-04;189;servicios;7331696;ARS
24;2023-04;187;recreacion;6261442;ARS
24;2023-04;191;vestimenta;2627017;ARS
24;2023-05;185;alimentos;35574099;ARS
24;2023-05;192;vivienda;36560227;ARS
24;2023-05;190;transporte;8970522;ARS
24;2023-05;188;salud;7074816;ARS
24;2023-05;186;educacion;7928406;ARS
24;2023-05;189;servicios;7680864;ARS
24;2023-05;187;recreacion;6590281;ARS
24;2023-05;191;vestimenta;2304399;ARS
24;2023-06;185;alimentos;41187377;ARS
24;2023-06;192;vivienda;35741393;ARS
24;2023-06;190;transporte;11983678;ARS
24;2023-06;188;salud;7767011;ARS
24;2023-06;186;educacion;8007382;ARS
24;2023-06;189;servicios;9641455;ARS
24;2023-06;187;recreacion;5221898;ARS
24;2023-06;191;vestimenta;2216003;ARS
24;2023-07;185;alimentos;37718820;ARS
24;2023-07;192;vivienda;40833063;ARS
24;2023-07;190;transporte;10918825;ARS
24;2023-07;188;salud;8556336;ARS
24;2023-07;186;educacion;8390673;ARS
24;2023-07;189;servicios;10018944;ARS
24;2023-07;187;recreacion;6306359;ARS
24;2023-07;191;vestimenta;2098160;ARS
24;2023-08;185;alimentos;39238779;ARS
24;2023-08;192;vivienda;40105480;ARS
24;2023-08;190;transporte;8215581;ARS
24;2023-08;188;salud;8983054;ARS
24;2023-08;186;educacion;7931289;ARS
24;2023-08;189;servicios;10378347;ARS
24;2023-08;187;recreacion;6034221;ARS
24;2023-08;191;vestimenta;3785041;ARS
24;2023-09;185;alimentos;39135031;ARS
24;2023-09;192;vivienda;40585336;ARS
24;2023-09;190;transporte;11006858;ARS
24;2023-09;188;salud;9324396;ARS
24;2023-09;186;educacion;10234696;ARS
24;2023-09;189;servicios;11050125;ARS
24;2023-09;187;recreacion;5951287;ARS
24;2023-09;191;vestimenta;2721466;ARS
24;2023-10;185;alimentos;38341409;ARS
24;2023-10;192;vivienda;42090104;ARS
24;2023-10;190;transporte;13767666;ARS
24;2023-10;188;salud;9870995;ARS
24;2023-10;186;educacion;8938829;ARS
24;2023-10;189;servicios;11601775;ARS
24;2023-10;187;recreacion;6378904;ARS
24;2023-10;191;vestimenta;3273671;ARS
24;2023-11;185;alimentos;42231145;ARS
24;2023-11;192;vivienda;47071919;ARS
24;2023-11;190;transporte;11396101;ARS
24;2023-11;188;salud;9702337;ARS
24;2023-11;186;educacion;10369769;ARS
24;2023-11;189;servicios;10544691;ARS
24;2023-11;187;recreacion;6528095;ARS
24;2023-11;191;vestimenta;2256066;ARS
24;2023-12;185;alimentos;44450478;ARS
24;2023-12;192;vivienda;48015108;ARS
24;2023-12;190;transporte;12121484;ARS
24;2023-12;188;salud;10285517;ARS
24;2023-12;186;educacion;10502013;ARS
24;2023-12;189;servicios;11796044;ARS
24;2023-12;187;recreacion;7330345;ARS
24;2023-12;191;vestimenta;3501022;ARS
24;2024-01;185;alimentos;51734164;ARS
24;2024-01;192;vivienda;50363011;ARS
24;2024-01;190;transporte;13209420;ARS
24;2024-01;188;salud;11066594;ARS
24;2024-01;186;educacion;9834159;ARS
24;2024-01;189;servicios;12705101;ARS
24;2024-01;187;recreacion;9372456;ARS
24;2024-01;191;vestimenta;3675229;ARS
24;2024-02;185;alimentos;49697082;ARS
24;2024-02;192;vivienda;47967878;ARS
24;2024-02;190;transporte;13609928;ARS
24;2024-02;188;salud;11597689;ARS
24;2024-02;186;educacion;14674953;ARS
24;2024-02;189;servicios;13725305;ARS
24;2024-02;187;recreacion;6835444;ARS
24;2024-02;191;vestimenta;4089530;ARS
24;2024-03;185;alimentos;48240020;ARS
24;2024-03;192;vivienda;55669049;ARS
24;2024-03;190;transporte;13314700;ARS
24;2024-03;188;salud;11688100;ARS
24;2024-03;186;educacion;14791146;ARS
24;2024-03;189;servicios;11778435;ARS
24;2024-03;187;recreacion;8553212;ARS
24;2024-03;191;vestimenta;3732647;ARS
24;2024-04;185;alimentos;57434297;ARS
24;2024-04;192;vivienda;56395476;ARS
24;2024-04;190;transporte;15242537;ARS
24;2024-04;188;salud;13908051;ARS
24;2024-04;186;educacion;12265018;ARS
24;2024-04;189;servicios;16337359;ARS
24;2024-04;187;recreacion;9150327;ARS
24;2024-04;191;vestimenta;4270578;ARS
24;2024-05;185;alimentos;59914700;ARS
24;2024-05;192;vivienda;60322707;ARS
24;2024-05;190;transporte;14954476;ARS
24;2024-05;188;salud;14315248;ARS
24;2024-05;186;educacion;13941604;ARS
24;2024-05;189;servicios;13645669;ARS
24;2024-05;187;recreacion;9154827;ARS
24;2024-05;191;vestimenta;4621530;ARS
24;2024-06;185;alimentos;65000033;ARS
24;2024-06;192;vivienda;58126913;ARS
24;2024-06;190;transporte;16633035;ARS
24;2024-06;188;salud;12659265;ARS
24;2024-06;186;educacion;12359980;ARS
24;2024-06;189;servicios;15060807;ARS
24;2024-06;187;recreacion;10619968;ARS
24;2024-06;191;vestimenta;4216286;ARS
24;2024-07;185;alimentos;64456164;ARS
24;2024-07;192;vivienda;66052970;ARS
24;2024-07;190;transporte;19770437;ARS
24;2024-07;188;salud;15855564;ARS
24;2024-07;186;educacion;13165986;ARS
24;2024-07;189;servicios;15766903;ARS
24;2024-07;187;recreacion;7855155;ARS
24;2024-07;191;vestimenta;4416428;ARS
24;2024-08;185;alimentos;79991553;ARS
24;2024-08;192;vivienda;64630020;ARS
24;2024-08;190;transporte;14170570;ARS
24;2024-08;188;salud;16130159;ARS
24;2024-08;186;educacion;14800201;ARS
24;2024-08;189;servicios;19427347;ARS
24;2024-08;187;recreacion;9263684;ARS
24;2024-08;191;vestimenta;5691639;ARS
24;2024-09;185;alimentos;80608710;ARS
24;2024-09;192;vivienda;69989597;ARS
24;2024-09;190;transporte;16745020;ARS
24;2024-09;188;salud;15488911;ARS
24;2024-09;186;educacion;17171206;ARS
24;2024-09;189;servicios;18206875;ARS
24;2024-09;187;recreacion;11124423;ARS
24;2024-09;191;vestimenta;5099960;ARS
24;2024-10;185;alimentos;72552082;ARS
24;2024-10;192;vivienda;71890204;ARS
24;2024-10;190;transporte;17443098;ARS
24;2024-10;188;salud;17235025;ARS
24;2024-10;186;educacion;16823315;ARS
24;2024-10;189;servicios;20036418;ARS
24;2024-10;187;recreacion;13817779;ARS
24;2024-10;191;vestimenta;3557313;ARS
24;2024-11;185;alimentos;70204195;ARS
24;2024-11;192;vivienda;78132133;ARS
24;2024-11;190;transporte;16569104;ARS
24;2024-11;188;salud;17328643;ARS
24;2024-11;186;educacion;18046335;ARS
24;2024-11;189;servicios;19003946;ARS
24;2024-11;187;recreacion;13709008;ARS
24;2024-11;191;vestimenta;5504640;ARS
24;2024-12;185;alimentos;94831124;ARS
24;2024-12;192;vivienda;80648269;ARS
24;2024-12;190;transporte;22900060;ARS
24;2024-12;188;salud;17639449;ARS
24;2024-12;186;educacion;16442918;ARS
24;2024-12;189;servicios;20836476;ARS
24;2024-12;187;recreacion;13089025;ARS
24;2024-12;191;vestimenta;5201525;ARS
24;2025-01;185;alimentos;79398436;ARS
24;2025-01;192;vivienda;83379179;ARS
24;2025-01;190;transporte;20818970;ARS
24;2025-01;188;salud;16910298;ARS
24;2025-01;186;educacion;18232496;ARS
24;2025-01;189;servicios;21926212;ARS
24;2025-01;187;recreacion;12886459;ARS
24;2025-01;191;vestimenta;4443259;ARS
24;2025-02;185;alimentos;90442866;ARS
24;2025-02;192;vivienda;92350860;ARS
24;2025-02;190;transporte;26654679;ARS
24;2025-02;188;salud;20072061;ARS
24;2025-02;186;educacion;21456997;ARS
24;2025-02;189;servicios;24878269;ARS
24;2025-02;187;recreacion;12650287;ARS
24;2025-02;191;vestimenta;6163108;ARS
24;2025-03;185;alimentos;91742170;ARS
24;2025-03;192;vivienda;89879778;ARS
24;2025-03;190;transporte;25665929;ARS
24;2025-03;188;salud;16615146;ARS
24;2025-03;186;educacion;21583652;ARS
24;2025-03;189;servicios;19034601;ARS
24;2025-03;187;recreacion;12974760;ARS
24;2025-03;191;vestimenta;3547934;ARS
24;2025-04;185;alimentos;85886998;ARS
24;2025-04;192;vivienda;98655812;ARS
24;2025-04;190;transporte;22188794;ARS
24;2025-04;188;salud;21786242;ARS
24;2025-04;186;educacion;20172582;ARS
24;2025-04;189;servicios;21708966;ARS
24;2025-04;187;recreacion;12905250;ARS
24;2025-04;191;vestimenta;5968022;ARS
24;2025-05;185;alimentos;93201167;ARS
24;2025-05;192;vivienda;99022938;ARS
24;2025-05;190;transporte;26978812;ARS
24;2025-05;188;salud;22626520;ARS
24;2025-05;186;educacion;19449252;ARS
24;2025-05;189;servicios;26732891;ARS
24;2025-05;187;recreacion;15002460;ARS
24;2025-05;191;vestimenta;5704616;ARS
24;2025-06;185;alimentos;97720086;ARS
24;2025-06;192;vivienda;104852942;ARS
24;2025-06;190;transporte;27451961;ARS
24;2025-06;188;salud;21177589;ARS
24;2025-06;186;educacion;24513451;ARS
24;2025-06;189;servicios;26595636;ARS
24;2025-06;187;recreacion;16041074;ARS
24;2025-06;191;vestimenta;7732964;ARS
24;2025-07;185;alimentos;115976610;ARS
24;2025-07;192;vivienda;113746488;ARS
24;2025-07;190;transporte;26432842;ARS
24;2025-07;188;salud;25562350;ARS
24;2025-07;186;educacion;19913467;ARS
24;2025-07;189;servicios;29330947;ARS
24;2025-07;187;recreacion;18542501;ARS
24;2025-07;191;vestimenta;7431882;ARS
24;2025-08;185;alimentos;115799669;ARS
24;2025-08;192;vivienda;114360835;ARS
24;2025-08;190;transporte;27245744;ARS
24;2025-08;188;salud;24334949;ARS
24;2025-08;186;educacion;26619181;ARS
24;2025-08;189;servicios;29432700;ARS
24;2025-08;187;recreacion;19834443;ARS
24;2025-08;191;vestimenta;7538861;ARS
24;2025-09;185;alimentos;133842055;ARS
24;2025-09;192;vivienda;117750562;ARS
24;2025-09;190;transporte;30060720;ARS
24;2025-09;188;salud;25560473;ARS
24;2025-09;186;educacion;29555867;ARS
24;2025-09;189;servicios;23877041;ARS
24;2025-09;187;recreacion;22793187;ARS
24;2025-09;191;vestimenta;6654361;ARS
24;2025-10;185;alimentos;127219677;ARS
24;2025-10;192;vivienda;121854169;ARS
24;2025-10;190;transporte;29745813;ARS
24;2025-10;188;salud;26706577;ARS
24;2025-10;186;educacion;25699395;ARS
24;2025-10;189;servicios;30891393;ARS
24;2025-10;187;recreacion;19986049;ARS
24;2025-10;191;vestimenta;8872595;ARS
24;2025-11;185;alimentos;103750661;ARS
24;2025-11;192;vivienda;127902900;ARS
24;2025-11;190;transporte;32375514;ARS
24;2025-11;188;salud;25857334;ARS
24;2025-11;186;educacion;26806980;ARS
24;2025-11;189;servicios;33288616;ARS
24;2025-11;187;recreacion;20325911;ARS
24;2025-11;191;vestimenta;6052207;ARS
24;2025-12;185;alimentos;142716567;ARS
24;2025-12;192;vivienda;142090253;ARS
24;2025-12;190;transporte;33602536;ARS
24;2025-12;188;salud;29800664;ARS
24;2025-12;186;educacion;30806556;ARS
24;2025-12;189;servicios;33436626;ARS
24;2025-12;187;recreacion;28330007;ARS
24;2025-12;191;vestimenta;7110916;ARS
25;2023-01;193;alimentos;21324551;ARS
25;2023-01;200;vivienda;26462599;ARS
25;2023-01;198;transporte;13851396;ARS
25;2023-01;196;salud;10784124;ARS
25;2023-01;194;educacion;7276400;ARS
25;2023-01;197;servicios;11066993;ARS
25;2023-01;195;recreacion;9216918;ARS
25;2023-01;199;vestimenta;3804737;ARS
25;2023-02;193;alimentos;23438893;ARS
25;2023-02;200;vivienda;29657651;ARS
25;2023-02;198;transporte;13436645;ARS
25;2023-02;196;salud;9544368;ARS
25;2023-02;194;educacion;10106398;ARS
25;2023-02;197;servicios;9642837;ARS
25;2023-02;195;recreacion;6353479;ARS
25;2023-02;199;vestimenta;1748031;ARS
25;2023-03;193;alimentos;21943800;ARS
25;2023-03;200;vivienda;30676150;ARS
25;2023-03;198;transporte;14110165;ARS
25;2023-03;196;salud;11466039;ARS
25;2023-03;194;educacion;9129571;ARS
25;2023-03;197;servicios;10272872;ARS
25;2023-03;195;recreacion;7501215;ARS
25;2023-03;199;vestimenta;2601245;ARS
25;2023-04;193;alimentos;33267564;ARS
25;2023-04;200;vivienda;30328887;ARS
25;2023-04;198;transporte;14370510;ARS
25;2023-04;196;salud;12658071;ARS
25;2023-04;194;educacion;10357297;ARS
25;2023-04;197;servicios;13552650;ARS
25;2023-04;195;recreacion;8784496;ARS
25;2023-04;199;vestimenta;3578016;ARS
25;2023-05;193;alimentos;22818661;ARS
25;2023-05;200;vivienda;33832935;ARS
25;2023-05;198;transporte;15405999;ARS
25;2023-05;196;salud;10672690;ARS
25;2023-05;194;educacion;8742196;ARS
25;2023-05;197;servicios;11681541;ARS
25;2023-05;195;recreacion;9026888;ARS
25;2023-05;199;vestimenta;3179687;ARS
25;2023-06;193;alimentos;30990620;ARS
25;2023-06;200;vivienda;34734115;ARS
25;2023-06;198;transporte;14805949;ARS
25;2023-06;196;salud;12863485;ARS
25;2023-06;194;educacion;11038629;ARS
25;2023-06;197;servicios;17728720;ARS
25;2023-06;195;recreacion;9366216;ARS
25;2023-06;199;vestimenta;3112750;ARS
25;2023-07;193;alimentos;33808993;ARS
25;2023-07;200;vivienda;35361800;ARS
25;2023-07;198;transporte;18754148;ARS
25;2023-07;196;salud;15030342;ARS
25;2023-07;194;educacion;11074958;ARS
25;2023-07;197;servicios;15892339;ARS
25;2023-07;195;recreacion;6697206;ARS
25;2023-07;199;vestimenta;4978142;ARS
25;2023-08;193;alimentos;28728238;ARS
25;2023-08;200;vivienda;34855236;ARS
25;2023-08;198;transporte;18853248;ARS
25;2023-08;196;salud;15359276;ARS
25;2023-08;194;educacion;13724076;ARS
25;2023-08;197;servicios;14668914;ARS
25;2023-08;195;recreacion;9402378;ARS
25;2023-08;199;vestimenta;3434322;ARS
25;2023-09;193;alimentos;34282691;ARS
25;2023-09;200;vivienda;39791820;ARS
25;2023-09;198;transporte;19811181;ARS
25;2023-09;196;salud;16020521;ARS
25;2023-09;194;educacion;12459626;ARS
25;2023-09;197;servicios;16386147;ARS
25;2023-09;195;recreacion;8776282;ARS
25;2023-09;199;vestimenta;3498134;ARS
25;2023-10;193;alimentos;39488216;ARS
25;2023-10;200;vivienda;42040506;ARS
25;2023-10;198;transporte;20630201;ARS
25;2023-10;196;salud;15210774;ARS
25;2023-10;194;educacion;12558729;ARS
25;2023-10;197;servicios;16347892;ARS
25;2023-10;195;recreacion;8740976;ARS
25;2023-10;199;vestimenta;5379233;ARS
25;2023-11;193;alimentos;35480969;ARS
25;2023-11;200;vivienda;42828410;ARS
25;2023-11;198;transporte;21316774;ARS
25;2023-11;196;salud;17382544;ARS
25;2023-11;194;educacion;12765335;ARS
25;2023-11;197;servicios;18244759;ARS
25;2023-11;195;recreacion;10290815;ARS
25;2023-11;199;vestimenta;3417914;ARS
25;2023-12;193;alimentos;33185234;ARS
25;2023-12;200;vivienda;44645238;ARS
25;2023-12;198;transporte;23785241;ARS
25;2023-12;196;salud;17161180;ARS
25;2023-12;194;educacion;13203893;ARS
25;2023-12;197;servicios;18466528;ARS
25;2023-12;195;recreacion;8391880;ARS
25;2023-12;199;vestimenta;4102130;ARS
25;2024-01;193;alimentos;35574500;ARS
25;2024-01;200;vivienda;46805098;ARS
25;2024-01;198;transporte;23370003;ARS
25;2024-01;196;salud;17522758;ARS
25;2024-01;194;educacion;15715784;ARS
25;2024-01;197;servicios;17024064;ARS
25;2024-01;195;recreacion;11035723;ARS
25;2024-01;199;vestimenta;4455573;ARS
25;2024-02;193;alimentos;42866685;ARS
25;2024-02;200;vivienda;48093808;ARS
25;2024-02;198;transporte;26899691;ARS
25;2024-02;196;salud;17940694;ARS
25;2024-02;194;educacion;16700022;ARS
25;2024-02;197;servicios;19071438;ARS
25;2024-02;195;recreacion;11579531;ARS
25;2024-02;199;vestimenta;5431852;ARS
25;2024-03;193;alimentos;51674638;ARS
25;2024-03;200;vivienda;49284877;ARS
25;2024-03;198;transporte;26056788;ARS
25;2024-03;196;salud;19895715;ARS
25;2024-03;194;educacion;17981211;ARS
25;2024-03;197;servicios;19105745;ARS
25;2024-03;195;recreacion;11226140;ARS
25;2024-03;199;vestimenta;4694933;ARS
25;2024-04;193;alimentos;37064236;ARS
25;2024-04;200;vivienda;57773552;ARS
25;2024-04;198;transporte;22707536;ARS
25;2024-04;196;salud;20045331;ARS
25;2024-04;194;educacion;15250233;ARS
25;2024-04;197;servicios;22019457;ARS
25;2024-04;195;recreacion;15838884;ARS
25;2024-04;199;vestimenta;6708082;ARS
25;2024-05;193;alimentos;53412005;ARS
25;2024-05;200;vivienda;55216689;ARS
25;2024-05;198;transporte;24816338;ARS
25;2024-05;196;salud;22862606;ARS
25;2024-05;194;educacion;17131777;ARS
25;2024-05;197;servicios;26676280;ARS
25;2024-05;195;recreacion;12374083;ARS
25;2024-05;199;vestimenta;4441538;ARS
25;2024-06;193;alimentos;55184199;ARS
25;2024-06;200;vivienda;60123682;ARS
25;2024-06;198;transporte;29311697;ARS
25;2024-06;196;salud;23303092;ARS
25;2024-06;194;educacion;17091307;ARS
25;2024-06;197;servicios;26826353;ARS
25;2024-06;195;recreacion;14304577;ARS
25;2024-06;199;vestimenta;5931281;ARS
25;2024-07;193;alimentos;51657854;ARS
25;2024-07;200;vivienda;60259259;ARS
25;2024-07;198;transporte;30565886;ARS
25;2024-07;196;salud;23521356;ARS
25;2024-07;194;educacion;18500573;ARS
25;2024-07;197;servicios;27967803;ARS
25;2024-07;195;recreacion;13719503;ARS
25;2024-07;199;vestimenta;7826772;ARS
25;2024-08;193;alimentos;51736184;ARS
25;2024-08;200;vivienda;64944543;ARS
25;2024-08;198;transporte;33846719;ARS
25;2024-08;196;salud;23522421;ARS
25;2024-08;194;educacion;14615695;ARS
25;2024-08;197;servicios;25634844;ARS
25;2024-08;195;recreacion;11372258;ARS
25;2024-08;199;vestimenta;5764152;ARS
25;2024-09;193;alimentos;52947608;ARS
25;2024-09;200;vivienda;70132893;ARS
25;2024-09;198;transporte;32598936;ARS
25;2024-09;196;salud;25402501;ARS
25;2024-09;194;educacion;18357866;ARS
25;2024-09;197;servicios;27883651;ARS
25;2024-09;195;recreacion;13644328;ARS
25;2024-09;199;vestimenta;6057730;ARS
25;2024-10;193;alimentos;63359954;ARS
25;2024-10;200;vivienda;71011541;ARS
25;2024-10;198;transporte;28733314;ARS
25;2024-10;196;salud;28183520;ARS
25;2024-10;194;educacion;22404598;ARS
25;2024-10;197;servicios;31711386;ARS
25;2024-10;195;recreacion;11670324;ARS
25;2024-10;199;vestimenta;6435134;ARS
25;2024-11;193;alimentos;55172155;ARS
25;2024-11;200;vivienda;71858291;ARS
25;2024-11;198;transporte;40034117;ARS
25;2024-11;196;salud;28067110;ARS
25;2024-11;194;educacion;19494895;ARS
25;2024-11;197;servicios;31567667;ARS
25;2024-11;195;recreacion;20747060;ARS
25;2024-11;199;vestimenta;6526818;ARS
25;2024-12;193;alimentos;65870179;ARS
25;2024-12;200;vivienda;73865212;ARS
25;2024-12;198;transporte;33922703;ARS
25;2024-12;196;salud;24886134;ARS
25;2024-12;194;educacion;22172567;ARS
25;2024-12;197;servicios;31571684;ARS
25;2024-12;195;recreacion;19124583;ARS
25;2024-12;199;vestimenta;8470606;ARS
25;2025-01;193;alimentos;65373302;ARS
25;2025-01;200;vivienda;79297953;ARS
25;2025-01;198;transporte;38155585;ARS
25;2025-01;196;salud;26770170;ARS
25;2025-01;194;educacion;23201774;ARS
25;2025-01;197;servicios;33773879;ARS
25;2025-01;195;recreacion;22354531;ARS
25;2025-01;199;vestimenta;6473344;ARS
25;2025-02;193;alimentos;57093752;ARS
25;2025-02;200;vivienda;88669461;ARS
25;2025-02;198;transporte;42485267;ARS
25;2025-02;196;salud;27986340;ARS
25;2025-02;194;educacion;29832711;ARS
25;2025-02;197;servicios;32299260;ARS
25;2025-02;195;recreacion;19245071;ARS
25;2025-02;199;vestimenta;7323588;ARS
25;2025-03;193;alimentos;77306390;ARS
25;2025-03;200;vivienda;86816773;ARS
25;2025-03;198;transporte;44348016;ARS
25;2025-03;196;salud;29334809;ARS
25;2025-03;194;educacion;35601708;ARS
25;2025-03;197;servicios;33575803;ARS
25;2025-03;195;recreacion;20920253;ARS
25;2025-03;199;vestimenta;7211610;ARS
25;2025-04;193;alimentos;64105856;ARS
25;2025-04;200;vivienda;91504757;ARS
25;2025-04;198;transporte;49506161;ARS
25;2025-04;196;salud;29021076;ARS
25;2025-04;194;educacion;26335596;ARS
25;2025-04;197;servicios;38617789;ARS
25;2025-04;195;recreacion;23763731;ARS
25;2025-04;199;vestimenta;9648979;ARS
25;2025-05;193;alimentos;78684390;ARS
25;2025-05;200;vivienda;102084747;ARS
25;2025-05;198;transporte;52275917;ARS
25;2025-05;196;salud;38180103;ARS
25;2025-05;194;educacion;30037375;ARS
25;2025-05;197;servicios;39674939;ARS
25;2025-05;195;recreacion;24239615;ARS
25;2025-05;199;vestimenta;10473758;ARS
25;2025-06;193;alimentos;77270504;ARS
25;2025-06;200;vivienda;102290025;ARS
25;2025-06;198;transporte;41320405;ARS
25;2025-06;196;salud;34685458;ARS
25;2025-06;194;educacion;30119926;ARS
25;2025-06;197;servicios;38979626;ARS
25;2025-06;195;recreacion;27795436;ARS
25;2025-06;199;vestimenta;9418919;ARS
25;2025-07;193;alimentos;91627092;ARS
25;2025-07;200;vivienda;98939284;ARS
25;2025-07;198;transporte;47698990;ARS
25;2025-07;196;salud;41712488;ARS
25;2025-07;194;educacion;30456815;ARS
25;2025-07;197;servicios;41566280;ARS
25;2025-07;195;recreacion;26154570;ARS
25;2025-07;199;vestimenta;10859994;ARS
25;2025-08;193;alimentos;88283008;ARS
25;2025-08;200;vivienda;113632247;ARS
25;2025-08;198;transporte;57132180;ARS
25;2025-08;196;salud;30116389;ARS
25;2025-08;194;educacion;30580355;ARS
25;2025-08;197;servicios;46147446;ARS
25;2025-08;195;recreacion;26673382;ARS
25;2025-08;199;vestimenta;11412368;ARS
25;2025-09;193;alimentos;105499585;ARS
25;2025-09;200;vivienda;118078760;ARS
25;2025-09;198;transporte;54229641;ARS
25;2025-09;196;salud;44810413;ARS
25;2025-09;194;educacion;36546164;ARS
25;2025-09;197;servicios;42656957;ARS
25;2025-09;195;recreacion;28172937;ARS
25;2025-09;199;vestimenta;7695954;ARS
25;2025-10;193;alimentos;91192168;ARS
25;2025-10;200;vivienda;122448607;ARS
25;2025-10;198;transporte;59975063;ARS
25;2025-10;196;salud;46669575;ARS
25;2025-10;194;educacion;34032313;ARS
25;2025-10;197;servicios;51433800;ARS
25;2025-10;195;recreacion;21073695;ARS
25;2025-10;199;vestimenta;13305689;ARS
25;2025-11;193;alimentos;98333684;ARS
25;2025-11;200;vivienda;124126042;ARS
25;2025-11;198;transporte;54889297;ARS
25;2025-11;196;salud;48129243;ARS
25;2025-11;194;educacion;33716658;ARS
25;2025-11;197;servicios;53956859;ARS
25;2025-11;195;recreacion;28284588;ARS
25;2025-11;199;vestimenta;14671735;ARS
25;2025-12;193;alimentos;90949098;ARS
25;2025-12;200;vivienda;121714411;ARS
25;2025-12;198;transporte;61537991;ARS
25;2025-12;196;salud;44092004;ARS
25;2025-12;194;educacion;42056255;ARS
25;2025-12;197;servicios;56438675;ARS
25;2025-12;195;recreacion;38654632;ARS
25;2025-12;199;vestimenta;14113078;ARS
26;2023-01;201;alimentos;18570189;ARS
26;2023-01;208;vivienda;14543315;ARS
26;2023-01;206;transporte;6335460;ARS
26;2023-01;204;salud;4573786;ARS
26;2023-01;202;educacion;2978718;ARS
26;2023-01;205;servicios;5759603;ARS
26;2023-01;203;recreacion;2256510;ARS
26;2023-01;207;vestimenta;1677357;ARS
26;2023-02;201;alimentos;16058607;ARS
26;2023-02;208;vivienda;16606692;ARS
26;2023-02;206;transporte;7979384;ARS
26;2023-02;204;salud;4407744;ARS
26;2023-02;202;educacion;3915166;ARS
26;2023-02;205;servicios;5759837;ARS
26;2023-02;203;recreacion;2665867;ARS
26;2023-02;207;vestimenta;1439287;ARS
26;2023-03;201;alimentos;15126126;ARS
26;2023-03;208;vivienda;18537249;ARS
26;2023-03;206;transporte;7769189;ARS
26;2023-03;204;salud;5157223;ARS
26;2023-03;202;educacion;4229203;ARS
26;2023-03;205;servicios;6398117;ARS
26;2023-03;203;recreacion;2186259;ARS
26;2023-03;207;vestimenta;1616812;ARS
26;2023-04;201;alimentos;20564387;ARS
26;2023-04;208;vivienda;16539966;ARS
26;2023-04;206;transporte;6922320;ARS
26;2023-04;204;salud;4967887;ARS
26;2023-04;202;educacion;3405337;ARS
26;2023-04;205;servicios;6637026;ARS
26;2023-04;203;recreacion;2698184;ARS
26;2023-04;207;vestimenta;1823245;ARS
26;2023-05;201;alimentos;20041991;ARS
26;2023-05;208;vivienda;18120774;ARS
26;2023-05;206;transporte;7093613;ARS
26;2023-05;204;salud;5201905;ARS
26;2023-05;202;educacion;4129847;ARS
26;2023-05;205;servicios;6590565;ARS
26;2023-05;203;recreacion;2869074;ARS
26;2023-05;207;vestimenta;2445909;ARS
26;2023-06;201;alimentos;23264918;ARS
26;2023-06;208;vivienda;19974425;ARS
26;2023-06;206;transporte;7397414;ARS
26;2023-06;204;salud;6066138;ARS
26;2023-06;202;educacion;4251491;ARS
26;2023-06;205;servicios;6747521;ARS
26;2023-06;203;recreacion;2329192;ARS
26;2023-06;207;vestimenta;2121988;ARS
26;2023-07;201;alimentos;23312397;ARS
26;2023-07;208;vivienda;19401017;ARS
26;2023-07;206;transporte;9868526;ARS
26;2023-07;204;salud;6312858;ARS
26;2023-07;202;educacion;4542807;ARS
26;2023-07;205;servicios;7787736;ARS
26;2023-07;203;recreacion;3105236;ARS
26;2023-07;207;vestimenta;1845878;ARS
26;2023-08;201;alimentos;19387342;ARS
26;2023-08;208;vivienda;20399874;ARS
26;2023-08;206;transporte;9313450;ARS
26;2023-08;204;salud;6395464;ARS
26;2023-08;202;educacion;4431076;ARS
26;2023-08;205;servicios;7234528;ARS
26;2023-08;203;recreacion;3311330;ARS
26;2023-08;207;vestimenta;1845379;ARS
26;2023-09;201;alimentos;24109761;ARS
26;2023-09;208;vivienda;22533670;ARS
26;2023-09;206;transporte;8793995;ARS
26;2023-09;204;salud;6794427;ARS
26;2023-09;202;educacion;4607132;ARS
26;2023-09;205;servicios;7550395;ARS
26;2023-09;203;recreacion;3527973;ARS
26;2023-09;207;vestimenta;1918219;ARS
26;2023-10;201;alimentos;24606599;ARS
26;2023-10;208;vivienda;23083280;ARS
26;2023-10;206;transporte;10207392;ARS
26;2023-10;204;salud;5950392;ARS
26;2023-10;202;educacion;4518967;ARS
26;2023-10;205;servicios;7998997;ARS
26;2023-10;203;recreacion;3229184;ARS
26;2023-10;207;vestimenta;2290435;ARS
26;2023-11;201;alimentos;24336254;ARS
26;2023-11;208;vivienda;23874890;ARS
26;2023-11;206;transporte;10610430;ARS
26;2023-11;204;salud;7314779;ARS
26;2023-11;202;educacion;4396924;ARS
26;2023-11;205;servicios;8501318;ARS
26;2023-11;203;recreacion;3180818;ARS
26;2023-11;207;vestimenta;2446868;ARS
26;2023-12;201;alimentos;26142490;ARS
26;2023-12;208;vivienda;26154695;ARS
26;2023-12;206;transporte;10379838;ARS
26;2023-12;204;salud;8276359;ARS
26;2023-12;202;educacion;5507438;ARS
26;2023-12;205;servicios;9374034;ARS
26;2023-12;203;recreacion;3355475;ARS
26;2023-12;207;vestimenta;2476714;ARS
26;2024-01;201;alimentos;24328041;ARS
26;2024-01;208;vivienda;23886103;ARS
26;2024-01;206;transporte;11397660;ARS
26;2024-01;204;salud;7785564;ARS
26;2024-01;202;educacion;5641597;ARS
26;2024-01;205;servicios;8280175;ARS
26;2024-01;203;recreacion;4278100;ARS
26;2024-01;207;vestimenta;2067247;ARS
26;2024-02;201;alimentos;32752991;ARS
26;2024-02;208;vivienda;26587785;ARS
26;2024-02;206;transporte;12699572;ARS
26;2024-02;204;salud;7967752;ARS
26;2024-02;202;educacion;6667136;ARS
26;2024-02;205;servicios;9000019;ARS
26;2024-02;203;recreacion;3606073;ARS
26;2024-02;207;vestimenta;2408720;ARS
26;2024-03;201;alimentos;26729459;ARS
26;2024-03;208;vivienda;28567565;ARS
26;2024-03;206;transporte;11034428;ARS
26;2024-03;204;salud;8215178;ARS
26;2024-03;202;educacion;7416989;ARS
26;2024-03;205;servicios;9623865;ARS
26;2024-03;203;recreacion;4233759;ARS
26;2024-03;207;vestimenta;3154490;ARS
26;2024-04;201;alimentos;32584645;ARS
26;2024-04;208;vivienda;27857147;ARS
26;2024-04;206;transporte;12272289;ARS
26;2024-04;204;salud;9301507;ARS
26;2024-04;202;educacion;6786164;ARS
26;2024-04;205;servicios;9217639;ARS
26;2024-04;203;recreacion;4675330;ARS
26;2024-04;207;vestimenta;3161739;ARS
26;2024-05;201;alimentos;25906081;ARS
26;2024-05;208;vivienda;31388555;ARS
26;2024-05;206;transporte;14056473;ARS
26;2024-05;204;salud;9194319;ARS
26;2024-05;202;educacion;6533773;ARS
26;2024-05;205;servicios;10642145;ARS
26;2024-05;203;recreacion;4954834;ARS
26;2024-05;207;vestimenta;2076396;ARS
26;2024-06;201;alimentos;37225075;ARS
26;2024-06;208;vivienda;32597381;ARS
26;2024-06;206;transporte;12636927;ARS
26;2024-06;204;salud;9504018;ARS
26;2024-06;202;educacion;5987626;ARS
26;2024-06;205;servicios;11549008;ARS
26;2024-06;203;recreacion;5047372;ARS
26;2024-06;207;vestimenta;2980846;ARS
26;2024-07;201;alimentos;41827977;ARS
26;2024-07;208;vivienda;34115662;ARS
26;2024-07;206;transporte;16887960;ARS
26;2024-07;204;salud;10776147;ARS
26;2024-07;202;educacion;6990327;ARS
26;2024-07;205;servicios;12453005;ARS
26;2024-07;203;recreacion;5443751;ARS
26;2024-07;207;vestimenta;3309891;ARS
26;2024-08;201;alimentos;45707160;ARS
26;2024-08;208;vivienda;36514587;ARS
26;2024-08;206;transporte;16347142;ARS
26;2024-08;204;salud;7994128;ARS
26;2024-08;202;educacion;7459654;ARS
26;2024-08;205;servicios;13595782;ARS
26;2024-08;203;recreacion;6856540;ARS
26;2024-08;207;vestimenta;3393270;ARS
26;2024-09;201;alimentos;40772382;ARS
26;2024-09;208;vivienda;38475470;ARS
26;2024-09;206;transporte;15600013;ARS
26;2024-09;204;salud;11032858;ARS
26;2024-09;202;educacion;7801425;ARS
26;2024-09;205;servicios;14111752;ARS
26;2024-09;203;recreacion;6444827;ARS
26;2024-09;207;vestimenta;3011026;ARS
26;2024-10;201;alimentos;50298990;ARS
26;2024-10;208;vivienda;38526395;ARS
26;2024-10;206;transporte;15632355;ARS
26;2024-10;204;salud;9719807;ARS
26;2024-10;202;educacion;9271171;ARS
26;2024-10;205;servicios;11765417;ARS
26;2024-10;203;recreacion;5802377;ARS
26;2024-10;207;vestimenta;4095912;ARS
26;2024-11;201;alimentos;47293384;ARS
26;2024-11;208;vivienda;40466854;ARS
26;2024-11;206;transporte;17016594;ARS
26;2024-11;204;salud;12220609;ARS
26;2024-11;202;educacion;8798027;ARS
26;2024-11;205;servicios;14763945;ARS
26;2024-11;203;recreacion;6060775;ARS
26;2024-11;207;vestimenta;3974127;ARS
26;2024-12;201;alimentos;44360807;ARS
26;2024-12;208;vivienda;44947516;ARS
26;2024-12;206;transporte;19170382;ARS
26;2024-12;204;salud;11352560;ARS
26;2024-12;202;educacion;9411439;ARS
26;2024-12;205;servicios;16689165;ARS
26;2024-12;203;recreacion;7233055;ARS
26;2024-12;207;vestimenta;4467473;ARS
26;2025-01;201;alimentos;44810504;ARS
26;2025-01;208;vivienda;46607738;ARS
26;2025-01;206;transporte;22284724;ARS
26;2025-01;204;salud;12054410;ARS
26;2025-01;202;educacion;10440082;ARS
26;2025-01;205;servicios;14502118;ARS
26;2025-01;203;recreacion;7836973;ARS
26;2025-01;207;vestimenta;3315140;ARS
26;2025-02;201;alimentos;52726994;ARS
26;2025-02;208;vivienda;45254561;ARS
26;2025-02;206;transporte;18528623;ARS
26;2025-02;204;salud;14110037;ARS
26;2025-02;202;educacion;12029361;ARS
26;2025-02;205;servicios;17413866;ARS
26;2025-02;203;recreacion;5726821;ARS
26;2025-02;207;vestimenta;3298562;ARS
26;2025-03;201;alimentos;57040276;ARS
26;2025-03;208;vivienda;45833129;ARS
26;2025-03;206;transporte;22252286;ARS
26;2025-03;204;salud;14091977;ARS
26;2025-03;202;educacion;11682757;ARS
26;2025-03;205;servicios;14674918;ARS
26;2025-03;203;recreacion;8287713;ARS
26;2025-03;207;vestimenta;2985248;ARS
26;2025-04;201;alimentos;56932978;ARS
26;2025-04;208;vivienda;53177596;ARS
26;2025-04;206;transporte;23065334;ARS
26;2025-04;204;salud;15298210;ARS
26;2025-04;202;educacion;10013884;ARS
26;2025-04;205;servicios;16871128;ARS
26;2025-04;203;recreacion;7768136;ARS
26;2025-04;207;vestimenta;3769622;ARS
26;2025-05;201;alimentos;59071299;ARS
26;2025-05;208;vivienda;55625773;ARS
26;2025-05;206;transporte;23248772;ARS
26;2025-05;204;salud;15337792;ARS
26;2025-05;202;educacion;11278468;ARS
26;2025-05;205;servicios;20016794;ARS
26;2025-05;203;recreacion;7420343;ARS
26;2025-05;207;vestimenta;5319273;ARS
26;2025-06;201;alimentos;46291433;ARS
26;2025-06;208;vivienda;56516432;ARS
26;2025-06;206;transporte;24399774;ARS
26;2025-06;204;salud;12715436;ARS
26;2025-06;202;educacion;11988364;ARS
26;2025-06;205;servicios;20566393;ARS
26;2025-06;203;recreacion;7970840;ARS
26;2025-06;207;vestimenta;6398541;ARS
26;2025-07;201;alimentos;79330981;ARS
26;2025-07;208;vivienda;55426153;ARS
26;2025-07;206;transporte;26345807;ARS
26;2025-07;204;salud;19117280;ARS
26;2025-07;202;educacion;13274129;ARS
26;2025-07;205;servicios;21374491;ARS
26;2025-07;203;recreacion;9011104;ARS
26;2025-07;207;vestimenta;5276621;ARS
26;2025-08;201;alimentos;65278187;ARS
26;2025-08;208;vivienda;56744465;ARS
26;2025-08;206;transporte;27858819;ARS
26;2025-08;204;salud;21505432;ARS
26;2025-08;202;educacion;13239764;ARS
26;2025-08;205;servicios;18482244;ARS
26;2025-08;203;recreacion;7862734;ARS
26;2025-08;207;vestimenta;5079835;ARS
26;2025-09;201;alimentos;63914722;ARS
26;2025-09;208;vivienda;61292126;ARS
26;2025-09;206;transporte;27167358;ARS
26;2025-09;204;salud;19871022;ARS
26;2025-09;202;educacion;13489677;ARS
26;2025-09;205;servicios;22146357;ARS
26;2025-09;203;recreacion;9302553;ARS
26;2025-09;207;vestimenta;5506108;ARS
26;2025-10;201;alimentos;65022805;ARS
26;2025-10;208;vivienda;67064749;ARS
26;2025-10;206;transporte;28753467;ARS
26;2025-10;204;salud;18826244;ARS
26;2025-10;202;educacion;12388299;ARS
26;2025-10;205;servicios;22465434;ARS
26;2025-10;203;recreacion;12567751;ARS
26;2025-10;207;vestimenta;6072562;ARS
26;2025-11;201;alimentos;68409469;ARS
26;2025-11;208;vivienda;73248226;ARS
26;2025-11;206;transporte;32133238;ARS
26;2025-11;204;salud;19513675;ARS
26;2025-11;202;educacion;14691189;ARS
26;2025-11;205;servicios;21241584;ARS
26;2025-11;203;recreacion;10589302;ARS
26;2025-11;207;vestimenta;5634458;ARS
26;2025-12;201;alimentos;100970085;ARS
26;2025-12;208;vivienda;64954443;ARS
26;2025-12;206;transporte;30557271;ARS
26;2025-12;204;salud;21221522;ARS
26;2025-12;202;educacion;13059584;ARS
26;2025-12;205;servicios;26770828;ARS
26;2025-12;203;recreacion;11698385;ARS
26;2025-12;207;vestimenta;6470491;ARS
27;2023-01;209;alimentos;50595531;ARS
27;2023-01;216;vivienda;55868650;ARS
27;2023-01;214;transporte;16239151;ARS
27;2023-01;212;salud;15838431;ARS
27;2023-01;210;educacion;6844246;ARS
27;2023-01;213;servicios;8418047;ARS
27;2023-01;211;recreacion;8432529;ARS
27;2023-01;215;vestimenta;4772841;ARS
27;2023-02;209;alimentos;42979329;ARS
27;2023-02;216;vivienda;56939045;ARS
27;2023-02;214;transporte;22529184;ARS
27;2023-02;212;salud;13256442;ARS
27;2023-02;210;educacion;7518500;ARS
27;2023-02;213;servicios;9783831;ARS
27;2023-02;211;recreacion;6702874;ARS
27;2023-02;215;vestimenta;6882988;ARS
27;2023-03;209;alimentos;54695363;ARS
27;2023-03;216;vivienda;55379448;ARS
27;2023-03;214;transporte;20530621;ARS
27;2023-03;212;salud;13586833;ARS
27;2023-03;210;educacion;10554555;ARS
27;2023-03;213;servicios;11398862;ARS
27;2023-03;211;recreacion;7319233;ARS
27;2023-03;215;vestimenta;5856330;ARS
27;2023-04;209;alimentos;60220529;ARS
27;2023-04;216;vivienda;63083189;ARS
27;2023-04;214;transporte;23525061;ARS
27;2023-04;212;salud;17756000;ARS
27;2023-04;210;educacion;10191351;ARS
27;2023-04;213;servicios;12258296;ARS
27;2023-04;211;recreacion;7718528;ARS
27;2023-04;215;vestimenta;7244885;ARS
27;2023-05;209;alimentos;60737418;ARS
27;2023-05;216;vivienda;64470161;ARS
27;2023-05;214;transporte;21414819;ARS
27;2023-05;212;salud;12824710;ARS
27;2023-05;210;educacion;8674237;ARS
27;2023-05;213;servicios;12164661;ARS
27;2023-05;211;recreacion;7905040;ARS
27;2023-05;215;vestimenta;6661681;ARS
27;2023-06;209;alimentos;70114856;ARS
27;2023-06;216;vivienda;65077639;ARS
27;2023-06;214;transporte;21828165;ARS
27;2023-06;212;salud;16400884;ARS
27;2023-06;210;educacion;10480818;ARS
27;2023-06;213;servicios;12831192;ARS
27;2023-06;211;recreacion;9593994;ARS
27;2023-06;215;vestimenta;6624596;ARS
27;2023-07;209;alimentos;67320996;ARS
27;2023-07;216;vivienda;71745532;ARS
27;2023-07;214;transporte;27381737;ARS
27;2023-07;212;salud;20576198;ARS
27;2023-07;210;educacion;10716776;ARS
27;2023-07;213;servicios;11410565;ARS
27;2023-07;211;recreacion;8454550;ARS
27;2023-07;215;vestimenta;7158344;ARS
27;2023-08;209;alimentos;78418868;ARS
27;2023-08;216;vivienda;71017454;ARS
27;2023-08;214;transporte;27792213;ARS
27;2023-08;212;salud;17263923;ARS
27;2023-08;210;educacion;12715176;ARS
27;2023-08;213;servicios;12606792;ARS
27;2023-08;211;recreacion;8758323;ARS
27;2023-08;215;vestimenta;7350017;ARS
27;2023-09;209;alimentos;65063991;ARS
27;2023-09;216;vivienda;73702638;ARS
27;2023-09;214;transporte;30881725;ARS
27;2023-09;212;salud;18554253;ARS
27;2023-09;210;educacion;10979409;ARS
27;2023-09;213;servicios;13143249;ARS
27;2023-09;211;recreacion;6806642;ARS
27;2023-09;215;vestimenta;6216658;ARS
27;2023-10;209;alimentos;75973416;ARS
27;2023-10;216;vivienda;82558688;ARS
27;2023-10;214;transporte;28551722;ARS
27;2023-10;212;salud;21882767;ARS
27;2023-10;210;educacion;12794513;ARS
27;2023-10;213;servicios;13675803;ARS
27;2023-10;211;recreacion;9206918;ARS
27;2023-10;215;vestimenta;8423781;ARS
27;2023-11;209;alimentos;84586175;ARS
27;2023-11;216;vivienda;84880970;ARS
27;2023-11;214;transporte;31127057;ARS
27;2023-11;212;salud;16641216;ARS
27;2023-11;210;educacion;13564382;ARS
27;2023-11;213;servicios;15967190;ARS
27;2023-11;211;recreacion;12993247;ARS
27;2023-11;215;vestimenta;6202894;ARS
27;2023-12;209;alimentos;86450900;ARS
27;2023-12;216;vivienda;87879338;ARS
27;2023-12;214;transporte;30629433;ARS
27;2023-12;212;salud;19519825;ARS
27;2023-12;210;educacion;15338704;ARS
27;2023-12;213;servicios;16249434;ARS
27;2023-12;211;recreacion;15308987;ARS
27;2023-12;215;vestimenta;8022392;ARS
27;2024-01;209;alimentos;89868100;ARS
27;2024-01;216;vivienda;90123394;ARS
27;2024-01;214;transporte;34436356;ARS
27;2024-01;212;salud;25837680;ARS
27;2024-01;210;educacion;13133653;ARS
27;2024-01;213;servicios;16176508;ARS
27;2024-01;211;recreacion;10422910;ARS
27;2024-01;215;vestimenta;9961833;ARS
27;2024-02;209;alimentos;83116045;ARS
27;2024-02;216;vivienda;89005914;ARS
27;2024-02;214;transporte;37288080;ARS
27;2024-02;212;salud;21327213;ARS
27;2024-02;210;educacion;17231081;ARS
27;2024-02;213;servicios;17440208;ARS
27;2024-02;211;recreacion;11277820;ARS
27;2024-02;215;vestimenta;10235456;ARS
27;2024-03;209;alimentos;99627832;ARS
27;2024-03;216;vivienda;95468747;ARS
27;2024-03;214;transporte;32687164;ARS
27;2024-03;212;salud;28245546;ARS
27;2024-03;210;educacion;16944616;ARS
27;2024-03;213;servicios;16687151;ARS
27;2024-03;211;recreacion;15245099;ARS
27;2024-03;215;vestimenta;10364298;ARS
27;2024-04;209;alimentos;101052437;ARS
27;2024-04;216;vivienda;104027343;ARS
27;2024-04;214;transporte;37180318;ARS
27;2024-04;212;salud;26831844;ARS
27;2024-04;210;educacion;16956072;ARS
27;2024-04;213;servicios;14323603;ARS
27;2024-04;211;recreacion;14683989;ARS
27;2024-04;215;vestimenta;9741041;ARS
27;2024-05;209;alimentos;97127785;ARS
27;2024-05;216;vivienda;106741604;ARS
27;2024-05;214;transporte;34725200;ARS
27;2024-05;212;salud;28145286;ARS
27;2024-05;210;educacion;19639695;ARS
27;2024-05;213;servicios;20902541;ARS
27;2024-05;211;recreacion;11021358;ARS
27;2024-05;215;vestimenta;11511216;ARS
27;2024-06;209;alimentos;97071704;ARS
27;2024-06;216;vivienda;108631069;ARS
27;2024-06;214;transporte;41085712;ARS
27;2024-06;212;salud;29110891;ARS
27;2024-06;210;educacion;16138431;ARS
27;2024-06;213;servicios;22520710;ARS
27;2024-06;211;recreacion;15342905;ARS
27;2024-06;215;vestimenta;10171127;ARS
27;2024-07;209;alimentos;106653577;ARS
27;2024-07;216;vivienda;122282221;ARS
27;2024-07;214;transporte;46158221;ARS
27;2024-07;212;salud;32945616;ARS
27;2024-07;210;educacion;21267069;ARS
27;2024-07;213;servicios;20471592;ARS
27;2024-07;211;recreacion;13440729;ARS
27;2024-07;215;vestimenta;12617935;ARS
27;2024-08;209;alimentos;117574805;ARS
27;2024-08;216;vivienda;115630717;ARS
27;2024-08;214;transporte;35861912;ARS
27;2024-08;212;salud;29627490;ARS
27;2024-08;210;educacion;18890952;ARS
27;2024-08;213;servicios;24373182;ARS
27;2024-08;211;recreacion;16631110;ARS
27;2024-08;215;vestimenta;12648525;ARS
27;2024-09;209;alimentos;146500940;ARS
27;2024-09;216;vivienda;130031224;ARS
27;2024-09;214;transporte;44803425;ARS
27;2024-09;212;salud;32392870;ARS
27;2024-09;210;educacion;18330120;ARS
27;2024-09;213;servicios;23676126;ARS
27;2024-09;211;recreacion;13999701;ARS
27;2024-09;215;vestimenta;14023734;ARS
27;2024-10;209;alimentos;115268573;ARS
27;2024-10;216;vivienda;136266669;ARS
27;2024-10;214;transporte;52031485;ARS
27;2024-10;212;salud;41702848;ARS
27;2024-10;210;educacion;19901664;ARS
27;2024-10;213;servicios;26814658;ARS
27;2024-10;211;recreacion;16182194;ARS
27;2024-10;215;vestimenta;13272345;ARS
27;2024-11;209;alimentos;134835173;ARS
27;2024-11;216;vivienda;143087964;ARS
27;2024-11;214;transporte;42962507;ARS
27;2024-11;212;salud;41509953;ARS
27;2024-11;210;educacion;22485498;ARS
27;2024-11;213;servicios;27622279;ARS
27;2024-11;211;recreacion;21587823;ARS
27;2024-11;215;vestimenta;9828324;ARS
27;2024-12;209;alimentos;163916308;ARS
27;2024-12;216;vivienda;141682144;ARS
27;2024-12;214;transporte;57422381;ARS
27;2024-12;212;salud;40766448;ARS
27;2024-12;210;educacion;23014823;ARS
27;2024-12;213;servicios;29649066;ARS
27;2024-12;211;recreacion;14576232;ARS
27;2024-12;215;vestimenta;11860143;ARS
27;2025-01;209;alimentos;148312884;ARS
27;2025-01;216;vivienda;146497937;ARS
27;2025-01;214;transporte;49471763;ARS
27;2025-01;212;salud;41866860;ARS
27;2025-01;210;educacion;21153079;ARS
27;2025-01;213;servicios;26092841;ARS
27;2025-01;211;recreacion;23610783;ARS
27;2025-01;215;vestimenta;23863620;ARS
27;2025-02;209;alimentos;191871822;ARS
27;2025-02;216;vivienda;159045289;ARS
27;2025-02;214;transporte;57823033;ARS
27;2025-02;212;salud;46193506;ARS
27;2025-02;210;educacion;30128539;ARS
27;2025-02;213;servicios;27822700;ARS
27;2025-02;211;recreacion;21314368;ARS
27;2025-02;215;vestimenta;8992014;ARS
27;2025-03;209;alimentos;167914077;ARS
27;2025-03;216;vivienda;159481858;ARS
27;2025-03;214;transporte;62451471;ARS
27;2025-03;212;salud;38517478;ARS
27;2025-03;210;educacion;29681505;ARS
27;2025-03;213;servicios;30634494;ARS
27;2025-03;211;recreacion;17266915;ARS
27;2025-03;215;vestimenta;18950872;ARS
27;2025-04;209;alimentos;143317041;ARS
27;2025-04;216;vivienda;168638393;ARS
27;2025-04;214;transporte;57352606;ARS
27;2025-04;212;salud;47895115;ARS
27;2025-04;210;educacion;30252938;ARS
27;2025-04;213;servicios;29595573;ARS
27;2025-04;211;recreacion;24522951;ARS
27;2025-04;215;vestimenta;20264844;ARS
27;2025-05;209;alimentos;177894582;ARS
27;2025-05;216;vivienda;193346134;ARS
27;2025-05;214;transporte;66573186;ARS
27;2025-05;212;salud;43203944;ARS
27;2025-05;210;educacion;30703077;ARS
27;2025-05;213;servicios;38275322;ARS
27;2025-05;211;recreacion;25535316;ARS
27;2025-05;215;vestimenta;22033632;ARS
27;2025-06;209;alimentos;177917609;ARS
27;2025-06;216;vivienda;186338116;ARS
27;2025-06;214;transporte;76596731;ARS
27;2025-06;212;salud;41257556;ARS
27;2025-06;210;educacion;31517359;ARS
27;2025-06;213;servicios;39747868;ARS
27;2025-06;211;recreacion;22819795;ARS
27;2025-06;215;vestimenta;17285895;ARS
27;2025-07;209;alimentos;211558281;ARS
27;2025-07;216;vivienda;203339080;ARS
27;2025-07;214;transporte;72799783;ARS
27;2025-07;212;salud;58943447;ARS
27;2025-07;210;educacion;32665182;ARS
27;2025-07;213;servicios;33509162;ARS
27;2025-07;211;recreacion;21451406;ARS
27;2025-07;215;vestimenta;19703370;ARS
27;2025-08;209;alimentos;201908028;ARS
27;2025-08;216;vivienda;210411890;ARS
27;2025-08;214;transporte;66812577;ARS
27;2025-08;212;salud;55664923;ARS
27;2025-08;210;educacion;35486791;ARS
27;2025-08;213;servicios;36184033;ARS
27;2025-08;211;recreacion;23988096;ARS
27;2025-08;215;vestimenta;15616541;ARS
27;2025-09;209;alimentos;223205657;ARS
27;2025-09;216;vivienda;206948631;ARS
27;2025-09;214;transporte;76894919;ARS
27;2025-09;212;salud;56326294;ARS
27;2025-09;210;educacion;35795921;ARS
27;2025-09;213;servicios;38600126;ARS
27;2025-09;211;recreacion;23797483;ARS
27;2025-09;215;vestimenta;23518036;ARS
27;2025-10;209;alimentos;212523879;ARS
27;2025-10;216;vivienda;216980794;ARS
27;2025-10;214;transporte;101103662;ARS
27;2025-10;212;salud;59421925;ARS
27;2025-10;210;educacion;33418748;ARS
27;2025-10;213;servicios;41563285;ARS
27;2025-10;211;recreacion;30504770;ARS
27;2025-10;215;vestimenta;20941914;ARS
27;2025-11;209;alimentos;245533262;ARS
27;2025-11;216;vivienda;235651599;ARS
27;2025-11;214;transporte;87598038;ARS
27;2025-11;212;salud;59427485;ARS
27;2025-11;210;educacion;34960406;ARS
27;2025-11;213;servicios;48065172;ARS
27;2025-11;211;recreacion;25723846;ARS
27;2025-11;215;vestimenta;27535497;ARS
27;2025-12;209;alimentos;282837603;ARS
27;2025-12;216;vivienda;250962572;ARS
27;2025-12;214;transporte;88275023;ARS
27;2025-12;212;salud;54942081;ARS
27;2025-12;210;educacion;41968465;ARS
27;2025-12;213;servicios;43251687;ARS
27;2025-12;211;recreacion;35610123;ARS
27;2025-12;215;vestimenta;27643292;ARS
28;2023-01;217;alimentos;50577740;ARS
28;2023-01;224;vivienda;33547831;ARS
28;2023-01;222;transporte;17164486;ARS
28;2023-01;220;salud;14816004;ARS
28;2023-01;218;educacion;11876241;ARS
28;2023-01;221;servicios;17015036;ARS
28;2023-01;219;recreacion;8403881;ARS
28;2023-01;223;vestimenta;3542724;ARS
28;2023-02;217;alimentos;59189004;ARS
28;2023-02;224;vivienda;35693529;ARS
28;2023-02;222;transporte;16872371;ARS
28;2023-02;220;salud;12423317;ARS
28;2023-02;218;educacion;16564620;ARS
28;2023-02;221;servicios;18012577;ARS
28;2023-02;219;recreacion;6657166;ARS
28;2023-02;223;vestimenta;3858796;ARS
28;2023-03;217;alimentos;54560673;ARS
28;2023-03;224;vivienda;35039838;ARS
28;2023-03;222;transporte;13068404;ARS
28;2023-03;220;salud;14586414;ARS
28;2023-03;218;educacion;17058871;ARS
28;2023-03;221;servicios;18413123;ARS
28;2023-03;219;recreacion;6505535;ARS
28;2023-03;223;vestimenta;3115016;ARS
28;2023-04;217;alimentos;64775446;ARS
28;2023-04;224;vivienda;38874833;ARS
28;2023-04;222;transporte;19218132;ARS
28;2023-04;220;salud;15111683;ARS
28;2023-04;218;educacion;16506500;ARS
28;2023-04;221;servicios;17920154;ARS
28;2023-04;219;recreacion;8539838;ARS
28;2023-04;223;vestimenta;3050216;ARS
28;2023-05;217;alimentos;63076186;ARS
28;2023-05;224;vivienda;38020805;ARS
28;2023-05;222;transporte;18667691;ARS
28;2023-05;220;salud;16388778;ARS
28;2023-05;218;educacion;13728673;ARS
28;2023-05;221;servicios;20330734;ARS
28;2023-05;219;recreacion;9380945;ARS
28;2023-05;223;vestimenta;3025010;ARS
28;2023-06;217;alimentos;62464956;ARS
28;2023-06;224;vivienda;43884123;ARS
28;2023-06;222;transporte;23367493;ARS
28;2023-06;220;salud;17416505;ARS
28;2023-06;218;educacion;17258943;ARS
28;2023-06;221;servicios;19204054;ARS
28;2023-06;219;recreacion;7834494;ARS
28;2023-06;223;vestimenta;3847131;ARS
28;2023-07;217;alimentos;67112462;ARS
28;2023-07;224;vivienda;43385573;ARS
28;2023-07;222;transporte;22022657;ARS
28;2023-07;220;salud;19282970;ARS
28;2023-07;218;educacion;18762749;ARS
28;2023-07;221;servicios;20508874;ARS
28;2023-07;219;recreacion;8814421;ARS
28;2023-07;223;vestimenta;4535819;ARS
28;2023-08;217;alimentos;64990550;ARS
28;2023-08;224;vivienda;45640016;ARS
28;2023-08;222;transporte;21571575;ARS
28;2023-08;220;salud;17774393;ARS
28;2023-08;218;educacion;23057060;ARS
28;2023-08;221;servicios;25083539;ARS
28;2023-08;219;recreacion;9766980;ARS
28;2023-08;223;vestimenta;5493431;ARS
28;2023-09;217;alimentos;69736133;ARS
28;2023-09;224;vivienda;47690903;ARS
28;2023-09;222;transporte;22050255;ARS
28;2023-09;220;salud;17719932;ARS
28;2023-09;218;educacion;19421266;ARS
28;2023-09;221;servicios;21812605;ARS
28;2023-09;219;recreacion;7936935;ARS
28;2023-09;223;vestimenta;3723217;ARS
28;2023-10;217;alimentos;64445832;ARS
28;2023-10;224;vivienda;48860292;ARS
28;2023-10;222;transporte;26476639;ARS
28;2023-10;220;salud;21837945;ARS
28;2023-10;218;educacion;18402534;ARS
28;2023-10;221;servicios;24160361;ARS
28;2023-10;219;recreacion;7993654;ARS
28;2023-10;223;vestimenta;5080325;ARS
28;2023-11;217;alimentos;91833563;ARS
28;2023-11;224;vivienda;51698572;ARS
28;2023-11;222;transporte;25151659;ARS
28;2023-11;220;salud;23849403;ARS
28;2023-11;218;educacion;19730939;ARS
28;2023-11;221;servicios;26964287;ARS
28;2023-11;219;recreacion;9611661;ARS
28;2023-11;223;vestimenta;4453286;ARS
28;2023-12;217;alimentos;96856817;ARS
28;2023-12;224;vivienda;52357703;ARS
28;2023-12;222;transporte;21899048;ARS
28;2023-12;220;salud;22599963;ARS
28;2023-12;218;educacion;25924857;ARS
28;2023-12;221;servicios;27674134;ARS
28;2023-12;219;recreacion;13333204;ARS
28;2023-12;223;vestimenta;4252270;ARS
28;2024-01;217;alimentos;71133382;ARS
28;2024-01;224;vivienda;55934132;ARS
28;2024-01;222;transporte;18646421;ARS
28;2024-01;220;salud;28302064;ARS
28;2024-01;218;educacion;21058661;ARS
28;2024-01;221;servicios;29368437;ARS
28;2024-01;219;recreacion;9809748;ARS
28;2024-01;223;vestimenta;5290414;ARS
28;2024-02;217;alimentos;80382421;ARS
28;2024-02;224;vivienda;60955803;ARS
28;2024-02;222;transporte;29356901;ARS
28;2024-02;220;salud;22187808;ARS
28;2024-02;218;educacion;28593669;ARS
28;2024-02;221;servicios;24740332;ARS
28;2024-02;219;recreacion;13197429;ARS
28;2024-02;223;vestimenta;6565994;ARS
28;2024-03;217;alimentos;102026327;ARS
28;2024-03;224;vivienda;63503213;ARS
28;2024-03;222;transporte;27343578;ARS
28;2024-03;220;salud;20287225;ARS
28;2024-03;218;educacion;27791312;ARS
28;2024-03;221;servicios;33772034;ARS
28;2024-03;219;recreacion;11494728;ARS
28;2024-03;223;vestimenta;7865277;ARS
28;2024-04;217;alimentos;107486521;ARS
28;2024-04;224;vivienda;63353812;ARS
28;2024-04;222;transporte;33131957;ARS
28;2024-04;220;salud;23004846;ARS
28;2024-04;218;educacion;28133237;ARS
28;2024-04;221;servicios;32849789;ARS
28;2024-04;219;recreacion;15847310;ARS
28;2024-04;223;vestimenta;4996095;ARS
28;2024-05;217;alimentos;103351621;ARS
28;2024-05;224;vivienda;66353050;ARS
28;2024-05;222;transporte;35362256;ARS
28;2024-05;220;salud;28651236;ARS
28;2024-05;218;educacion;27546508;ARS
28;2024-05;221;servicios;30195838;ARS
28;2024-05;219;recreacion;11018624;ARS
28;2024-05;223;vestimenta;6667843;ARS
28;2024-06;217;alimentos;117884560;ARS
28;2024-06;224;vivienda;75641810;ARS
28;2024-06;222;transporte;36837868;ARS
28;2024-06;220;salud;29828528;ARS
28;2024-06;218;educacion;30521240;ARS
28;2024-06;221;servicios;32997381;ARS
28;2024-06;219;recreacion;14454252;ARS
28;2024-06;223;vestimenta;6146337;ARS
28;2024-07;217;alimentos;91156943;ARS
28;2024-07;224;vivienda;74534237;ARS
28;2024-07;222;transporte;36334218;ARS
28;2024-07;220;salud;23906538;ARS
28;2024-07;218;educacion;29759795;ARS
28;2024-07;221;servicios;38178308;ARS
28;2024-07;219;recreacion;19050926;ARS
28;2024-07;223;vestimenta;5417465;ARS
28;2024-08;217;alimentos;122058546;ARS
28;2024-08;224;vivienda;79483884;ARS
28;2024-08;222;transporte;36960745;ARS
28;2024-08;220;salud;31617307;ARS
28;2024-08;218;educacion;32478075;ARS
28;2024-08;221;servicios;37655678;ARS
28;2024-08;219;recreacion;16381653;ARS
28;2024-08;223;vestimenta;5756135;ARS
28;2024-09;217;alimentos;138943134;ARS
28;2024-09;224;vivienda;80059764;ARS
28;2024-09;222;transporte;36326286;ARS
28;2024-09;220;salud;33826219;ARS
28;2024-09;218;educacion;34495893;ARS
28;2024-09;221;servicios;41243911;ARS
28;2024-09;219;recreacion;15126083;ARS
28;2024-09;223;vestimenta;6110659;ARS
28;2024-10;217;alimentos;117682469;ARS
28;2024-10;224;vivienda;86686624;ARS
28;2024-10;222;transporte;47230724;ARS
28;2024-10;220;salud;33593173;ARS
28;2024-10;218;educacion;34418448;ARS
28;2024-10;221;servicios;39729827;ARS
28;2024-10;219;recreacion;14086728;ARS
28;2024-10;223;vestimenta;6994375;ARS
28;2024-11;217;alimentos;124113007;ARS
28;2024-11;224;vivienda;91535732;ARS
28;2024-11;222;transporte;41595335;ARS
28;2024-11;220;salud;37146742;ARS
28;2024-11;218;educacion;38873710;ARS
28;2024-11;221;servicios;45075983;ARS
28;2024-11;219;recreacion;19506955;ARS
28;2024-11;223;vestimenta;10919606;ARS
28;2024-12;217;alimentos;137929837;ARS
28;2024-12;224;vivienda;94560033;ARS
28;2024-12;222;transporte;53172183;ARS
28;2024-12;220;salud;37320947;ARS
28;2024-12;218;educacion;34681873;ARS
28;2024-12;221;servicios;41443221;ARS
28;2024-12;219;recreacion;24826665;ARS
28;2024-12;223;vestimenta;8668142;ARS
28;2025-01;217;alimentos;142721731;ARS
28;2025-01;224;vivienda;102435518;ARS
28;2025-01;222;transporte;42494914;ARS
28;2025-01;220;salud;35700129;ARS
28;2025-01;218;educacion;42936390;ARS
28;2025-01;221;servicios;49561665;ARS
28;2025-01;219;recreacion;23809934;ARS
28;2025-01;223;vestimenta;9905756;ARS
28;2025-02;217;alimentos;178696031;ARS
28;2025-02;224;vivienda;100410450;ARS
28;2025-02;222;transporte;56493802;ARS
28;2025-02;220;salud;41220175;ARS
28;2025-02;218;educacion;49292886;ARS
28;2025-02;221;servicios;45324585;ARS
28;2025-02;219;recreacion;23173550;ARS
28;2025-02;223;vestimenta;6423572;ARS
28;2025-03;217;alimentos;127120345;ARS
28;2025-03;224;vivienda;108148035;ARS
28;2025-03;222;transporte;41099393;ARS
28;2025-03;220;salud;46824915;ARS
28;2025-03;218;educacion;51439304;ARS
28;2025-03;221;servicios;50389773;ARS
28;2025-03;219;recreacion;27772958;ARS
28;2025-03;223;vestimenta;10629517;ARS
28;2025-04;217;alimentos;173445824;ARS
28;2025-04;224;vivienda;114763846;ARS
28;2025-04;222;transporte;60010415;ARS
28;2025-04;220;salud;45610218;ARS
28;2025-04;218;educacion;40994718;ARS
28;2025-04;221;servicios;50740400;ARS
28;2025-04;219;recreacion;24271696;ARS
28;2025-04;223;vestimenta;10213944;ARS
28;2025-05;217;alimentos;228022326;ARS
28;2025-05;224;vivienda;116508340;ARS
28;2025-05;222;transporte;58636313;ARS
28;2025-05;220;salud;47599878;ARS
28;2025-05;218;educacion;47522094;ARS
28;2025-05;221;servicios;54935098;ARS
28;2025-05;219;recreacion;17389171;ARS
28;2025-05;223;vestimenta;11790653;ARS
28;2025-06;217;alimentos;149622623;ARS
28;2025-06;224;vivienda;119735292;ARS
28;2025-06;222;transporte;52134773;ARS
28;2025-06;220;salud;48765976;ARS
28;2025-06;218;educacion;46245567;ARS
28;2025-06;221;servicios;57042521;ARS
28;2025-06;219;recreacion;21266092;ARS
28;2025-06;223;vestimenta;11694477;ARS
28;2025-07;217;alimentos;178315797;ARS
28;2025-07;224;vivienda;118557413;ARS
28;2025-07;222;transporte;52581751;ARS
28;2025-07;220;salud;54761193;ARS
28;2025-07;218;educacion;52482159;ARS
28;2025-07;221;servicios;54987482;ARS
28;2025-07;219;recreacion;24873272;ARS
28;2025-07;223;vestimenta;10608401;ARS
28;2025-08;217;alimentos;198170101;ARS
28;2025-08;224;vivienda;133719275;ARS
28;2025-08;222;transporte;63361418;ARS
28;2025-08;220;salud;54210428;ARS
28;2025-08;218;educacion;54428997;ARS
28;2025-08;221;servicios;72939069;ARS
28;2025-08;219;recreacion;26489822;ARS
28;2025-08;223;vestimenta;13057119;ARS
28;2025-09;217;alimentos;209748107;ARS
28;2025-09;224;vivienda;132697135;ARS
28;2025-09;222;transporte;68561359;ARS
28;2025-09;220;salud;60622072;ARS
28;2025-09;218;educacion;64049973;ARS
28;2025-09;221;servicios;67308564;ARS
28;2025-09;219;recreacion;32678767;ARS
28;2025-09;223;vestimenta;16827578;ARS
28;2025-10;217;alimentos;219237005;ARS
28;2025-10;224;vivienda;145683562;ARS
28;2025-10;222;transporte;70336085;ARS
28;2025-10;220;salud;57155444;ARS
28;2025-10;218;educacion;54257513;ARS
28;2025-10;221;servicios;69490616;ARS
28;2025-10;219;recreacion;30183561;ARS
28;2025-10;223;vestimenta;13598787;ARS
28;2025-11;217;alimentos;214601225;ARS
28;2025-11;224;vivienda;154487916;ARS
28;2025-11;222;transporte;67008098;ARS
28;2025-11;220;salud;69509960;ARS
28;2025-11;218;educacion;56739161;ARS
28;2025-11;221;servicios;68172074;ARS
28;2025-11;219;recreacion;26035382;ARS
28;2025-11;223;vestimenta;16854613;ARS
28;2025-12;217;alimentos;219155742;ARS
28;2025-12;224;vivienda;151491769;ARS
28;2025-12;222;transporte;82874266;ARS
28;2025-12;220;salud;64546801;ARS
28;2025-12;218;educacion;52475402;ARS
28;2025-12;221;servicios;72042236;ARS
28;2025-12;219;recreacion;43495732;ARS
28;2025-12;223;vestimenta;17932686;ARS
29;2023-01;225;alimentos;23070903;ARS
29;2023-01;232;vivienda;17934620;ARS
29;2023-01;230;transporte;7680931;ARS
29;2023-01;228;salud;8445094;ARS
29;2023-01;226;educacion;5709186;ARS
29;2023-01;229;servicios;9019262;ARS
29;2023-01;227;recreacion;4095860;ARS
29;2023-01;231;vestimenta;2796476;ARS
29;2023-02;225;alimentos;25279708;ARS
29;2023-02;232;vivienda;18300414;ARS
29;2023-02;230;transporte;8260313;ARS
29;2023-02;228;salud;8891403;ARS
29;2023-02;226;educacion;8468494;ARS
29;2023-02;229;servicios;8968191;ARS
29;2023-02;227;recreacion;3766260;ARS
29;2023-02;231;vestimenta;3993878;ARS
29;2023-03;225;alimentos;29203408;ARS
29;2023-03;232;vivienda;19457910;ARS
29;2023-03;230;transporte;7467008;ARS
29;2023-03;228;salud;9459832;ARS
29;2023-03;226;educacion;8670586;ARS
29;2023-03;229;servicios;7898206;ARS
29;2023-03;227;recreacion;5390251;ARS
29;2023-03;231;vestimenta;3491330;ARS
29;2023-04;225;alimentos;22006816;ARS
29;2023-04;232;vivienda;21559585;ARS
29;2023-04;230;transporte;9466497;ARS
29;2023-04;228;salud;8259364;ARS
29;2023-04;226;educacion;9348979;ARS
29;2023-04;229;servicios;8820112;ARS
29;2023-04;227;recreacion;5348201;ARS
29;2023-04;231;vestimenta;3521639;ARS
29;2023-05;225;alimentos;28203594;ARS
29;2023-05;232;vivienda;21440150;ARS
29;2023-05;230;transporte;9232221;ARS
29;2023-05;228;salud;10614816;ARS
29;2023-05;226;educacion;6832991;ARS
29;2023-05;229;servicios;7575565;ARS
29;2023-05;227;recreacion;4349791;ARS
29;2023-05;231;vestimenta;4141739;ARS
29;2023-06;225;alimentos;24114788;ARS
29;2023-06;232;vivienda;23319988;ARS
29;2023-06;230;transporte;10291566;ARS
29;2023-06;228;salud;9736584;ARS
29;2023-06;226;educacion;7589961;ARS
29;2023-06;229;servicios;10840310;ARS
29;2023-06;227;recreacion;5600174;ARS
29;2023-06;231;vestimenta;3056706;ARS
29;2023-07;225;alimentos;25094698;ARS
29;2023-07;232;vivienda;23368087;ARS
29;2023-07;230;transporte;10089140;ARS
29;2023-07;228;salud;11174356;ARS
29;2023-07;226;educacion;7795501;ARS
29;2023-07;229;servicios;11055488;ARS
29;2023-07;227;recreacion;5253107;ARS
29;2023-07;231;vestimenta;2823031;ARS
29;2023-08;225;alimentos;29487478;ARS
29;2023-08;232;vivienda;23617621;ARS
29;2023-08;230;transporte;11805168;ARS
29;2023-08;228;salud;11645676;ARS
29;2023-08;226;educacion;8405271;ARS
29;2023-08;229;servicios;11179074;ARS
29;2023-08;227;recreacion;4676574;ARS
29;2023-08;231;vestimenta;4509043;ARS
29;2023-09;225;alimentos;35087002;ARS
29;2023-09;232;vivienda;26351227;ARS
29;2023-09;230;transporte;12137737;ARS
29;2023-09;228;salud;12574403;ARS
29;2023-09;226;educacion;9383026;ARS
29;2023-09;229;servicios;10970474;ARS
29;2023-09;227;recreacion;5493162;ARS
29;2023-09;231;vestimenta;5711642;ARS
29;2023-10;225;alimentos;43845267;ARS
29;2023-10;232;vivienda;27081326;ARS
29;2023-10;230;transporte;9014008;ARS
29;2023-10;228;salud;11529116;ARS
29;2023-10;226;educacion;11022737;ARS
29;2023-10;229;servicios;13426709;ARS
29;2023-10;227;recreacion;5672310;ARS
29;2023-10;231;vestimenta;3958384;ARS
29;2023-11;225;alimentos;38622722;ARS
29;2023-11;232;vivienda;28093874;ARS
29;2023-11;230;transporte;11224408;ARS
29;2023-11;228;salud;14720697;ARS
29;2023-11;226;educacion;10752506;ARS
29;2023-11;229;servicios;11759895;ARS
29;2023-11;227;recreacion;5586756;ARS
29;2023-11;231;vestimenta;5044215;ARS
29;2023-12;225;alimentos;31776514;ARS
29;2023-12;232;vivienda;31538530;ARS
29;2023-12;230;transporte;12399592;ARS
29;2023-12;228;salud;10743020;ARS
29;2023-12;226;educacion;10905807;ARS
29;2023-12;229;servicios;14952042;ARS
29;2023-12;227;recreacion;6177284;ARS
29;2023-12;231;vestimenta;5762908;ARS
29;2024-01;225;alimentos;41992444;ARS
29;2024-01;232;vivienda;30263999;ARS
29;2024-01;230;transporte;12723351;ARS
29;2024-01;228;salud;13491611;ARS
29;2024-01;226;educacion;11552119;ARS
29;2024-01;229;servicios;13517176;ARS
29;2024-01;227;recreacion;8149532;ARS
29;2024-01;231;vestimenta;5780827;ARS
29;2024-02;225;alimentos;40139974;ARS
29;2024-02;232;vivienda;33009783;ARS
29;2024-02;230;transporte;10422041;ARS
29;2024-02;228;salud;16287651;ARS
29;2024-02;226;educacion;14861583;ARS
29;2024-02;229;servicios;15727012;ARS
29;2024-02;227;recreacion;6550858;ARS
29;2024-02;231;vestimenta;4945554;ARS
29;2024-03;225;alimentos;49214987;ARS
29;2024-03;232;vivienda;34832934;ARS
29;2024-03;230;transporte;11953461;ARS
29;2024-03;228;salud;15357738;ARS
29;2024-03;226;educacion;15899725;ARS
29;2024-03;229;servicios;13760640;ARS
29;2024-03;227;recreacion;6184564;ARS
29;2024-03;231;vestimenta;5840957;ARS
29;2024-04;225;alimentos;47457298;ARS
29;2024-04;232;vivienda;34045447;ARS
29;2024-04;230;transporte;15767174;ARS
29;2024-04;228;salud;16682328;ARS
29;2024-04;226;educacion;16192599;ARS
29;2024-04;229;servicios;15755422;ARS
29;2024-04;227;recreacion;6648541;ARS
29;2024-04;231;vestimenta;7761755;ARS
29;2024-05;225;alimentos;46660620;ARS
29;2024-05;232;vivienda;37157911;ARS
29;2024-05;230;transporte;16195639;ARS
29;2024-05;228;salud;15720166;ARS
29;2024-05;226;educacion;15412017;ARS
29;2024-05;229;servicios;17168016;ARS
29;2024-05;227;recreacion;7103915;ARS
29;2024-05;231;vestimenta;7433291;ARS
29;2024-06;225;alimentos;55766086;ARS
29;2024-06;232;vivienda;39641196;ARS
29;2024-06;230;transporte;15150241;ARS
29;2024-06;228;salud;16046438;ARS
29;2024-06;226;educacion;13118654;ARS
29;2024-06;229;servicios;16692999;ARS
29;2024-06;227;recreacion;5823112;ARS
29;2024-06;231;vestimenta;6014007;ARS
29;2024-07;225;alimentos;54387924;ARS
29;2024-07;232;vivienda;39070694;ARS
29;2024-07;230;transporte;15632293;ARS
29;2024-07;228;salud;20884145;ARS
29;2024-07;226;educacion;15430234;ARS
29;2024-07;229;servicios;18428023;ARS
29;2024-07;227;recreacion;9515347;ARS
29;2024-07;231;vestimenta;8226619;ARS
29;2024-08;225;alimentos;59188971;ARS
29;2024-08;232;vivienda;40494826;ARS
29;2024-08;230;transporte;20120840;ARS
29;2024-08;228;salud;18186043;ARS
29;2024-08;226;educacion;17462037;ARS
29;2024-08;229;servicios;19584966;ARS
29;2024-08;227;recreacion;6465383;ARS
29;2024-08;231;vestimenta;6749714;ARS
29;2024-09;225;alimentos;60733318;ARS
29;2024-09;232;vivienda;44766832;ARS
29;2024-09;230;transporte;16075111;ARS
29;2024-09;228;salud;20196788;ARS
29;2024-09;226;educacion;14883759;ARS
29;2024-09;229;servicios;18202704;ARS
29;2024-09;227;recreacion;6583796;ARS
29;2024-09;231;vestimenta;7082019;ARS
29;2024-10;225;alimentos;55462331;ARS
29;2024-10;232;vivienda;47258803;ARS
29;2024-10;230;transporte;18773487;ARS
29;2024-10;228;salud;18313258;ARS
29;2024-10;226;educacion;15925283;ARS
29;2024-10;229;servicios;22289142;ARS
29;2024-10;227;recreacion;10758971;ARS
29;2024-10;231;vestimenta;10930122;ARS
29;2024-11;225;alimentos;61657418;ARS
29;2024-11;232;vivienda;45848582;ARS
29;2024-11;230;transporte;16106934;ARS
29;2024-11;228;salud;19739210;ARS
29;2024-11;226;educacion;18598763;ARS
29;2024-11;229;servicios;22578691;ARS
29;2024-11;227;recreacion;10491138;ARS
29;2024-11;231;vestimenta;9438190;ARS
29;2024-12;225;alimentos;52502984;ARS
29;2024-12;232;vivienda;51294804;ARS
29;2024-12;230;transporte;22680545;ARS
29;2024-12;228;salud;24180395;ARS
29;2024-12;226;educacion;20551406;ARS
29;2024-12;229;servicios;23538333;ARS
29;2024-12;227;recreacion;12843348;ARS
29;2024-12;231;vestimenta;10206731;ARS
29;2025-01;225;alimentos;74562118;ARS
29;2025-01;232;vivienda;51783651;ARS
29;2025-01;230;transporte;24473537;ARS
29;2025-01;228;salud;22362575;ARS
29;2025-01;226;educacion;19525814;ARS
29;2025-01;229;servicios;26498045;ARS
29;2025-01;227;recreacion;10516879;ARS
29;2025-01;231;vestimenta;7760955;ARS
29;2025-02;225;alimentos;77389129;ARS
29;2025-02;232;vivienda;53050029;ARS
29;2025-02;230;transporte;22458593;ARS
29;2025-02;228;salud;26541011;ARS
29;2025-02;226;educacion;21368484;ARS
29;2025-02;229;servicios;29695910;ARS
29;2025-02;227;recreacion;10651490;ARS
29;2025-02;231;vestimenta;5240402;ARS
29;2025-03;225;alimentos;73341153;ARS
29;2025-03;232;vivienda;57186245;ARS
29;2025-03;230;transporte;28327282;ARS
29;2025-03;228;salud;26404877;ARS
29;2025-03;226;educacion;25527563;ARS
29;2025-03;229;servicios;26605623;ARS
29;2025-03;227;recreacion;13600372;ARS
29;2025-03;231;vestimenta;11546992;ARS
29;2025-04;225;alimentos;63572736;ARS
29;2025-04;232;vivienda;62146633;ARS
29;2025-04;230;transporte;25304802;ARS
29;2025-04;228;salud;28611288;ARS
29;2025-04;226;educacion;20401273;ARS
29;2025-04;229;servicios;26834538;ARS
29;2025-04;227;recreacion;11737618;ARS
29;2025-04;231;vestimenta;13589422;ARS
29;2025-05;225;alimentos;90132237;ARS
29;2025-05;232;vivienda;60988402;ARS
29;2025-05;230;transporte;25186744;ARS
29;2025-05;228;salud;30516378;ARS
29;2025-05;226;educacion;24152637;ARS
29;2025-05;229;servicios;30473924;ARS
29;2025-05;227;recreacion;10990824;ARS
29;2025-05;231;vestimenta;12804545;ARS
29;2025-06;225;alimentos;65272054;ARS
29;2025-06;232;vivienda;64675670;ARS
29;2025-06;230;transporte;31124726;ARS
29;2025-06;228;salud;29795572;ARS
29;2025-06;226;educacion;25703539;ARS
29;2025-06;229;servicios;27708763;ARS
29;2025-06;227;recreacion;15386760;ARS
29;2025-06;231;vestimenta;15262213;ARS
29;2025-07;225;alimentos;81886525;ARS
29;2025-07;232;vivienda;70592774;ARS
29;2025-07;230;transporte;25521313;ARS
29;2025-07;228;salud;26574822;ARS
29;2025-07;226;educacion;23252865;ARS
29;2025-07;229;servicios;34252805;ARS
29;2025-07;227;recreacion;11818953;ARS
29;2025-07;231;vestimenta;11363436;ARS
29;2025-08;225;alimentos;72353361;ARS
29;2025-08;232;vivienda;72975642;ARS
29;2025-08;230;transporte;31568915;ARS
29;2025-08;228;salud;38780536;ARS
29;2025-08;226;educacion;25744546;ARS
29;2025-08;229;servicios;36174618;ARS
29;2025-08;227;recreacion;14831481;ARS
29;2025-08;231;vestimenta;11215628;ARS
29;2025-09;225;alimentos;87709967;ARS
29;2025-09;232;vivienda;73855044;ARS
29;2025-09;230;transporte;33978775;ARS
29;2025-09;228;salud;39093837;ARS
29;2025-09;226;educacion;30806214;ARS
29;2025-09;229;servicios;38906126;ARS
29;2025-09;227;recreacion;14671970;ARS
29;2025-09;231;vestimenta;10675081;ARS
29;2025-10;225;alimentos;93007505;ARS
29;2025-10;232;vivienda;78649108;ARS
29;2025-10;230;transporte;30771105;ARS
29;2025-10;228;salud;37462876;ARS
29;2025-10;226;educacion;25999780;ARS
29;2025-10;229;servicios;35402186;ARS
29;2025-10;227;recreacion;11897598;ARS
29;2025-10;231;vestimenta;14130104;ARS
29;2025-11;225;alimentos;69024700;ARS
29;2025-11;232;vivienda;79000964;ARS
29;2025-11;230;transporte;30082152;ARS
29;2025-11;228;salud;42411186;ARS
29;2025-11;226;educacion;28280674;ARS
29;2025-11;229;servicios;34722097;ARS
29;2025-11;227;recreacion;17370366;ARS
29;2025-11;231;vestimenta;15826743;ARS
29;2025-12;225;alimentos;114335295;ARS
29;2025-12;232;vivienda;89944731;ARS
29;2025-12;230;transporte;29460724;ARS
29;2025-12;228;salud;42057736;ARS
29;2025-12;226;educacion;29650851;ARS
29;2025-12;229;servicios;34143927;ARS
29;2025-12;227;recreacion;15499512;ARS
29;2025-12;231;vestimenta;8949808;ARS
30;2023-01;233;alimentos;29997759;ARS
30;2023-01;240;vivienda;20061540;ARS
30;2023-01;238;transporte;9627411;ARS
30;2023-01;236;salud;7411799;ARS
30;2023-01;234;educacion;7773763;ARS
30;2023-01;237;servicios;7263173;ARS
30;2023-01;235;recreacion;6948651;ARS
30;2023-01;239;vestimenta;2816249;ARS
30;2023-02;233;alimentos;33850737;ARS
30;2023-02;240;vivienda;20309495;ARS
30;2023-02;238;transporte;10979419;ARS
30;2023-02;236;salud;8134405;ARS
30;2023-02;234;educacion;8916479;ARS
30;2023-02;237;servicios;7091882;ARS
30;2023-02;235;recreacion;7150215;ARS
30;2023-02;239;vestimenta;2731322;ARS
30;2023-03;233;alimentos;39178119;ARS
30;2023-03;240;vivienda;22411452;ARS
30;2023-03;238;transporte;11701483;ARS
30;2023-03;236;salud;8386751;ARS
30;2023-03;234;educacion;8635160;ARS
30;2023-03;237;servicios;7525889;ARS
30;2023-03;235;recreacion;6479923;ARS
30;2023-03;239;vestimenta;3595575;ARS
30;2023-04;233;alimentos;28892426;ARS
30;2023-04;240;vivienda;21513596;ARS
30;2023-04;238;transporte;11425499;ARS
30;2023-04;236;salud;9878996;ARS
30;2023-04;234;educacion;7730827;ARS
30;2023-04;237;servicios;8378492;ARS
30;2023-04;235;recreacion;7517000;ARS
30;2023-04;239;vestimenta;3031333;ARS
30;2023-05;233;alimentos;33569242;ARS
30;2023-05;240;vivienda;22096536;ARS
30;2023-05;238;transporte;12446088;ARS
30;2023-05;236;salud;9674381;ARS
30;2023-05;234;educacion;9493698;ARS
30;2023-05;237;servicios;8556934;ARS
30;2023-05;235;recreacion;6340351;ARS
30;2023-05;239;vestimenta;3565875;ARS
30;2023-06;233;alimentos;42409822;ARS
30;2023-06;240;vivienda;23722445;ARS
30;2023-06;238;transporte;14643590;ARS
30;2023-06;236;salud;8893967;ARS
30;2023-06;234;educacion;9473181;ARS
30;2023-06;237;servicios;10122060;ARS
30;2023-06;235;recreacion;7982501;ARS
30;2023-06;239;vestimenta;3591580;ARS
30;2023-07;233;alimentos;38689209;ARS
30;2023-07;240;vivienda;26326077;ARS
30;2023-07;238;transporte;16888118;ARS
30;2023-07;236;salud;9907169;ARS
30;2023-07;234;educacion;8450748;ARS
30;2023-07;237;servicios;9827746;ARS
30;2023-07;235;recreacion;8335395;ARS
30;2023-07;239;vestimenta;3274638;ARS
30;2023-08;233;alimentos;49190937;ARS
30;2023-08;240;vivienda;28459827;ARS
30;2023-08;238;transporte;15048710;ARS
30;2023-08;236;salud;11368603;ARS
30;2023-08;234;educacion;9541779;ARS
30;2023-08;237;servicios;10476203;ARS
30;2023-08;235;recreacion;7548460;ARS
30;2023-08;239;vestimenta;3962087;ARS
30;2023-09;233;alimentos;43227264;ARS
30;2023-09;240;vivienda;27086809;ARS
30;2023-09;238;transporte;15450008;ARS
30;2023-09;236;salud;10273423;ARS
30;2023-09;234;educacion;10243962;ARS
30;2023-09;237;servicios;10421779;ARS
30;2023-09;235;recreacion;8540072;ARS
30;2023-09;239;vestimenta;3959562;ARS
30;2023-10;233;alimentos;47680898;ARS
30;2023-10;240;vivienda;28748196;ARS
30;2023-10;238;transporte;21179871;ARS
30;2023-10;236;salud;12056575;ARS
30;2023-10;234;educacion;10603336;ARS
30;2023-10;237;servicios;10274857;ARS
30;2023-10;235;recreacion;7516324;ARS
30;2023-10;239;vestimenta;5253984;ARS
30;2023-11;233;alimentos;49687921;ARS
30;2023-11;240;vivienda;28884991;ARS
30;2023-11;238;transporte;15746820;ARS
30;2023-11;236;salud;11965123;ARS
30;2023-11;234;educacion;11143741;ARS
30;2023-11;237;servicios;12411734;ARS
30;2023-11;235;recreacion;6894831;ARS
30;2023-11;239;vestimenta;6047158;ARS
30;2023-12;233;alimentos;56767332;ARS
30;2023-12;240;vivienda;30446411;ARS
30;2023-12;238;transporte;17060817;ARS
30;2023-12;236;salud;15152226;ARS
30;2023-12;234;educacion;12921205;ARS
30;2023-12;237;servicios;12390154;ARS
30;2023-12;235;recreacion;11238540;ARS
30;2023-12;239;vestimenta;6222888;ARS
30;2024-01;233;alimentos;49542673;ARS
30;2024-01;240;vivienda;32513232;ARS
30;2024-01;238;transporte;18031167;ARS
30;2024-01;236;salud;13830229;ARS
30;2024-01;234;educacion;13784136;ARS
30;2024-01;237;servicios;13563875;ARS
30;2024-01;235;recreacion;9364664;ARS
30;2024-01;239;vestimenta;4578323;ARS
30;2024-02;233;alimentos;56738633;ARS
30;2024-02;240;vivienda;33499973;ARS
30;2024-02;238;transporte;18079335;ARS
30;2024-02;236;salud;13976115;ARS
30;2024-02;234;educacion;14368124;ARS
30;2024-02;237;servicios;11840632;ARS
30;2024-02;235;recreacion;10922073;ARS
30;2024-02;239;vestimenta;5945894;ARS
30;2024-03;233;alimentos;48357113;ARS
30;2024-03;240;vivienda;34932421;ARS
30;2024-03;238;transporte;17297790;ARS
30;2024-03;236;salud;15781325;ARS
30;2024-03;234;educacion;13887684;ARS
30;2024-03;237;servicios;14680806;ARS
30;2024-03;235;recreacion;8709382;ARS
30;2024-03;239;vestimenta;3969995;ARS
30;2024-04;233;alimentos;61615526;ARS
30;2024-04;240;vivienda;35316376;ARS
30;2024-04;238;transporte;22403159;ARS
30;2024-04;236;salud;15101979;ARS
30;2024-04;234;educacion;12585512;ARS
30;2024-04;237;servicios;15383065;ARS
30;2024-04;235;recreacion;10847206;ARS
30;2024-04;239;vestimenta;5847119;ARS
30;2024-05;233;alimentos;65144572;ARS
30;2024-05;240;vivienda;39908339;ARS
30;2024-05;238;transporte;21907626;ARS
30;2024-05;236;salud;19043584;ARS
30;2024-05;234;educacion;13845482;ARS
30;2024-05;237;servicios;15069943;ARS
30;2024-05;235;recreacion;7902639;ARS
30;2024-05;239;vestimenta;7715062;ARS
30;2024-06;233;alimentos;69558871;ARS
30;2024-06;240;vivienda;40213209;ARS
30;2024-06;238;transporte;21474221;ARS
30;2024-06;236;salud;15995093;ARS
30;2024-06;234;educacion;14142548;ARS
30;2024-06;237;servicios;15691720;ARS
30;2024-06;235;recreacion;11485267;ARS
30;2024-06;239;vestimenta;8625578;ARS
30;2024-07;233;alimentos;68851060;ARS
30;2024-07;240;vivienda;41914625;ARS
30;2024-07;238;transporte;27517137;ARS
30;2024-07;236;salud;14843991;ARS
30;2024-07;234;educacion;16551462;ARS
30;2024-07;237;servicios;14133249;ARS
30;2024-07;235;recreacion;16449945;ARS
30;2024-07;239;vestimenta;8449723;ARS
30;2024-08;233;alimentos;74721662;ARS
30;2024-08;240;vivienda;45263432;ARS
30;2024-08;238;transporte;30416413;ARS
30;2024-08;236;salud;17225678;ARS
30;2024-08;234;educacion;16447806;ARS
30;2024-08;237;servicios;16691162;ARS
30;2024-08;235;recreacion;14534068;ARS
30;2024-08;239;vestimenta;7785263;ARS
30;2024-09;233;alimentos;74488581;ARS
30;2024-09;240;vivienda;47506473;ARS
30;2024-09;238;transporte;30306366;ARS
30;2024-09;236;salud;22980662;ARS
30;2024-09;234;educacion;18308084;ARS
30;2024-09;237;servicios;17927908;ARS
30;2024-09;235;recreacion;12506466;ARS
30;2024-09;239;vestimenta;7310034;ARS
30;2024-10;233;alimentos;64038896;ARS
30;2024-10;240;vivienda;48128022;ARS
30;2024-10;238;transporte;22554092;ARS
30;2024-10;236;salud;22395695;ARS
30;2024-10;234;educacion;16242048;ARS
30;2024-10;237;servicios;16635828;ARS
30;2024-10;235;recreacion;16888949;ARS
30;2024-10;239;vestimenta;6613725;ARS
30;2024-11;233;alimentos;92992326;ARS
30;2024-11;240;vivienda;50847290;ARS
30;2024-11;238;transporte;36556828;ARS
30;2024-11;236;salud;22701764;ARS
30;2024-11;234;educacion;21825091;ARS
30;2024-11;237;servicios;17448452;ARS
30;2024-11;235;recreacion;16194979;ARS
30;2024-11;239;vestimenta;7328314;ARS
30;2024-12;233;alimentos;94356271;ARS
30;2024-12;240;vivienda;56236945;ARS
30;2024-12;238;transporte;35377706;ARS
30;2024-12;236;salud;25639483;ARS
30;2024-12;234;educacion;18768983;ARS
30;2024-12;237;servicios;19379514;ARS
30;2024-12;235;recreacion;17543747;ARS
30;2024-12;239;vestimenta;10772745;ARS
30;2025-01;233;alimentos;90887425;ARS
30;2025-01;240;vivienda;56671083;ARS
30;2025-01;238;transporte;35624828;ARS
30;2025-01;236;salud;24085715;ARS
30;2025-01;234;educacion;21529407;ARS
30;2025-01;237;servicios;18539149;ARS
30;2025-01;235;recreacion;15793426;ARS
30;2025-01;239;vestimenta;6120283;ARS
30;2025-02;233;alimentos;74702368;ARS
30;2025-02;240;vivienda;57231749;ARS
30;2025-02;238;transporte;37692019;ARS
30;2025-02;236;salud;20745558;ARS
30;2025-02;234;educacion;25943877;ARS
30;2025-02;237;servicios;23859511;ARS
30;2025-02;235;recreacion;20286858;ARS
30;2025-02;239;vestimenta;12530147;ARS
30;2025-03;233;alimentos;83454657;ARS
30;2025-03;240;vivienda;62756392;ARS
30;2025-03;238;transporte;31961323;ARS
30;2025-03;236;salud;25873494;ARS
30;2025-03;234;educacion;30929224;ARS
30;2025-03;237;servicios;24854264;ARS
30;2025-03;235;recreacion;22067217;ARS
30;2025-03;239;vestimenta;7839143;ARS
30;2025-04;233;alimentos;122223251;ARS
30;2025-04;240;vivienda;63544457;ARS
30;2025-04;238;transporte;43273854;ARS
30;2025-04;236;salud;27206038;ARS
30;2025-04;234;educacion;24277636;ARS
30;2025-04;237;servicios;24353393;ARS
30;2025-04;235;recreacion;20361256;ARS
30;2025-04;239;vestimenta;11810661;ARS
30;2025-05;233;alimentos;108450077;ARS
30;2025-05;240;vivienda;69943584;ARS
30;2025-05;238;transporte;34543374;ARS
30;2025-05;236;salud;25072771;ARS
30;2025-05;234;educacion;21991203;ARS
30;2025-05;237;servicios;26617582;ARS
30;2025-05;235;recreacion;18440405;ARS
30;2025-05;239;vestimenta;10204701;ARS
30;2025-06;233;alimentos;105554517;ARS
30;2025-06;240;vivienda;68772169;ARS
30;2025-06;238;transporte;41631996;ARS
30;2025-06;236;salud;30520575;ARS
30;2025-06;234;educacion;24091399;ARS
30;2025-06;237;servicios;25792533;ARS
30;2025-06;235;recreacion;25538333;ARS
30;2025-06;239;vestimenta;10162458;ARS
30;2025-07;233;alimentos;98486714;ARS
30;2025-07;240;vivienda;71896266;ARS
30;2025-07;238;transporte;42476853;ARS
30;2025-07;236;salud;30186604;ARS
30;2025-07;234;educacion;24606588;ARS
30;2025-07;237;servicios;27819489;ARS
30;2025-07;235;recreacion;19193673;ARS
30;2025-07;239;vestimenta;14656771;ARS
30;2025-08;233;alimentos;124950001;ARS
30;2025-08;240;vivienda;78064159;ARS
30;2025-08;238;transporte;44103853;ARS
30;2025-08;236;salud;34745489;ARS
30;2025-08;234;educacion;26300316;ARS
30;2025-08;237;servicios;26269179;ARS
30;2025-08;235;recreacion;27042168;ARS
30;2025-08;239;vestimenta;13247771;ARS
30;2025-09;233;alimentos;117938670;ARS
30;2025-09;240;vivienda;82909339;ARS
30;2025-09;238;transporte;43332282;ARS
30;2025-09;236;salud;31905515;ARS
30;2025-09;234;educacion;23552008;ARS
30;2025-09;237;servicios;26441069;ARS
30;2025-09;235;recreacion;22473479;ARS
30;2025-09;239;vestimenta;8972432;ARS
30;2025-10;233;alimentos;101883915;ARS
30;2025-10;240;vivienda;80889363;ARS
30;2025-10;238;transporte;44411387;ARS
30;2025-10;236;salud;32408861;ARS
30;2025-10;234;educacion;28000080;ARS
30;2025-10;237;servicios;29192514;ARS
30;2025-10;235;recreacion;28588437;ARS
30;2025-10;239;vestimenta;10969211;ARS
30;2025-11;233;alimentos;132202719;ARS
30;2025-11;240;vivienda;85747679;ARS
30;2025-11;238;transporte;54514897;ARS
30;2025-11;236;salud;37276598;ARS
30;2025-11;234;educacion;26560351;ARS
30;2025-11;237;servicios;32093965;ARS
30;2025-11;235;recreacion;24728765;ARS
30;2025-11;239;vestimenta;13201808;ARS
30;2025-12;233;alimentos;140644198;ARS
30;2025-12;240;vivienda;93067333;ARS
30;2025-12;238;transporte;57858677;ARS
30;2025-12;236;salud;40198339;ARS
30;2025-12;234;educacion;27473284;ARS
30;2025-12;237;servicios;30300201;ARS
30;2025-12;235;recreacion;25913088;ARS
30;2025-12;239;vestimenta;11838962;ARS
31;2023-01;241;alimentos;15021903;ARS
31;2023-01;248;vivienda;14533665;ARS
31;2023-01;246;transporte;7985033;ARS
31;2023-01;244;salud;5417661;ARS
31;2023-01;242;educacion;4468639;ARS
31;2023-01;245;servicios;5113623;ARS
31;2023-01;243;recreacion;2881675;ARS
31;2023-01;247;vestimenta;1533156;ARS
31;2023-02;241;alimentos;11981278;ARS
31;2023-02;248;vivienda;14286386;ARS
31;2023-02;246;transporte;8771862;ARS
31;2023-02;244;salud;5878913;ARS
31;2023-02;242;educacion;4786164;ARS
31;2023-02;245;servicios;5252784;ARS
31;2023-02;243;recreacion;2332735;ARS
31;2023-02;247;vestimenta;1794757;ARS
31;2023-03;241;alimentos;12968849;ARS
31;2023-03;248;vivienda;14693789;ARS
31;2023-03;246;transporte;8631087;ARS
31;2023-03;244;salud;5558782;ARS
31;2023-03;242;educacion;5600722;ARS
31;2023-03;245;servicios;5581325;ARS
31;2023-03;243;recreacion;2962910;ARS
31;2023-03;247;vestimenta;1424046;ARS
31;2023-04;241;alimentos;13051751;ARS
31;2023-04;248;vivienda;15802809;ARS
31;2023-04;246;transporte;8137937;ARS
31;2023-04;244;salud;6537085;ARS
31;2023-04;242;educacion;5311119;ARS
31;2023-04;245;servicios;5555363;ARS
31;2023-04;243;recreacion;2633475;ARS
31;2023-04;247;vestimenta;1630315;ARS
31;2023-05;241;alimentos;12799554;ARS
31;2023-05;248;vivienda;15744147;ARS
31;2023-05;246;transporte;8841723;ARS
31;2023-05;244;salud;6371119;ARS
31;2023-05;242;educacion;4946450;ARS
31;2023-05;245;servicios;6706722;ARS
31;2023-05;243;recreacion;2680538;ARS
31;2023-05;247;vestimenta;2394905;ARS
31;2023-06;241;alimentos;14015161;ARS
31;2023-06;248;vivienda;16279446;ARS
31;2023-06;246;transporte;9363540;ARS
31;2023-06;244;salud;5993476;ARS
31;2023-06;242;educacion;5508536;ARS
31;2023-06;245;servicios;6140027;ARS
31;2023-06;243;recreacion;3389672;ARS
31;2023-06;247;vestimenta;2233944;ARS
31;2023-07;241;alimentos;15337625;ARS
31;2023-07;248;vivienda;18819004;ARS
31;2023-07;246;transporte;9521912;ARS
31;2023-07;244;salud;7086904;ARS
31;2023-07;242;educacion;5962060;ARS
31;2023-07;245;servicios;6465870;ARS
31;2023-07;243;recreacion;3288437;ARS
31;2023-07;247;vestimenta;2038717;ARS
31;2023-08;241;alimentos;14139465;ARS
31;2023-08;248;vivienda;19037921;ARS
31;2023-08;246;transporte;10498941;ARS
31;2023-08;244;salud;7285466;ARS
31;2023-08;242;educacion;5941905;ARS
31;2023-08;245;servicios;6768726;ARS
31;2023-08;243;recreacion;3077104;ARS
31;2023-08;247;vestimenta;1777204;ARS
31;2023-09;241;alimentos;16778417;ARS
31;2023-09;248;vivienda;18868737;ARS
31;2023-09;246;transporte;10572900;ARS
31;2023-09;244;salud;8169851;ARS
31;2023-09;242;educacion;7415448;ARS
31;2023-09;245;servicios;7388334;ARS
31;2023-09;243;recreacion;3296036;ARS
31;2023-09;247;vestimenta;2660200;ARS
31;2023-10;241;alimentos;20578290;ARS
31;2023-10;248;vivienda;21344923;ARS
31;2023-10;246;transporte;11989956;ARS
31;2023-10;244;salud;6438683;ARS
31;2023-10;242;educacion;5855830;ARS
31;2023-10;245;servicios;7282203;ARS
31;2023-10;243;recreacion;3534241;ARS
31;2023-10;247;vestimenta;2705773;ARS
31;2023-11;241;alimentos;24482488;ARS
31;2023-11;248;vivienda;21750989;ARS
31;2023-11;246;transporte;14042664;ARS
31;2023-11;244;salud;7135150;ARS
31;2023-11;242;educacion;7624416;ARS
31;2023-11;245;servicios;8621617;ARS
31;2023-11;243;recreacion;3579134;ARS
31;2023-11;247;vestimenta;2652050;ARS
31;2023-12;241;alimentos;19821251;ARS
31;2023-12;248;vivienda;22432275;ARS
31;2023-12;246;transporte;14226529;ARS
31;2023-12;244;salud;8968535;ARS
31;2023-12;242;educacion;8197590;ARS
31;2023-12;245;servicios;8114537;ARS
31;2023-12;243;recreacion;3835592;ARS
31;2023-12;247;vestimenta;2724693;ARS
31;2024-01;241;alimentos;21710902;ARS
31;2024-01;248;vivienda;23313345;ARS
31;2024-01;246;transporte;13499533;ARS
31;2024-01;244;salud;9991926;ARS
31;2024-01;242;educacion;8284237;ARS
31;2024-01;245;servicios;8279734;ARS
31;2024-01;243;recreacion;4551745;ARS
31;2024-01;247;vestimenta;2656401;ARS
31;2024-02;241;alimentos;22765585;ARS
31;2024-02;248;vivienda;25164114;ARS
31;2024-02;246;transporte;13627766;ARS
31;2024-02;244;salud;9630829;ARS
31;2024-02;242;educacion;10042602;ARS
31;2024-02;245;servicios;8980159;ARS
31;2024-02;243;recreacion;4030139;ARS
31;2024-02;247;vestimenta;2923717;ARS
31;2024-03;241;alimentos;21675350;ARS
31;2024-03;248;vivienda;25687671;ARS
31;2024-03;246;transporte;13651399;ARS
31;2024-03;244;salud;10057106;ARS
31;2024-03;242;educacion;9382547;ARS
31;2024-03;245;servicios;8171234;ARS
31;2024-03;243;recreacion;4141226;ARS
31;2024-03;247;vestimenta;2232988;ARS
31;2024-04;241;alimentos;22187276;ARS
31;2024-04;248;vivienda;26743307;ARS
31;2024-04;246;transporte;15800063;ARS
31;2024-04;244;salud;10461823;ARS
31;2024-04;242;educacion;9543627;ARS
31;2024-04;245;servicios;9771071;ARS
31;2024-04;243;recreacion;4407398;ARS
31;2024-04;247;vestimenta;2742314;ARS
31;2024-05;241;alimentos;25270636;ARS
31;2024-05;248;vivienda;27590607;ARS
31;2024-05;246;transporte;16156439;ARS
31;2024-05;244;salud;10724027;ARS
31;2024-05;242;educacion;7490222;ARS
31;2024-05;245;servicios;9054512;ARS
31;2024-05;243;recreacion;5656516;ARS
31;2024-05;247;vestimenta;2857547;ARS
31;2024-06;241;alimentos;27911062;ARS
31;2024-06;248;vivienda;29962576;ARS
31;2024-06;246;transporte;14480985;ARS
31;2024-06;244;salud;13450925;ARS
31;2024-06;242;educacion;10812529;ARS
31;2024-06;245;servicios;10816598;ARS
31;2024-06;243;recreacion;4859004;ARS
31;2024-06;247;vestimenta;2462073;ARS
31;2024-07;241;alimentos;26957796;ARS
31;2024-07;248;vivienda;30965914;ARS
31;2024-07;246;transporte;19134476;ARS
31;2024-07;244;salud;11107748;ARS
31;2024-07;242;educacion;9323300;ARS
31;2024-07;245;servicios;10060446;ARS
31;2024-07;243;recreacion;3787828;ARS
31;2024-07;247;vestimenta;4330102;ARS
31;2024-08;241;alimentos;27002772;ARS
31;2024-08;248;vivienda;30862587;ARS
31;2024-08;246;transporte;16154703;ARS
31;2024-08;244;salud;11268919;ARS
31;2024-08;242;educacion;9699651;ARS
31;2024-08;245;servicios;11491608;ARS
31;2024-08;243;recreacion;4837303;ARS
31;2024-08;247;vestimenta;4664534;ARS
31;2024-09;241;alimentos;27889138;ARS
31;2024-09;248;vivienda;34611244;ARS
31;2024-09;246;transporte;16686830;ARS
31;2024-09;244;salud;13649773;ARS
31;2024-09;242;educacion;10974368;ARS
31;2024-09;245;servicios;11869738;ARS
31;2024-09;243;recreacion;5228897;ARS
31;2024-09;247;vestimenta;4498267;ARS
31;2024-10;241;alimentos;31216391;ARS
31;2024-10;248;vivienda;34615765;ARS
31;2024-10;246;transporte;18772813;ARS
31;2024-10;244;salud;14928382;ARS
31;2024-10;242;educacion;10650179;ARS
31;2024-10;245;servicios;12610131;ARS
31;2024-10;243;recreacion;6268811;ARS
31;2024-10;247;vestimenta;4674835;ARS
31;2024-11;241;alimentos;36667896;ARS
31;2024-11;248;vivienda;34577997;ARS
31;2024-11;246;transporte;22072475;ARS
31;2024-11;244;salud;13230008;ARS
31;2024-11;242;educacion;12349751;ARS
31;2024-11;245;servicios;15438727;ARS
31;2024-11;243;recreacion;5995024;ARS
31;2024-11;247;vestimenta;4245233;ARS
31;2024-12;241;alimentos;35863369;ARS
31;2024-12;248;vivienda;36999446;ARS
31;2024-12;246;transporte;22091453;ARS
31;2024-12;244;salud;13849585;ARS
31;2024-12;242;educacion;13529194;ARS
31;2024-12;245;servicios;13922834;ARS
31;2024-12;243;recreacion;7681522;ARS
31;2024-12;247;vestimenta;4751354;ARS
31;2025-01;241;alimentos;34452824;ARS
31;2025-01;248;vivienda;41088113;ARS
31;2025-01;246;transporte;26566472;ARS
31;2025-01;244;salud;14021311;ARS
31;2025-01;242;educacion;13060923;ARS
31;2025-01;245;servicios;13880034;ARS
31;2025-01;243;recreacion;8256135;ARS
31;2025-01;247;vestimenta;4218840;ARS
31;2025-02;241;alimentos;38888849;ARS
31;2025-02;248;vivienda;38964328;ARS
31;2025-02;246;transporte;20751120;ARS
31;2025-02;244;salud;17946054;ARS
31;2025-02;242;educacion;16441930;ARS
31;2025-02;245;servicios;14512111;ARS
31;2025-02;243;recreacion;7630244;ARS
31;2025-02;247;vestimenta;6116036;ARS
31;2025-03;241;alimentos;32923590;ARS
31;2025-03;248;vivienda;43629483;ARS
31;2025-03;246;transporte;26187879;ARS
31;2025-03;244;salud;18481600;ARS
31;2025-03;242;educacion;13877118;ARS
31;2025-03;245;servicios;17956378;ARS
31;2025-03;243;recreacion;5582360;ARS
31;2025-03;247;vestimenta;2918452;ARS
31;2025-04;241;alimentos;43947589;ARS
31;2025-04;248;vivienda;45327890;ARS
31;2025-04;246;transporte;25548826;ARS
31;2025-04;244;salud;14691888;ARS
31;2025-04;242;educacion;16165574;ARS
31;2025-04;245;servicios;15761486;ARS
31;2025-04;243;recreacion;6764540;ARS
31;2025-04;247;vestimenta;6104056;ARS
31;2025-05;241;alimentos;42389712;ARS
31;2025-05;248;vivienda;47930686;ARS
31;2025-05;246;transporte;28485170;ARS
31;2025-05;244;salud;15023019;ARS
31;2025-05;242;educacion;15900272;ARS
31;2025-05;245;servicios;15211135;ARS
31;2025-05;243;recreacion;5436606;ARS
31;2025-05;247;vestimenta;6228014;ARS
31;2025-06;241;alimentos;39318485;ARS
31;2025-06;248;vivienda;48659111;ARS
31;2025-06;246;transporte;26786898;ARS
31;2025-06;244;salud;19699150;ARS
31;2025-06;242;educacion;17637269;ARS
31;2025-06;245;servicios;15458267;ARS
31;2025-06;243;recreacion;8901489;ARS
31;2025-06;247;vestimenta;5749384;ARS
31;2025-07;241;alimentos;46656650;ARS
31;2025-07;248;vivienda;50962788;ARS
31;2025-07;246;transporte;29795929;ARS
31;2025-07;244;salud;19072576;ARS
31;2025-07;242;educacion;17736136;ARS
31;2025-07;245;servicios;20008322;ARS
31;2025-07;243;recreacion;7505491;ARS
31;2025-07;247;vestimenta;4918757;ARS
31;2025-08;241;alimentos;45211935;ARS
31;2025-08;248;vivienda;51795315;ARS
31;2025-08;246;transporte;28625778;ARS
31;2025-08;244;salud;22752185;ARS
31;2025-08;242;educacion;21170167;ARS
31;2025-08;245;servicios;19893335;ARS
31;2025-08;243;recreacion;7023387;ARS
31;2025-08;247;vestimenta;8159308;ARS
31;2025-09;241;alimentos;55004387;ARS
31;2025-09;248;vivienda;57441944;ARS
31;2025-09;246;transporte;31308163;ARS
31;2025-09;244;salud;20497704;ARS
31;2025-09;242;educacion;17702390;ARS
31;2025-09;245;servicios;20802376;ARS
31;2025-09;243;recreacion;10957244;ARS
31;2025-09;247;vestimenta;9277657;ARS
31;2025-10;241;alimentos;49495674;ARS
31;2025-10;248;vivienda;59680971;ARS
31;2025-10;246;transporte;32211875;ARS
31;2025-10;244;salud;25745841;ARS
31;2025-10;242;educacion;19639035;ARS
31;2025-10;245;servicios;23106708;ARS
31;2025-10;243;recreacion;11759793;ARS
31;2025-10;247;vestimenta;6843697;ARS
31;2025-11;241;alimentos;58049462;ARS
31;2025-11;248;vivienda;62151139;ARS
31;2025-11;246;transporte;40575235;ARS
31;2025-11;244;salud;26533060;ARS
31;2025-11;242;educacion;22249420;ARS
31;2025-11;245;servicios;20224205;ARS
31;2025-11;243;recreacion;10137720;ARS
31;2025-11;247;vestimenta;7043427;ARS
31;2025-12;241;alimentos;56455173;ARS
31;2025-12;248;vivienda;65540336;ARS
31;2025-12;246;transporte;37071279;ARS
31;2025-12;244;salud;22848739;ARS
31;2025-12;242;educacion;24835406;ARS
31;2025-12;245;servicios;24532863;ARS
31;2025-12;243;recreacion;13849806;ARS
31;2025-12;247;vestimenta;7690608;ARS
32;2023-01;249;alimentos;10194879;ARS
32;2023-01;256;vivienda;12859215;ARS
32;2023-01;254;transporte;6949642;ARS
32;2023-01;252;salud;3363473;ARS
32;2023-01;250;educacion;3694631;ARS
32;2023-01;253;servicios;4277059;ARS
32;2023-01;251;recreacion;3074220;ARS
32;2023-01;255;vestimenta;1224041;ARS
32;2023-02;249;alimentos;14468225;ARS
32;2023-02;256;vivienda;13465247;ARS
32;2023-02;254;transporte;6356450;ARS
32;2023-02;252;salud;3324116;ARS
32;2023-02;250;educacion;4811652;ARS
32;2023-02;253;servicios;4737581;ARS
32;2023-02;251;recreacion;3651130;ARS
32;2023-02;255;vestimenta;1218050;ARS
32;2023-03;249;alimentos;15092133;ARS
32;2023-03;256;vivienda;13854361;ARS
32;2023-03;254;transporte;9362384;ARS
32;2023-03;252;salud;3581523;ARS
32;2023-03;250;educacion;4689489;ARS
32;2023-03;253;servicios;4272316;ARS
32;2023-03;251;recreacion;3115089;ARS
32;2023-03;255;vestimenta;1229373;ARS
32;2023-04;249;alimentos;15145797;ARS
32;2023-04;256;vivienda;13697780;ARS
32;2023-04;254;transporte;6830758;ARS
32;2023-04;252;salud;3453831;ARS
32;2023-04;250;educacion;4142145;ARS
32;2023-04;253;servicios;5522959;ARS
32;2023-04;251;recreacion;3966916;ARS
32;2023-04;255;vestimenta;1381382;ARS
32;2023-05;249;alimentos;17472470;ARS
32;2023-05;256;vivienda;14983886;ARS
32;2023-05;254;transporte;9532267;ARS
32;2023-05;252;salud;4338272;ARS
32;2023-05;250;educacion;4556958;ARS
32;2023-05;253;servicios;5473943;ARS
32;2023-05;251;recreacion;4331913;ARS
32;2023-05;255;vestimenta;1001023;ARS
32;2023-06;249;alimentos;19406069;ARS
32;2023-06;256;vivienda;14480699;ARS
32;2023-06;254;transporte;8390511;ARS
32;2023-06;252;salud;3483654;ARS
32;2023-06;250;educacion;4936607;ARS
32;2023-06;253;servicios;6208442;ARS
32;2023-06;251;recreacion;4241030;ARS
32;2023-06;255;vestimenta;1367260;ARS
32;2023-07;249;alimentos;14199081;ARS
32;2023-07;256;vivienda;16021466;ARS
32;2023-07;254;transporte;10316402;ARS
32;2023-07;252;salud;4713962;ARS
32;2023-07;250;educacion;5370126;ARS
32;2023-07;253;servicios;5144914;ARS
32;2023-07;251;recreacion;4016875;ARS
32;2023-07;255;vestimenta;1758436;ARS
32;2023-08;249;alimentos;20911465;ARS
32;2023-08;256;vivienda;17669626;ARS
32;2023-08;254;transporte;9604603;ARS
32;2023-08;252;salud;4887508;ARS
32;2023-08;250;educacion;4659340;ARS
32;2023-08;253;servicios;5817970;ARS
32;2023-08;251;recreacion;4978839;ARS
32;2023-08;255;vestimenta;1854711;ARS
32;2023-09;249;alimentos;19928691;ARS
32;2023-09;256;vivienda;18189960;ARS
32;2023-09;254;transporte;9845134;ARS
32;2023-09;252;salud;4949223;ARS
32;2023-09;250;educacion;4955179;ARS
32;2023-09;253;servicios;6445975;ARS
32;2023-09;251;recreacion;3834192;ARS
32;2023-09;255;vestimenta;1799370;ARS
32;2023-10;249;alimentos;22589512;ARS
32;2023-10;256;vivienda;18981742;ARS
32;2023-10;254;transporte;10842670;ARS
32;2023-10;252;salud;4843810;ARS
32;2023-10;250;educacion;5649208;ARS
32;2023-10;253;servicios;6764051;ARS
32;2023-10;251;recreacion;4907661;ARS
32;2023-10;255;vestimenta;1313455;ARS
32;2023-11;249;alimentos;19427464;ARS
32;2023-11;256;vivienda;19184017;ARS
32;2023-11;254;transporte;10233116;ARS
32;2023-11;252;salud;5274899;ARS
32;2023-11;250;educacion;5618183;ARS
32;2023-11;253;servicios;7285990;ARS
32;2023-11;251;recreacion;4275292;ARS
32;2023-11;255;vestimenta;1482745;ARS
32;2023-12;249;alimentos;22259764;ARS
32;2023-12;256;vivienda;20504292;ARS
32;2023-12;254;transporte;12560147;ARS
32;2023-12;252;salud;5633210;ARS
32;2023-12;250;educacion;5907143;ARS
32;2023-12;253;servicios;7353385;ARS
32;2023-12;251;recreacion;7088769;ARS
32;2023-12;255;vestimenta;2485975;ARS
32;2024-01;249;alimentos;26708916;ARS
32;2024-01;256;vivienda;21371193;ARS
32;2024-01;254;transporte;11663531;ARS
32;2024-01;252;salud;6662415;ARS
32;2024-01;250;educacion;6673501;ARS
32;2024-01;253;servicios;7244272;ARS
32;2024-01;251;recreacion;5259883;ARS
32;2024-01;255;vestimenta;2306898;ARS
32;2024-02;249;alimentos;27244047;ARS
32;2024-02;256;vivienda;23151181;ARS
32;2024-02;254;transporte;12693999;ARS
32;2024-02;252;salud;5562981;ARS
32;2024-02;250;educacion;8065115;ARS
32;2024-02;253;servicios;7853790;ARS
32;2024-02;251;recreacion;5291899;ARS
32;2024-02;255;vestimenta;2033081;ARS
32;2024-03;249;alimentos;23613364;ARS
32;2024-03;256;vivienda;23787851;ARS
32;2024-03;254;transporte;13542598;ARS
32;2024-03;252;salud;6753476;ARS
32;2024-03;250;educacion;7142908;ARS
32;2024-03;253;servicios;8612228;ARS
32;2024-03;251;recreacion;5787705;ARS
32;2024-03;255;vestimenta;2758254;ARS
32;2024-04;249;alimentos;23074386;ARS
32;2024-04;256;vivienda;24251175;ARS
32;2024-04;254;transporte;11232892;ARS
32;2024-04;252;salud;6421525;ARS
32;2024-04;250;educacion;8029583;ARS
32;2024-04;253;servicios;8487509;ARS
32;2024-04;251;recreacion;5941488;ARS
32;2024-04;255;vestimenta;1639044;ARS
32;2024-05;249;alimentos;25487864;ARS
32;2024-05;256;vivienda;25939296;ARS
32;2024-05;254;transporte;11273116;ARS
32;2024-05;252;salud;7056307;ARS
32;2024-05;250;educacion;7986732;ARS
32;2024-05;253;servicios;9847964;ARS
32;2024-05;251;recreacion;5658330;ARS
32;2024-05;255;vestimenta;2456661;ARS
32;2024-06;249;alimentos;24650204;ARS
32;2024-06;256;vivienda;25850756;ARS
32;2024-06;254;transporte;11185315;ARS
32;2024-06;252;salud;6448236;ARS
32;2024-06;250;educacion;8156774;ARS
32;2024-06;253;servicios;8936470;ARS
32;2024-06;251;recreacion;7787249;ARS
32;2024-06;255;vestimenta;1843798;ARS
32;2024-07;249;alimentos;25101712;ARS
32;2024-07;256;vivienda;27038452;ARS
32;2024-07;254;transporte;15963962;ARS
32;2024-07;252;salud;7953301;ARS
32;2024-07;250;educacion;8081245;ARS
32;2024-07;253;servicios;9586952;ARS
32;2024-07;251;recreacion;5790843;ARS
32;2024-07;255;vestimenta;3387889;ARS
32;2024-08;249;alimentos;28187253;ARS
32;2024-08;256;vivienda;28260922;ARS
32;2024-08;254;transporte;15662168;ARS
32;2024-08;252;salud;8337190;ARS
32;2024-08;250;educacion;8012732;ARS
32;2024-08;253;servicios;10408507;ARS
32;2024-08;251;recreacion;8367975;ARS
32;2024-08;255;vestimenta;2937374;ARS
32;2024-09;249;alimentos;38119948;ARS
32;2024-09;256;vivienda;30099280;ARS
32;2024-09;254;transporte;14850011;ARS
32;2024-09;252;salud;7653046;ARS
32;2024-09;250;educacion;8952235;ARS
32;2024-09;253;servicios;9911409;ARS
32;2024-09;251;recreacion;8838283;ARS
32;2024-09;255;vestimenta;3131516;ARS
32;2024-10;249;alimentos;34779418;ARS
32;2024-10;256;vivienda;32576979;ARS
32;2024-10;254;transporte;14634597;ARS
32;2024-10;252;salud;8194908;ARS
32;2024-10;250;educacion;9060382;ARS
32;2024-10;253;servicios;10816112;ARS
32;2024-10;251;recreacion;8320776;ARS
32;2024-10;255;vestimenta;2431859;ARS
32;2024-11;249;alimentos;43814998;ARS
32;2024-11;256;vivienda;32424195;ARS
32;2024-11;254;transporte;18090599;ARS
32;2024-11;252;salud;8260666;ARS
32;2024-11;250;educacion;9234556;ARS
32;2024-11;253;servicios;10513778;ARS
32;2024-11;251;recreacion;8095063;ARS
32;2024-11;255;vestimenta;2456294;ARS
32;2024-12;249;alimentos;35664441;ARS
32;2024-12;256;vivienda;35549805;ARS
32;2024-12;254;transporte;17658758;ARS
32;2024-12;252;salud;8147452;ARS
32;2024-12;250;educacion;10284425;ARS
32;2024-12;253;servicios;12907800;ARS
32;2024-12;251;recreacion;10193279;ARS
32;2024-12;255;vestimenta;2696389;ARS
32;2025-01;249;alimentos;41664424;ARS
32;2025-01;256;vivienda;36037341;ARS
32;2025-01;254;transporte;15736179;ARS
32;2025-01;252;salud;10503742;ARS
32;2025-01;250;educacion;11391582;ARS
32;2025-01;253;servicios;10825595;ARS
32;2025-01;251;recreacion;7823793;ARS
32;2025-01;255;vestimenta;4250529;ARS
32;2025-02;249;alimentos;47267095;ARS
32;2025-02;256;vivienda;37210371;ARS
32;2025-02;254;transporte;16822488;ARS
32;2025-02;252;salud;8720831;ARS
32;2025-02;250;educacion;11701975;ARS
32;2025-02;253;servicios;14222359;ARS
32;2025-02;251;recreacion;9095640;ARS
32;2025-02;255;vestimenta;4312642;ARS
32;2025-03;249;alimentos;45998484;ARS
32;2025-03;256;vivienda;41206872;ARS
32;2025-03;254;transporte;21631727;ARS
32;2025-03;252;salud;8365872;ARS
32;2025-03;250;educacion;11338274;ARS
32;2025-03;253;servicios;14277163;ARS
32;2025-03;251;recreacion;9278126;ARS
32;2025-03;255;vestimenta;5349083;ARS
32;2025-04;249;alimentos;52258366;ARS
32;2025-04;256;vivienda;40297660;ARS
32;2025-04;254;transporte;24891209;ARS
32;2025-04;252;salud;11001080;ARS
32;2025-04;250;educacion;11282425;ARS
32;2025-04;253;servicios;15881335;ARS
32;2025-04;251;recreacion;9580600;ARS
32;2025-04;255;vestimenta;2548282;ARS
32;2025-05;249;alimentos;52797171;ARS
32;2025-05;256;vivienda;44075322;ARS
32;2025-05;254;transporte;23082540;ARS
32;2025-05;252;salud;11719274;ARS
32;2025-05;250;educacion;12028040;ARS
32;2025-05;253;servicios;14521942;ARS
32;2025-05;251;recreacion;14457865;ARS
32;2025-05;255;vestimenta;3287914;ARS
32;2025-06;249;alimentos;44956994;ARS
32;2025-06;256;vivienda;43339171;ARS
32;2025-06;254;transporte;28047010;ARS
32;2025-06;252;salud;11911726;ARS
32;2025-06;250;educacion;12402378;ARS
32;2025-06;253;servicios;17166027;ARS
32;2025-06;251;recreacion;11671562;ARS
32;2025-06;255;vestimenta;3411725;ARS
32;2025-07;249;alimentos;50732714;ARS
32;2025-07;256;vivienda;48440040;ARS
32;2025-07;254;transporte;24353088;ARS
32;2025-07;252;salud;12150667;ARS
32;2025-07;250;educacion;12611178;ARS
32;2025-07;253;servicios;15740727;ARS
32;2025-07;251;recreacion;11983473;ARS
32;2025-07;255;vestimenta;4454208;ARS
32;2025-08;249;alimentos;56620842;ARS
32;2025-08;256;vivienda;52772813;ARS
32;2025-08;254;transporte;31111066;ARS
32;2025-08;252;salud;12357144;ARS
32;2025-08;250;educacion;12298979;ARS
32;2025-08;253;servicios;18359442;ARS
32;2025-08;251;recreacion;7615038;ARS
32;2025-08;255;vestimenta;3312261;ARS
32;2025-09;249;alimentos;54393466;ARS
32;2025-09;256;vivienda;49228919;ARS
32;2025-09;254;transporte;25601033;ARS
32;2025-09;252;salud;15267692;ARS
32;2025-09;250;educacion;15013167;ARS
32;2025-09;253;servicios;13042541;ARS
32;2025-09;251;recreacion;9056022;ARS
32;2025-09;255;vestimenta;4740030;ARS
32;2025-10;249;alimentos;53767484;ARS
32;2025-10;256;vivienda;58500959;ARS
32;2025-10;254;transporte;26243194;ARS
32;2025-10;252;salud;13369297;ARS
32;2025-10;250;educacion;16292764;ARS
32;2025-10;253;servicios;19951694;ARS
32;2025-10;251;recreacion;14885861;ARS
32;2025-10;255;vestimenta;4479661;ARS
32;2025-11;249;alimentos;51430923;ARS
32;2025-11;256;vivienda;57215019;ARS
32;2025-11;254;transporte;35969021;ARS
32;2025-11;252;salud;15162557;ARS
32;2025-11;250;educacion;17888357;ARS
32;2025-11;253;servicios;18350213;ARS
32;2025-11;251;recreacion;12691840;ARS
32;2025-11;255;vestimenta;5468572;ARS
32;2025-12;249;alimentos;68553421;ARS
32;2025-12;256;vivienda;55061455;ARS
32;2025-12;254;transporte;33536376;ARS
32;2025-12;252;salud;15073464;ARS
32;2025-12;250;educacion;16168737;ARS
32;2025-12;253;servicios;21756963;ARS
32;2025-12;251;recreacion;13512176;ARS
32;2025-12;255;vestimenta;6593920;ARS
33;2023-01;257;alimentos;34500233;ARS
33;2023-01;264;vivienda;31152874;ARS
33;2023-01;262;transporte;10523094;ARS
33;2023-01;260;salud;7329112;ARS
33;2023-01;258;educacion;8681681;ARS
33;2023-01;261;servicios;9692602;ARS
33;2023-01;259;recreacion;3951516;ARS
33;2023-01;263;vestimenta;2154384;ARS
33;2023-02;257;alimentos;31152058;ARS
33;2023-02;264;vivienda;32176973;ARS
33;2023-02;262;transporte;8494112;ARS
33;2023-02;260;salud;6472004;ARS
33;2023-02;258;educacion;10146234;ARS
33;2023-02;261;servicios;10689507;ARS
33;2023-02;259;recreacion;3248690;ARS
33;2023-02;263;vestimenta;2509029;ARS
33;2023-03;257;alimentos;33744423;ARS
33;2023-03;264;vivienda;35829404;ARS
33;2023-03;262;transporte;9001108;ARS
33;2023-03;260;salud;7614333;ARS
33;2023-03;258;educacion;10785810;ARS
33;2023-03;261;servicios;10607724;ARS
33;2023-03;259;recreacion;3457861;ARS
33;2023-03;263;vestimenta;3883118;ARS
33;2023-04;257;alimentos;41647229;ARS
33;2023-04;264;vivienda;37523120;ARS
33;2023-04;262;transporte;10792908;ARS
33;2023-04;260;salud;7531159;ARS
33;2023-04;258;educacion;8875548;ARS
33;2023-04;261;servicios;10143079;ARS
33;2023-04;259;recreacion;4752474;ARS
33;2023-04;263;vestimenta;4082974;ARS
33;2023-05;257;alimentos;49484879;ARS
33;2023-05;264;vivienda;36509291;ARS
33;2023-05;262;transporte;11029215;ARS
33;2023-05;260;salud;7996089;ARS
33;2023-05;258;educacion;9677715;ARS
33;2023-05;261;servicios;10566344;ARS
33;2023-05;259;recreacion;4554722;ARS
33;2023-05;263;vestimenta;4255974;ARS
33;2023-06;257;alimentos;44957674;ARS
33;2023-06;264;vivienda;40212261;ARS
33;2023-06;262;transporte;9896072;ARS
33;2023-06;260;salud;8671740;ARS
33;2023-06;258;educacion;9928277;ARS
33;2023-06;261;servicios;11403978;ARS
33;2023-06;259;recreacion;4770633;ARS
33;2023-06;263;vestimenta;4415365;ARS
33;2023-07;257;alimentos;66101087;ARS
33;2023-07;264;vivienda;40355946;ARS
33;2023-07;262;transporte;11607238;ARS
33;2023-07;260;salud;8921911;ARS
33;2023-07;258;educacion;9825684;ARS
33;2023-07;261;servicios;12039205;ARS
33;2023-07;259;recreacion;5262812;ARS
33;2023-07;263;vestimenta;3804455;ARS
33;2023-08;257;alimentos;50964625;ARS
33;2023-08;264;vivienda;43759249;ARS
33;2023-08;262;transporte;13197424;ARS
33;2023-08;260;salud;9440797;ARS
33;2023-08;258;educacion;11351724;ARS
33;2023-08;261;servicios;11769463;ARS
33;2023-08;259;recreacion;7130719;ARS
33;2023-08;263;vestimenta;3166469;ARS
33;2023-09;257;alimentos;56426950;ARS
33;2023-09;264;vivienda;45399754;ARS
33;2023-09;262;transporte;11733997;ARS
33;2023-09;260;salud;8967432;ARS
33;2023-09;258;educacion;11619757;ARS
33;2023-09;261;servicios;14924410;ARS
33;2023-09;259;recreacion;6475385;ARS
33;2023-09;263;vestimenta;3516720;ARS
33;2023-10;257;alimentos;68214194;ARS
33;2023-10;264;vivienda;45858516;ARS
33;2023-10;262;transporte;13532696;ARS
33;2023-10;260;salud;9980140;ARS
33;2023-10;258;educacion;13107679;ARS
33;2023-10;261;servicios;15678758;ARS
33;2023-10;259;recreacion;4308690;ARS
33;2023-10;263;vestimenta;4875270;ARS
33;2023-11;257;alimentos;45414307;ARS
33;2023-11;264;vivienda;50299755;ARS
33;2023-11;262;transporte;10784459;ARS
33;2023-11;260;salud;10035422;ARS
33;2023-11;258;educacion;12169416;ARS
33;2023-11;261;servicios;15253136;ARS
33;2023-11;259;recreacion;5487194;ARS
33;2023-11;263;vestimenta;5475830;ARS
33;2023-12;257;alimentos;64257156;ARS
33;2023-12;264;vivienda;51203853;ARS
33;2023-12;262;transporte;13949188;ARS
33;2023-12;260;salud;10283604;ARS
33;2023-12;258;educacion;15420112;ARS
33;2023-12;261;servicios;14016616;ARS
33;2023-12;259;recreacion;6983707;ARS
33;2023-12;263;vestimenta;5866474;ARS
33;2024-01;257;alimentos;73810586;ARS
33;2024-01;264;vivienda;51911627;ARS
33;2024-01;262;transporte;14051813;ARS
33;2024-01;260;salud;10055534;ARS
33;2024-01;258;educacion;14422494;ARS
33;2024-01;261;servicios;12677117;ARS
33;2024-01;259;recreacion;6238241;ARS
33;2024-01;263;vestimenta;3569963;ARS
33;2024-02;257;alimentos;64148510;ARS
33;2024-02;264;vivienda;55421905;ARS
33;2024-02;262;transporte;15062365;ARS
33;2024-02;260;salud;10642767;ARS
33;2024-02;258;educacion;18137376;ARS
33;2024-02;261;servicios;14683048;ARS
33;2024-02;259;recreacion;7012006;ARS
33;2024-02;263;vestimenta;6480421;ARS
33;2024-03;257;alimentos;64728861;ARS
33;2024-03;264;vivienda;57508671;ARS
33;2024-03;262;transporte;15818878;ARS
33;2024-03;260;salud;11654044;ARS
33;2024-03;258;educacion;16524594;ARS
33;2024-03;261;servicios;17483714;ARS
33;2024-03;259;recreacion;7601976;ARS
33;2024-03;263;vestimenta;4004881;ARS
33;2024-04;257;alimentos;66981237;ARS
33;2024-04;264;vivienda;62483815;ARS
33;2024-04;262;transporte;19384067;ARS
33;2024-04;260;salud;12274311;ARS
33;2024-04;258;educacion;16671871;ARS
33;2024-04;261;servicios;17223249;ARS
33;2024-04;259;recreacion;6786894;ARS
33;2024-04;263;vestimenta;6487758;ARS
33;2024-05;257;alimentos;61682654;ARS
33;2024-05;264;vivienda;64720746;ARS
33;2024-05;262;transporte;14915435;ARS
33;2024-05;260;salud;10724191;ARS
33;2024-05;258;educacion;15517017;ARS
33;2024-05;261;servicios;20816964;ARS
33;2024-05;259;recreacion;5991669;ARS
33;2024-05;263;vestimenta;7621892;ARS
33;2024-06;257;alimentos;87985887;ARS
33;2024-06;264;vivienda;66545608;ARS
33;2024-06;262;transporte;22645256;ARS
33;2024-06;260;salud;13971546;ARS
33;2024-06;258;educacion;15234290;ARS
33;2024-06;261;servicios;21386540;ARS
33;2024-06;259;recreacion;8760568;ARS
33;2024-06;263;vestimenta;8512677;ARS
33;2024-07;257;alimentos;96440042;ARS
33;2024-07;264;vivienda;69465620;ARS
33;2024-07;262;transporte;19295951;ARS
33;2024-07;260;salud;12559171;ARS
33;2024-07;258;educacion;17791393;ARS
33;2024-07;261;servicios;20349354;ARS
33;2024-07;259;recreacion;9018047;ARS
33;2024-07;263;vestimenta;5485330;ARS
33;2024-08;257;alimentos;84737900;ARS
33;2024-08;264;vivienda;69249536;ARS
33;2024-08;262;transporte;20495885;ARS
33;2024-08;260;salud;14591520;ARS
33;2024-08;258;educacion;18585535;ARS
33;2024-08;261;servicios;19511233;ARS
33;2024-08;259;recreacion;11219147;ARS
33;2024-08;263;vestimenta;7205085;ARS
33;2024-09;257;alimentos;76250204;ARS
33;2024-09;264;vivienda;80394301;ARS
33;2024-09;262;transporte;22410085;ARS
33;2024-09;260;salud;16093427;ARS
33;2024-09;258;educacion;19350149;ARS
33;2024-09;261;servicios;21029641;ARS
33;2024-09;259;recreacion;9614623;ARS
33;2024-09;263;vestimenta;4577839;ARS
33;2024-10;257;alimentos;92626748;ARS
33;2024-10;264;vivienda;86314162;ARS
33;2024-10;262;transporte;23095143;ARS
33;2024-10;260;salud;15226418;ARS
33;2024-10;258;educacion;21120189;ARS
33;2024-10;261;servicios;22234622;ARS
33;2024-10;259;recreacion;9128338;ARS
33;2024-10;263;vestimenta;6563422;ARS
33;2024-11;257;alimentos;96803786;ARS
33;2024-11;264;vivienda;78608414;ARS
33;2024-11;262;transporte;25427021;ARS
33;2024-11;260;salud;18609183;ARS
33;2024-11;258;educacion;23298180;ARS
33;2024-11;261;servicios;25092116;ARS
33;2024-11;259;recreacion;10576149;ARS
33;2024-11;263;vestimenta;7325678;ARS
33;2024-12;257;alimentos;111470213;ARS
33;2024-12;264;vivienda;85532707;ARS
33;2024-12;262;transporte;25070352;ARS
33;2024-12;260;salud;16553986;ARS
33;2024-12;258;educacion;19920120;ARS
33;2024-12;261;servicios;25618329;ARS
33;2024-12;259;recreacion;12322706;ARS
33;2024-12;263;vestimenta;6656023;ARS
33;2025-01;257;alimentos;113619649;ARS
33;2025-01;264;vivienda;91805807;ARS
33;2025-01;262;transporte;23487044;ARS
33;2025-01;260;salud;18322696;ARS
33;2025-01;258;educacion;28615578;ARS
33;2025-01;261;servicios;23891619;ARS
33;2025-01;259;recreacion;12387898;ARS
33;2025-01;263;vestimenta;7589002;ARS
33;2025-02;257;alimentos;127022666;ARS
33;2025-02;264;vivienda;94547216;ARS
33;2025-02;262;transporte;25113523;ARS
33;2025-02;260;salud;18038508;ARS
33;2025-02;258;educacion;28819768;ARS
33;2025-02;261;servicios;25462873;ARS
33;2025-02;259;recreacion;14511281;ARS
33;2025-02;263;vestimenta;7653691;ARS
33;2025-03;257;alimentos;87734478;ARS
33;2025-03;264;vivienda;96668211;ARS
33;2025-03;262;transporte;25999691;ARS
33;2025-03;260;salud;18559541;ARS
33;2025-03;258;educacion;30898807;ARS
33;2025-03;261;servicios;28726435;ARS
33;2025-03;259;recreacion;12498498;ARS
33;2025-03;263;vestimenta;9492834;ARS
33;2025-04;257;alimentos;152649579;ARS
33;2025-04;264;vivienda;105023562;ARS
33;2025-04;262;transporte;29908328;ARS
33;2025-04;260;salud;23430156;ARS
33;2025-04;258;educacion;27597426;ARS
33;2025-04;261;servicios;32929126;ARS
33;2025-04;259;recreacion;14206602;ARS
33;2025-04;263;vestimenta;9046586;ARS
33;2025-05;257;alimentos;150014624;ARS
33;2025-05;264;vivienda;107412637;ARS
33;2025-05;262;transporte;35221358;ARS
33;2025-05;260;salud;21897166;ARS
33;2025-05;258;educacion;27729267;ARS
33;2025-05;261;servicios;29085160;ARS
33;2025-05;259;recreacion;15197103;ARS
33;2025-05;263;vestimenta;11432058;ARS
33;2025-06;257;alimentos;139687347;ARS
33;2025-06;264;vivienda;109961003;ARS
33;2025-06;262;transporte;32052256;ARS
33;2025-06;260;salud;25170323;ARS
33;2025-06;258;educacion;25264656;ARS
33;2025-06;261;servicios;35281866;ARS
33;2025-06;259;recreacion;15031260;ARS
33;2025-06;263;vestimenta;7707631;ARS
33;2025-07;257;alimentos;131574008;ARS
33;2025-07;264;vivienda;123984567;ARS
33;2025-07;262;transporte;31865890;ARS
33;2025-07;260;salud;22477922;ARS
33;2025-07;258;educacion;29106640;ARS
33;2025-07;261;servicios;33659010;ARS
33;2025-07;259;recreacion;13690495;ARS
33;2025-07;263;vestimenta;11074202;ARS
33;2025-08;257;alimentos;141859719;ARS
33;2025-08;264;vivienda;125783651;ARS
33;2025-08;262;transporte;34483533;ARS
33;2025-08;260;salud;20699035;ARS
33;2025-08;258;educacion;30028946;ARS
33;2025-08;261;servicios;38018685;ARS
33;2025-08;259;recreacion;13998665;ARS
33;2025-08;263;vestimenta;13732594;ARS
33;2025-09;257;alimentos;156971485;ARS
33;2025-09;264;vivienda;125353049;ARS
33;2025-09;262;transporte;40045560;ARS
33;2025-09;260;salud;26033303;ARS
33;2025-09;258;educacion;36569329;ARS
33;2025-09;261;servicios;43736450;ARS
33;2025-09;259;recreacion;13980685;ARS
33;2025-09;263;vestimenta;17519997;ARS
33;2025-10;257;alimentos;135644845;ARS
33;2025-10;264;vivienda;137066291;ARS
33;2025-10;262;transporte;31499337;ARS
33;2025-10;260;salud;26494830;ARS
33;2025-10;258;educacion;35101322;ARS
33;2025-10;261;servicios;37874082;ARS
33;2025-10;259;recreacion;13732042;ARS
33;2025-10;263;vestimenta;10734909;ARS
33;2025-11;257;alimentos;174236448;ARS
33;2025-11;264;vivienda;145749068;ARS
33;2025-11;262;transporte;43502753;ARS
33;2025-11;260;salud;28365705;ARS
33;2025-11;258;educacion;36534183;ARS
33;2025-11;261;servicios;40905948;ARS
33;2025-11;259;recreacion;15276313;ARS
33;2025-11;263;vestimenta;12476679;ARS
33;2025-12;257;alimentos;191745310;ARS
33;2025-12;264;vivienda;152690338;ARS
33;2025-12;262;transporte;42980087;ARS
33;2025-12;260;salud;29729637;ARS
33;2025-12;258;educacion;38467272;ARS
33;2025-12;261;servicios;38604463;ARS
33;2025-12;259;recreacion;21006407;ARS
33;2025-12;263;vestimenta;11325906;ARS
34;2023-01;265;alimentos;40345674;ARS
34;2023-01;272;vivienda;25313306;ARS
34;2023-01;270;transporte;15752488;ARS
34;2023-01;268;salud;9361526;ARS
34;2023-01;266;educacion;6540278;ARS
34;2023-01;269;servicios;14255310;ARS
34;2023-01;267;recreacion;7712781;ARS
34;2023-01;271;vestimenta;2813750;ARS
34;2023-02;265;alimentos;39953277;ARS
34;2023-02;272;vivienda;25702964;ARS
34;2023-02;270;transporte;19209444;ARS
34;2023-02;268;salud;8831195;ARS
34;2023-02;266;educacion;7960620;ARS
34;2023-02;269;servicios;13942506;ARS
34;2023-02;267;recreacion;6328801;ARS
34;2023-02;271;vestimenta;3688438;ARS
34;2023-03;265;alimentos;41066669;ARS
34;2023-03;272;vivienda;28040941;ARS
34;2023-03;270;transporte;16998363;ARS
34;2023-03;268;salud;7543263;ARS
34;2023-03;266;educacion;8299201;ARS
34;2023-03;269;servicios;14237299;ARS
34;2023-03;267;recreacion;5566321;ARS
34;2023-03;271;vestimenta;3785294;ARS
34;2023-04;265;alimentos;45619019;ARS
34;2023-04;272;vivienda;29895015;ARS
34;2023-04;270;transporte;17439543;ARS
34;2023-04;268;salud;10332607;ARS
34;2023-04;266;educacion;7523743;ARS
34;2023-04;269;servicios;15751345;ARS
34;2023-04;267;recreacion;7419775;ARS
34;2023-04;271;vestimenta;3322201;ARS
34;2023-05;265;alimentos;48034440;ARS
34;2023-05;272;vivienda;30179990;ARS
34;2023-05;270;transporte;22879627;ARS
34;2023-05;268;salud;10472384;ARS
34;2023-05;266;educacion;7806440;ARS
34;2023-05;269;servicios;18208974;ARS
34;2023-05;267;recreacion;8946544;ARS
34;2023-05;271;vestimenta;4110469;ARS
34;2023-06;265;alimentos;39754861;ARS
34;2023-06;272;vivienda;30639143;ARS
34;2023-06;270;transporte;23827477;ARS
34;2023-06;268;salud;11139650;ARS
34;2023-06;266;educacion;8650032;ARS
34;2023-06;269;servicios;17987432;ARS
34;2023-06;267;recreacion;9039711;ARS
34;2023-06;271;vestimenta;4684656;ARS
34;2023-07;265;alimentos;53010689;ARS
34;2023-07;272;vivienda;33740356;ARS
34;2023-07;270;transporte;23907095;ARS
34;2023-07;268;salud;12133364;ARS
34;2023-07;266;educacion;9347596;ARS
34;2023-07;269;servicios;14183140;ARS
34;2023-07;267;recreacion;7814688;ARS
34;2023-07;271;vestimenta;5468171;ARS
34;2023-08;265;alimentos;58152290;ARS
34;2023-08;272;vivienda;35853914;ARS
34;2023-08;270;transporte;20010042;ARS
34;2023-08;268;salud;10920701;ARS
34;2023-08;266;educacion;9182967;ARS
34;2023-08;269;servicios;18167575;ARS
34;2023-08;267;recreacion;9191505;ARS
34;2023-08;271;vestimenta;5656640;ARS
34;2023-09;265;alimentos;59425032;ARS
34;2023-09;272;vivienda;37942138;ARS
34;2023-09;270;transporte;22608732;ARS
34;2023-09;268;salud;12794138;ARS
34;2023-09;266;educacion;9551324;ARS
34;2023-09;269;servicios;17817162;ARS
34;2023-09;267;recreacion;9566401;ARS
34;2023-09;271;vestimenta;6000277;ARS
34;2023-10;265;alimentos;68117518;ARS
34;2023-10;272;vivienda;39873501;ARS
34;2023-10;270;transporte;25074348;ARS
34;2023-10;268;salud;13066060;ARS
34;2023-10;266;educacion;9986440;ARS
34;2023-10;269;servicios;20052957;ARS
34;2023-10;267;recreacion;10059887;ARS
34;2023-10;271;vestimenta;5908642;ARS
34;2023-11;265;alimentos;60885160;ARS
34;2023-11;272;vivienda;38913827;ARS
34;2023-11;270;transporte;26205493;ARS
34;2023-11;268;salud;15223999;ARS
34;2023-11;266;educacion;11324997;ARS
34;2023-11;269;servicios;18022451;ARS
34;2023-11;267;recreacion;8145421;ARS
34;2023-11;271;vestimenta;4568617;ARS
34;2023-12;265;alimentos;60172930;ARS
34;2023-12;272;vivienda;41181030;ARS
34;2023-12;270;transporte;26546749;ARS
34;2023-12;268;salud;13651720;ARS
34;2023-12;266;educacion;10740515;ARS
34;2023-12;269;servicios;23530989;ARS
34;2023-12;267;recreacion;9640749;ARS
34;2023-12;271;vestimenta;5884640;ARS
34;2024-01;265;alimentos;80367567;ARS
34;2024-01;272;vivienda;43051613;ARS
34;2024-01;270;transporte;30673006;ARS
34;2024-01;268;salud;15939322;ARS
34;2024-01;266;educacion;11344140;ARS
34;2024-01;269;servicios;24415979;ARS
34;2024-01;267;recreacion;13162751;ARS
34;2024-01;271;vestimenta;5154761;ARS
34;2024-02;265;alimentos;72122783;ARS
34;2024-02;272;vivienda;43357364;ARS
34;2024-02;270;transporte;26001636;ARS
34;2024-02;268;salud;17659492;ARS
34;2024-02;266;educacion;12997840;ARS
34;2024-02;269;servicios;20541503;ARS
34;2024-02;267;recreacion;11656672;ARS
34;2024-02;271;vestimenta;6898394;ARS
34;2024-03;265;alimentos;79166349;ARS
34;2024-03;272;vivienda;47735744;ARS
34;2024-03;270;transporte;31603607;ARS
34;2024-03;268;salud;17994777;ARS
34;2024-03;266;educacion;14270777;ARS
34;2024-03;269;servicios;21487153;ARS
34;2024-03;267;recreacion;15175277;ARS
34;2024-03;271;vestimenta;6192632;ARS
34;2024-04;265;alimentos;75579982;ARS
34;2024-04;272;vivienda;50649796;ARS
34;2024-04;270;transporte;31231479;ARS
34;2024-04;268;salud;17834230;ARS
34;2024-04;266;educacion;14517202;ARS
34;2024-04;269;servicios;23768982;ARS
34;2024-04;267;recreacion;9882729;ARS
34;2024-04;271;vestimenta;6095837;ARS
34;2024-05;265;alimentos;90344274;ARS
34;2024-05;272;vivienda;52117288;ARS
34;2024-05;270;transporte;35618667;ARS
34;2024-05;268;salud;15222858;ARS
34;2024-05;266;educacion;12712819;ARS
34;2024-05;269;servicios;30654960;ARS
34;2024-05;267;recreacion;14129187;ARS
34;2024-05;271;vestimenta;8074464;ARS
34;2024-06;265;alimentos;86177339;ARS
34;2024-06;272;vivienda;50677127;ARS
34;2024-06;270;transporte;43070999;ARS
34;2024-06;268;salud;16355351;ARS
34;2024-06;266;educacion;14584714;ARS
34;2024-06;269;servicios;28291208;ARS
34;2024-06;267;recreacion;16422494;ARS
34;2024-06;271;vestimenta;7526132;ARS
34;2024-07;265;alimentos;105876223;ARS
34;2024-07;272;vivienda;54457775;ARS
34;2024-07;270;transporte;39598109;ARS
34;2024-07;268;salud;17771535;ARS
34;2024-07;266;educacion;14026931;ARS
34;2024-07;269;servicios;25701155;ARS
34;2024-07;267;recreacion;17017746;ARS
34;2024-07;271;vestimenta;7830256;ARS
34;2024-08;265;alimentos;81415551;ARS
34;2024-08;272;vivienda;58226975;ARS
34;2024-08;270;transporte;33894925;ARS
34;2024-08;268;salud;21911674;ARS
34;2024-08;266;educacion;14174940;ARS
34;2024-08;269;servicios;32785744;ARS
34;2024-08;267;recreacion;14793007;ARS
34;2024-08;271;vestimenta;7405134;ARS
34;2024-09;265;alimentos;96183903;ARS
34;2024-09;272;vivienda;61266187;ARS
34;2024-09;270;transporte;41479204;ARS
34;2024-09;268;salud;21803433;ARS
34;2024-09;266;educacion;17939269;ARS
34;2024-09;269;servicios;33581812;ARS
34;2024-09;267;recreacion;15238022;ARS
34;2024-09;271;vestimenta;11484454;ARS
34;2024-10;265;alimentos;114214440;ARS
34;2024-10;272;vivienda;65199937;ARS
34;2024-10;270;transporte;44459858;ARS
34;2024-10;268;salud;18146838;ARS
34;2024-10;266;educacion;17634946;ARS
34;2024-10;269;servicios;36566475;ARS
34;2024-10;267;recreacion;16465563;ARS
34;2024-10;271;vestimenta;8236342;ARS
34;2024-11;265;alimentos;101128459;ARS
34;2024-11;272;vivienda;65333398;ARS
34;2024-11;270;transporte;46314282;ARS
34;2024-11;268;salud;22212421;ARS
34;2024-11;266;educacion;19343757;ARS
34;2024-11;269;servicios;34102432;ARS
34;2024-11;267;recreacion;15516506;ARS
34;2024-11;271;vestimenta;10513257;ARS
34;2024-12;265;alimentos;99247992;ARS
34;2024-12;272;vivienda;73061760;ARS
34;2024-12;270;transporte;41684724;ARS
34;2024-12;268;salud;23401364;ARS
34;2024-12;266;educacion;19003599;ARS
34;2024-12;269;servicios;31510569;ARS
34;2024-12;267;recreacion;19289239;ARS
34;2024-12;271;vestimenta;8034699;ARS
34;2025-01;265;alimentos;125440288;ARS
34;2025-01;272;vivienda;74956884;ARS
34;2025-01;270;transporte;51639604;ARS
34;2025-01;268;salud;23555495;ARS
34;2025-01;266;educacion;18933630;ARS
34;2025-01;269;servicios;36478073;ARS
34;2025-01;267;recreacion;17609612;ARS
34;2025-01;271;vestimenta;10588530;ARS
34;2025-02;265;alimentos;124485703;ARS
34;2025-02;272;vivienda;77471489;ARS
34;2025-02;270;transporte;51482307;ARS
34;2025-02;268;salud;25083366;ARS
34;2025-02;266;educacion;21977429;ARS
34;2025-02;269;servicios;38960495;ARS
34;2025-02;267;recreacion;22039409;ARS
34;2025-02;271;vestimenta;9607329;ARS
34;2025-03;265;alimentos;142645471;ARS
34;2025-03;272;vivienda;83544497;ARS
34;2025-03;270;transporte;62559932;ARS
34;2025-03;268;salud;25606320;ARS
34;2025-03;266;educacion;21097829;ARS
34;2025-03;269;servicios;37520242;ARS
34;2025-03;267;recreacion;21383350;ARS
34;2025-03;271;vestimenta;13050466;ARS
34;2025-04;265;alimentos;144019827;ARS
34;2025-04;272;vivienda;85841275;ARS
34;2025-04;270;transporte;64874085;ARS
34;2025-04;268;salud;28889398;ARS
34;2025-04;266;educacion;21921704;ARS
34;2025-04;269;servicios;40191642;ARS
34;2025-04;267;recreacion;24650672;ARS
34;2025-04;271;vestimenta;10579402;ARS
34;2025-05;265;alimentos;141898239;ARS
34;2025-05;272;vivienda;88636845;ARS
34;2025-05;270;transporte;58106542;ARS
34;2025-05;268;salud;32078550;ARS
34;2025-05;266;educacion;24304035;ARS
34;2025-05;269;servicios;48520618;ARS
34;2025-05;267;recreacion;19717984;ARS
34;2025-05;271;vestimenta;14180499;ARS
34;2025-06;265;alimentos;157956401;ARS
34;2025-06;272;vivienda;92261123;ARS
34;2025-06;270;transporte;59722204;ARS
34;2025-06;268;salud;30400717;ARS
34;2025-06;266;educacion;30095884;ARS
34;2025-06;269;servicios;44288099;ARS
34;2025-06;267;recreacion;24557481;ARS
34;2025-06;271;vestimenta;12226448;ARS
34;2025-07;265;alimentos;163065941;ARS
34;2025-07;272;vivienda;91210002;ARS
34;2025-07;270;transporte;63400235;ARS
34;2025-07;268;salud;28997024;ARS
34;2025-07;266;educacion;21889111;ARS
34;2025-07;269;servicios;47210776;ARS
34;2025-07;267;recreacion;27127449;ARS
34;2025-07;271;vestimenta;15081330;ARS
34;2025-08;265;alimentos;161994652;ARS
34;2025-08;272;vivienda;98801644;ARS
34;2025-08;270;transporte;64183019;ARS
34;2025-08;268;salud;37109039;ARS
34;2025-08;266;educacion;29234837;ARS
34;2025-08;269;servicios;52968060;ARS
34;2025-08;267;recreacion;26946741;ARS
34;2025-08;271;vestimenta;11115026;ARS
34;2025-09;265;alimentos;155619456;ARS
34;2025-09;272;vivienda;105712834;ARS
34;2025-09;270;transporte;65132201;ARS
34;2025-09;268;salud;36548984;ARS
34;2025-09;266;educacion;25361164;ARS
34;2025-09;269;servicios;56757407;ARS
34;2025-09;267;recreacion;24479599;ARS
34;2025-09;271;vestimenta;18686458;ARS
34;2025-10;265;alimentos;189248796;ARS
34;2025-10;272;vivienda;110954622;ARS
34;2025-10;270;transporte;75501362;ARS
34;2025-10;268;salud;39433099;ARS
34;2025-10;266;educacion;26736805;ARS
34;2025-10;269;servicios;52330612;ARS
34;2025-10;267;recreacion;23977010;ARS
34;2025-10;271;vestimenta;11592895;ARS
34;2025-11;265;alimentos;167061255;ARS
34;2025-11;272;vivienda;107017098;ARS
34;2025-11;270;transporte;70251018;ARS
34;2025-11;268;salud;43288564;ARS
34;2025-11;266;educacion;29102005;ARS
34;2025-11;269;servicios;59155427;ARS
34;2025-11;267;recreacion;35879246;ARS
34;2025-11;271;vestimenta;15670984;ARS
34;2025-12;265;alimentos;191377532;ARS
34;2025-12;272;vivienda;112345632;ARS
34;2025-12;270;transporte;77441037;ARS
34;2025-12;268;salud;38327972;ARS
34;2025-12;266;educacion;31465043;ARS
34;2025-12;269;servicios;54172287;ARS
34;2025-12;267;recreacion;31617232;ARS
34;2025-12;271;vestimenta;15205740;ARS
35;2023-01;273;alimentos;17947767;ARS
35;2023-01;280;vivienda;29360789;ARS
35;2023-01;278;transporte;6696206;ARS
35;2023-01;276;salud;6556880;ARS
35;2023-01;274;educacion;4883424;ARS
35;2023-01;277;servicios;9761601;ARS
35;2023-01;275;recreacion;6247537;ARS
35;2023-01;279;vestimenta;2399591;ARS
35;2023-02;273;alimentos;19532909;ARS
35;2023-02;280;vivienda;29452344;ARS
35;2023-02;278;transporte;6872838;ARS
35;2023-02;276;salud;7324822;ARS
35;2023-02;274;educacion;6335832;ARS
35;2023-02;277;servicios;9795575;ARS
35;2023-02;275;recreacion;5918591;ARS
35;2023-02;279;vestimenta;2739868;ARS
35;2023-03;273;alimentos;19739354;ARS
35;2023-03;280;vivienda;31460894;ARS
35;2023-03;278;transporte;6333884;ARS
35;2023-03;276;salud;7603681;ARS
35;2023-03;274;educacion;5509645;ARS
35;2023-03;277;servicios;9000222;ARS
35;2023-03;275;recreacion;5020239;ARS
35;2023-03;279;vestimenta;2656346;ARS
35;2023-04;273;alimentos;23467805;ARS
35;2023-04;280;vivienda;33588343;ARS
35;2023-04;278;transporte;7707035;ARS
35;2023-04;276;salud;6805676;ARS
35;2023-04;274;educacion;6012526;ARS
35;2023-04;277;servicios;11464946;ARS
35;2023-04;275;recreacion;5361331;ARS
35;2023-04;279;vestimenta;2919833;ARS
35;2023-05;273;alimentos;25540206;ARS
35;2023-05;280;vivienda;32050891;ARS
35;2023-05;278;transporte;8894853;ARS
35;2023-05;276;salud;8473606;ARS
35;2023-05;274;educacion;5862011;ARS
35;2023-05;277;servicios;9094016;ARS
35;2023-05;275;recreacion;5042621;ARS
35;2023-05;279;vestimenta;2651497;ARS
35;2023-06;273;alimentos;24542303;ARS
35;2023-06;280;vivienda;34436333;ARS
35;2023-06;278;transporte;7920507;ARS
35;2023-06;276;salud;8899800;ARS
35;2023-06;274;educacion;6224457;ARS
35;2023-06;277;servicios;9584617;ARS
35;2023-06;275;recreacion;5983342;ARS
35;2023-06;279;vestimenta;2379699;ARS
35;2023-07;273;alimentos;23092622;ARS
35;2023-07;280;vivienda;36742393;ARS
35;2023-07;278;transporte;9212466;ARS
35;2023-07;276;salud;9428145;ARS
35;2023-07;274;educacion;7198753;ARS
35;2023-07;277;servicios;12012260;ARS
35;2023-07;275;recreacion;5066368;ARS
35;2023-07;279;vestimenta;3545015;ARS
35;2023-08;273;alimentos;28172133;ARS
35;2023-08;280;vivienda;36787415;ARS
35;2023-08;278;transporte;7819803;ARS
35;2023-08;276;salud;9427899;ARS
35;2023-08;274;educacion;7040680;ARS
35;2023-08;277;servicios;11353405;ARS
35;2023-08;275;recreacion;7019878;ARS
35;2023-08;279;vestimenta;1785370;ARS
35;2023-09;273;alimentos;21256764;ARS
35;2023-09;280;vivienda;42679982;ARS
35;2023-09;278;transporte;9875255;ARS
35;2023-09;276;salud;10792726;ARS
35;2023-09;274;educacion;7225190;ARS
35;2023-09;277;servicios;11380688;ARS
35;2023-09;275;recreacion;6843673;ARS
35;2023-09;279;vestimenta;2827190;ARS
35;2023-10;273;alimentos;26568506;ARS
35;2023-10;280;vivienda;40894428;ARS
35;2023-10;278;transporte;8220587;ARS
35;2023-10;276;salud;10377294;ARS
35;2023-10;274;educacion;8169792;ARS
35;2023-10;277;servicios;13961990;ARS
35;2023-10;275;recreacion;7778710;ARS
35;2023-10;279;vestimenta;3449788;ARS
35;2023-11;273;alimentos;27498947;ARS
35;2023-11;280;vivienda;44729138;ARS
35;2023-11;278;transporte;12059981;ARS
35;2023-11;276;salud;9399609;ARS
35;2023-11;274;educacion;8215842;ARS
35;2023-11;277;servicios;10779998;ARS
35;2023-11;275;recreacion;7286793;ARS
35;2023-11;279;vestimenta;3507716;ARS
35;2023-12;273;alimentos;35307411;ARS
35;2023-12;280;vivienda;47484338;ARS
35;2023-12;278;transporte;9062207;ARS
35;2023-12;276;salud;11911527;ARS
35;2023-12;274;educacion;7034527;ARS
35;2023-12;277;servicios;13673922;ARS
35;2023-12;275;recreacion;9369534;ARS
35;2023-12;279;vestimenta;3426364;ARS
35;2024-01;273;alimentos;35534359;ARS
35;2024-01;280;vivienda;49288782;ARS
35;2024-01;278;transporte;11083030;ARS
35;2024-01;276;salud;11036191;ARS
35;2024-01;274;educacion;8658342;ARS
35;2024-01;277;servicios;14408230;ARS
35;2024-01;275;recreacion;9331055;ARS
35;2024-01;279;vestimenta;4421336;ARS
35;2024-02;273;alimentos;38744698;ARS
35;2024-02;280;vivienda;52657110;ARS
35;2024-02;278;transporte;11286350;ARS
35;2024-02;276;salud;11162744;ARS
35;2024-02;274;educacion;10734596;ARS
35;2024-02;277;servicios;14021961;ARS
35;2024-02;275;recreacion;8313810;ARS
35;2024-02;279;vestimenta;3768723;ARS
35;2024-03;273;alimentos;30970387;ARS
35;2024-03;280;vivienda;54965416;ARS
35;2024-03;278;transporte;13870801;ARS
35;2024-03;276;salud;12444959;ARS
35;2024-03;274;educacion;9940513;ARS
35;2024-03;277;servicios;15302586;ARS
35;2024-03;275;recreacion;9055450;ARS
35;2024-03;279;vestimenta;5898124;ARS
35;2024-04;273;alimentos;35930205;ARS
35;2024-04;280;vivienda;55693209;ARS
35;2024-04;278;transporte;12693499;ARS
35;2024-04;276;salud;14783903;ARS
35;2024-04;274;educacion;9020978;ARS
35;2024-04;277;servicios;17551256;ARS
35;2024-04;275;recreacion;9899632;ARS
35;2024-04;279;vestimenta;4584942;ARS
35;2024-05;273;alimentos;43073855;ARS
35;2024-05;280;vivienda;54676212;ARS
35;2024-05;278;transporte;12298044;ARS
35;2024-05;276;salud;14682804;ARS
35;2024-05;274;educacion;10474680;ARS
35;2024-05;277;servicios;17405334;ARS
35;2024-05;275;recreacion;11734142;ARS
35;2024-05;279;vestimenta;5271488;ARS
35;2024-06;273;alimentos;43583256;ARS
35;2024-06;280;vivienda;60311724;ARS
35;2024-06;278;transporte;15325708;ARS
35;2024-06;276;salud;12396397;ARS
35;2024-06;274;educacion;11530913;ARS
35;2024-06;277;servicios;16629076;ARS
35;2024-06;275;recreacion;10828078;ARS
35;2024-06;279;vestimenta;4321483;ARS
35;2024-07;273;alimentos;44862438;ARS
35;2024-07;280;vivienda;61319598;ARS
35;2024-07;278;transporte;15573876;ARS
35;2024-07;276;salud;16626227;ARS
35;2024-07;274;educacion;11393584;ARS
35;2024-07;277;servicios;16930037;ARS
35;2024-07;275;recreacion;12840364;ARS
35;2024-07;279;vestimenta;3738415;ARS
35;2024-08;273;alimentos;39607938;ARS
35;2024-08;280;vivienda;64824454;ARS
35;2024-08;278;transporte;14129718;ARS
35;2024-08;276;salud;13286802;ARS
35;2024-08;274;educacion;11948716;ARS
35;2024-08;277;servicios;18384558;ARS
35;2024-08;275;recreacion;11529371;ARS
35;2024-08;279;vestimenta;4075916;ARS
35;2024-09;273;alimentos;36908525;ARS
35;2024-09;280;vivienda;66592967;ARS
35;2024-09;278;transporte;15349087;ARS
35;2024-09;276;salud;16313232;ARS
35;2024-09;274;educacion;12282271;ARS
35;2024-09;277;servicios;19157962;ARS
35;2024-09;275;recreacion;11966603;ARS
35;2024-09;279;vestimenta;4254776;ARS
35;2024-10;273;alimentos;53000890;ARS
35;2024-10;280;vivienda;71950614;ARS
35;2024-10;278;transporte;15489184;ARS
35;2024-10;276;salud;17836352;ARS
35;2024-10;274;educacion;11169569;ARS
35;2024-10;277;servicios;22375351;ARS
35;2024-10;275;recreacion;15386688;ARS
35;2024-10;279;vestimenta;5881822;ARS
35;2024-11;273;alimentos;56765522;ARS
35;2024-11;280;vivienda;75962854;ARS
35;2024-11;278;transporte;18122953;ARS
35;2024-11;276;salud;18707754;ARS
35;2024-11;274;educacion;12634568;ARS
35;2024-11;277;servicios;17814836;ARS
35;2024-11;275;recreacion;12986223;ARS
35;2024-11;279;vestimenta;7272509;ARS
35;2024-12;273;alimentos;45424279;ARS
35;2024-12;280;vivienda;80156020;ARS
35;2024-12;278;transporte;19382199;ARS
35;2024-12;276;salud;16283569;ARS
35;2024-12;274;educacion;13809786;ARS
35;2024-12;277;servicios;23791301;ARS
35;2024-12;275;recreacion;16375350;ARS
35;2024-12;279;vestimenta;6877051;ARS
35;2025-01;273;alimentos;47491984;ARS
35;2025-01;280;vivienda;84946957;ARS
35;2025-01;278;transporte;22225900;ARS
35;2025-01;276;salud;19493150;ARS
35;2025-01;274;educacion;12893571;ARS
35;2025-01;277;servicios;24157581;ARS
35;2025-01;275;recreacion;14131389;ARS
35;2025-01;279;vestimenta;5709684;ARS
35;2025-02;273;alimentos;52119385;ARS
35;2025-02;280;vivienda;89118644;ARS
35;2025-02;278;transporte;21355254;ARS
35;2025-02;276;salud;21932309;ARS
35;2025-02;274;educacion;17390575;ARS
35;2025-02;277;servicios;26589010;ARS
35;2025-02;275;recreacion;15838382;ARS
35;2025-02;279;vestimenta;7253421;ARS
35;2025-03;273;alimentos;70751189;ARS
35;2025-03;280;vivienda;92756251;ARS
35;2025-03;278;transporte;20100423;ARS
35;2025-03;276;salud;24025450;ARS
35;2025-03;274;educacion;18151587;ARS
35;2025-03;277;servicios;22354457;ARS
35;2025-03;275;recreacion;13904190;ARS
35;2025-03;279;vestimenta;5760570;ARS
35;2025-04;273;alimentos;83919281;ARS
35;2025-04;280;vivienda;93814541;ARS
35;2025-04;278;transporte;20469922;ARS
35;2025-04;276;salud;21454609;ARS
35;2025-04;274;educacion;18083209;ARS
35;2025-04;277;servicios;27929884;ARS
35;2025-04;275;recreacion;17052426;ARS
35;2025-04;279;vestimenta;8094456;ARS
35;2025-05;273;alimentos;65524618;ARS
35;2025-05;280;vivienda;96362764;ARS
35;2025-05;278;transporte;22906166;ARS
35;2025-05;276;salud;24119563;ARS
35;2025-05;274;educacion;18621242;ARS
35;2025-05;277;servicios;32247707;ARS
35;2025-05;275;recreacion;18010889;ARS
35;2025-05;279;vestimenta;9046658;ARS
35;2025-06;273;alimentos;64166802;ARS
35;2025-06;280;vivienda;97586181;ARS
35;2025-06;278;transporte;19905380;ARS
35;2025-06;276;salud;21771368;ARS
35;2025-06;274;educacion;18950522;ARS
35;2025-06;277;servicios;31566962;ARS
35;2025-06;275;recreacion;16715448;ARS
35;2025-06;279;vestimenta;8471879;ARS
35;2025-07;273;alimentos;59955684;ARS
35;2025-07;280;vivienda;105179074;ARS
35;2025-07;278;transporte;24810761;ARS
35;2025-07;276;salud;24494923;ARS
35;2025-07;274;educacion;19574174;ARS
35;2025-07;277;servicios;30214600;ARS
35;2025-07;275;recreacion;18136356;ARS
35;2025-07;279;vestimenta;7736304;ARS
35;2025-08;273;alimentos;67750515;ARS
35;2025-08;280;vivienda;113011890;ARS
35;2025-08;278;transporte;26379253;ARS
35;2025-08;276;salud;30447975;ARS
35;2025-08;274;educacion;16215356;ARS
35;2025-08;277;servicios;39025380;ARS
35;2025-08;275;recreacion;17974795;ARS
35;2025-08;279;vestimenta;8025628;ARS
35;2025-09;273;alimentos;79450829;ARS
35;2025-09;280;vivienda;107034842;ARS
35;2025-09;278;transporte;27890888;ARS
35;2025-09;276;salud;23487582;ARS
35;2025-09;274;educacion;19445844;ARS
35;2025-09;277;servicios;40339352;ARS
35;2025-09;275;recreacion;24825524;ARS
35;2025-09;279;vestimenta;7421462;ARS
35;2025-10;273;alimentos;67909421;ARS
35;2025-10;280;vivienda;121686262;ARS
35;2025-10;278;transporte;30544113;ARS
35;2025-10;276;salud;27496746;ARS
35;2025-10;274;educacion;20560725;ARS
35;2025-10;277;servicios;34103760;ARS
35;2025-10;275;recreacion;19436531;ARS
35;2025-10;279;vestimenta;10946840;ARS
35;2025-11;273;alimentos;93956904;ARS
35;2025-11;280;vivienda;130186463;ARS
35;2025-11;278;transporte;29198906;ARS
35;2025-11;276;salud;30460210;ARS
35;2025-11;274;educacion;22565760;ARS
35;2025-11;277;servicios;37839172;ARS
35;2025-11;275;recreacion;24473433;ARS
35;2025-11;279;vestimenta;7160260;ARS
35;2025-12;273;alimentos;65752158;ARS
35;2025-12;280;vivienda;128714872;ARS
35;2025-12;278;transporte;25430309;ARS
35;2025-12;276;salud;34575741;ARS
35;2025-12;274;educacion;22865172;ARS
35;2025-12;277;servicios;41297764;ARS
35;2025-12;275;recreacion;28460541;ARS
35;2025-12;279;vestimenta;10984214;ARS
36;2023-01;281;alimentos;25334468;ARS
36;2023-01;288;vivienda;21334545;ARS
36;2023-01;286;transporte;9539401;ARS
36;2023-01;284;salud;4755575;ARS
36;2023-01;282;educacion;4986988;ARS
36;2023-01;285;servicios;8448200;ARS
36;2023-01;283;recreacion;6894709;ARS
36;2023-01;287;vestimenta;2583567;ARS
36;2023-02;281;alimentos;25184384;ARS
36;2023-02;288;vivienda;21847070;ARS
36;2023-02;286;transporte;9078461;ARS
36;2023-02;284;salud;4092011;ARS
36;2023-02;282;educacion;5614962;ARS
36;2023-02;285;servicios;7569042;ARS
36;2023-02;283;recreacion;5327947;ARS
36;2023-02;287;vestimenta;2732462;ARS
36;2023-03;281;alimentos;24952116;ARS
36;2023-03;288;vivienda;22228529;ARS
36;2023-03;286;transporte;8880034;ARS
36;2023-03;284;salud;3858970;ARS
36;2023-03;282;educacion;6356084;ARS
36;2023-03;285;servicios;9081099;ARS
36;2023-03;283;recreacion;5297007;ARS
36;2023-03;287;vestimenta;2518681;ARS
36;2023-04;281;alimentos;30935025;ARS
36;2023-04;288;vivienda;23261541;ARS
36;2023-04;286;transporte;11044825;ARS
36;2023-04;284;salud;6244630;ARS
36;2023-04;282;educacion;5377732;ARS
36;2023-04;285;servicios;8869062;ARS
36;2023-04;283;recreacion;5806750;ARS
36;2023-04;287;vestimenta;3531858;ARS
36;2023-05;281;alimentos;29349474;ARS
36;2023-05;288;vivienda;25099559;ARS
36;2023-05;286;transporte;12388139;ARS
36;2023-05;284;salud;4864952;ARS
36;2023-05;282;educacion;6313821;ARS
36;2023-05;285;servicios;10614805;ARS
36;2023-05;283;recreacion;7369554;ARS
36;2023-05;287;vestimenta;2688770;ARS
36;2023-06;281;alimentos;31914496;ARS
36;2023-06;288;vivienda;25529078;ARS
36;2023-06;286;transporte;10316974;ARS
36;2023-06;284;salud;5485525;ARS
36;2023-06;282;educacion;5375648;ARS
36;2023-06;285;servicios;9438724;ARS
36;2023-06;283;recreacion;7088642;ARS
36;2023-06;287;vestimenta;3854402;ARS
36;2023-07;281;alimentos;37844639;ARS
36;2023-07;288;vivienda;28036971;ARS
36;2023-07;286;transporte;12481419;ARS
36;2023-07;284;salud;6663214;ARS
36;2023-07;282;educacion;7000330;ARS
36;2023-07;285;servicios;11271387;ARS
36;2023-07;283;recreacion;6423245;ARS
36;2023-07;287;vestimenta;3580779;ARS
36;2023-08;281;alimentos;35020085;ARS
36;2023-08;288;vivienda;27659623;ARS
36;2023-08;286;transporte;12308375;ARS
36;2023-08;284;salud;5683503;ARS
36;2023-08;282;educacion;7190093;ARS
36;2023-08;285;servicios;10039243;ARS
36;2023-08;283;recreacion;6190210;ARS
36;2023-08;287;vestimenta;4387326;ARS
36;2023-09;281;alimentos;38372099;ARS
36;2023-09;288;vivienda;31993772;ARS
36;2023-09;286;transporte;11673833;ARS
36;2023-09;284;salud;7080135;ARS
36;2023-09;282;educacion;6851629;ARS
36;2023-09;285;servicios;11752786;ARS
36;2023-09;283;recreacion;8727284;ARS
36;2023-09;287;vestimenta;4481748;ARS
36;2023-10;281;alimentos;35540770;ARS
36;2023-10;288;vivienda;32888266;ARS
36;2023-10;286;transporte;13049725;ARS
36;2023-10;284;salud;7136569;ARS
36;2023-10;282;educacion;7259589;ARS
36;2023-10;285;servicios;11011741;ARS
36;2023-10;283;recreacion;8124357;ARS
36;2023-10;287;vestimenta;4304706;ARS
36;2023-11;281;alimentos;40820917;ARS
36;2023-11;288;vivienda;33996719;ARS
36;2023-11;286;transporte;12625802;ARS
36;2023-11;284;salud;8497987;ARS
36;2023-11;282;educacion;6417279;ARS
36;2023-11;285;servicios;12625866;ARS
36;2023-11;283;recreacion;8157726;ARS
36;2023-11;287;vestimenta;4640663;ARS
36;2023-12;281;alimentos;46496514;ARS
36;2023-12;288;vivienda;35150225;ARS
36;2023-12;286;transporte;16533109;ARS
36;2023-12;284;salud;8192772;ARS
36;2023-12;282;educacion;8143017;ARS
36;2023-12;285;servicios;14288011;ARS
36;2023-12;283;recreacion;9463502;ARS
36;2023-12;287;vestimenta;5236943;ARS
36;2024-01;281;alimentos;38363760;ARS
36;2024-01;288;vivienda;34530144;ARS
36;2024-01;286;transporte;15076600;ARS
36;2024-01;284;salud;7655745;ARS
36;2024-01;282;educacion;7828947;ARS
36;2024-01;285;servicios;13087735;ARS
36;2024-01;283;recreacion;9221047;ARS
36;2024-01;287;vestimenta;2830808;ARS
36;2024-02;281;alimentos;34696293;ARS
36;2024-02;288;vivienda;38916734;ARS
36;2024-02;286;transporte;16735205;ARS
36;2024-02;284;salud;7293405;ARS
36;2024-02;282;educacion;10705653;ARS
36;2024-02;285;servicios;15042482;ARS
36;2024-02;283;recreacion;8290602;ARS
36;2024-02;287;vestimenta;4359416;ARS
36;2024-03;281;alimentos;51974178;ARS
36;2024-03;288;vivienda;39992574;ARS
36;2024-03;286;transporte;16408354;ARS
36;2024-03;284;salud;7786879;ARS
36;2024-03;282;educacion;10711209;ARS
36;2024-03;285;servicios;18259997;ARS
36;2024-03;283;recreacion;10646419;ARS
36;2024-03;287;vestimenta;4374289;ARS
36;2024-04;281;alimentos;43480489;ARS
36;2024-04;288;vivienda;41921272;ARS
36;2024-04;286;transporte;17911666;ARS
36;2024-04;284;salud;11645444;ARS
36;2024-04;282;educacion;7816773;ARS
36;2024-04;285;servicios;18163457;ARS
36;2024-04;283;recreacion;11947156;ARS
36;2024-04;287;vestimenta;5453506;ARS
36;2024-05;281;alimentos;58789164;ARS
36;2024-05;288;vivienda;46908542;ARS
36;2024-05;286;transporte;18847513;ARS
36;2024-05;284;salud;10247276;ARS
36;2024-05;282;educacion;9873099;ARS
36;2024-05;285;servicios;16502995;ARS
36;2024-05;283;recreacion;12032553;ARS
36;2024-05;287;vestimenta;7347251;ARS
36;2024-06;281;alimentos;57157511;ARS
36;2024-06;288;vivienda;43763274;ARS
36;2024-06;286;transporte;17084095;ARS
36;2024-06;284;salud;11097347;ARS
36;2024-06;282;educacion;9212625;ARS
36;2024-06;285;servicios;19226541;ARS
36;2024-06;283;recreacion;10119930;ARS
36;2024-06;287;vestimenta;8578797;ARS
36;2024-07;281;alimentos;54761932;ARS
36;2024-07;288;vivienda;48340924;ARS
36;2024-07;286;transporte;19595300;ARS
36;2024-07;284;salud;10325095;ARS
36;2024-07;282;educacion;10322583;ARS
36;2024-07;285;servicios;17853272;ARS
36;2024-07;283;recreacion;13383442;ARS
36;2024-07;287;vestimenta;8546605;ARS
36;2024-08;281;alimentos;52787458;ARS
36;2024-08;288;vivienda;47472687;ARS
36;2024-08;286;transporte;22099552;ARS
36;2024-08;284;salud;10443782;ARS
36;2024-08;282;educacion;12135988;ARS
36;2024-08;285;servicios;17885786;ARS
36;2024-08;283;recreacion;15214014;ARS
36;2024-08;287;vestimenta;6398835;ARS
36;2024-09;281;alimentos;66313378;ARS
36;2024-09;288;vivienda;50267037;ARS
36;2024-09;286;transporte;19006152;ARS
36;2024-09;284;salud;12298326;ARS
36;2024-09;282;educacion;10784695;ARS
36;2024-09;285;servicios;21840550;ARS
36;2024-09;283;recreacion;12738641;ARS
36;2024-09;287;vestimenta;8138940;ARS
36;2024-10;281;alimentos;72920014;ARS
36;2024-10;288;vivienda;52483478;ARS
36;2024-10;286;transporte;24096412;ARS
36;2024-10;284;salud;12377426;ARS
36;2024-10;282;educacion;12667543;ARS
36;2024-10;285;servicios;22781273;ARS
36;2024-10;283;recreacion;13041377;ARS
36;2024-10;287;vestimenta;7245325;ARS
36;2024-11;281;alimentos;64904973;ARS
36;2024-11;288;vivienda;52345224;ARS
36;2024-11;286;transporte;24359841;ARS
36;2024-11;284;salud;14698658;ARS
36;2024-11;282;educacion;11131804;ARS
36;2024-11;285;servicios;23811697;ARS
36;2024-11;283;recreacion;16673484;ARS
36;2024-11;287;vestimenta;9293140;ARS
36;2024-12;281;alimentos;64064697;ARS
36;2024-12;288;vivienda;54288273;ARS
36;2024-12;286;transporte;25417280;ARS
36;2024-12;284;salud;10677532;ARS
36;2024-12;282;educacion;14604785;ARS
36;2024-12;285;servicios;23289757;ARS
36;2024-12;283;recreacion;18479341;ARS
36;2024-12;287;vestimenta;9477467;ARS
36;2025-01;281;alimentos;86230159;ARS
36;2025-01;288;vivienda;62751996;ARS
36;2025-01;286;transporte;25052660;ARS
36;2025-01;284;salud;13785894;ARS
36;2025-01;282;educacion;13671112;ARS
36;2025-01;285;servicios;22453960;ARS
36;2025-01;283;recreacion;16903066;ARS
36;2025-01;287;vestimenta;8899000;ARS
36;2025-02;281;alimentos;81725117;ARS
36;2025-02;288;vivienda;63297585;ARS
36;2025-02;286;transporte;30591258;ARS
36;2025-02;284;salud;13792374;ARS
36;2025-02;282;educacion;16384783;ARS
36;2025-02;285;servicios;22131360;ARS
36;2025-02;283;recreacion;13868795;ARS
36;2025-02;287;vestimenta;10483413;ARS
36;2025-03;281;alimentos;76964650;ARS
36;2025-03;288;vivienda;65611909;ARS
36;2025-03;286;transporte;32825425;ARS
36;2025-03;284;salud;17584116;ARS
36;2025-03;282;educacion;17444204;ARS
36;2025-03;285;servicios;25349727;ARS
36;2025-03;283;recreacion;18168569;ARS
36;2025-03;287;vestimenta;8769999;ARS
36;2025-04;281;alimentos;76748999;ARS
36;2025-04;288;vivienda;71785069;ARS
36;2025-04;286;transporte;32817950;ARS
36;2025-04;284;salud;14362096;ARS
36;2025-04;282;educacion;15532238;ARS
36;2025-04;285;servicios;28581530;ARS
36;2025-04;283;recreacion;18803867;ARS
36;2025-04;287;vestimenta;10723015;ARS
36;2025-05;281;alimentos;107930492;ARS
36;2025-05;288;vivienda;75816367;ARS
36;2025-05;286;transporte;32559289;ARS
36;2025-05;284;salud;15788031;ARS
36;2025-05;282;educacion;14005740;ARS
36;2025-05;285;servicios;28563184;ARS
36;2025-05;283;recreacion;21904524;ARS
36;2025-05;287;vestimenta;10564840;ARS
36;2025-06;281;alimentos;94557362;ARS
36;2025-06;288;vivienda;79980105;ARS
36;2025-06;286;transporte;35588495;ARS
36;2025-06;284;salud;17246376;ARS
36;2025-06;282;educacion;17790020;ARS
36;2025-06;285;servicios;32564971;ARS
36;2025-06;283;recreacion;17845628;ARS
36;2025-06;287;vestimenta;11648266;ARS
36;2025-07;281;alimentos;103393188;ARS
36;2025-07;288;vivienda;78934183;ARS
36;2025-07;286;transporte;32402754;ARS
36;2025-07;284;salud;15518897;ARS
36;2025-07;282;educacion;17802434;ARS
36;2025-07;285;servicios;30368296;ARS
36;2025-07;283;recreacion;19969118;ARS
36;2025-07;287;vestimenta;13517600;ARS
36;2025-08;281;alimentos;96152831;ARS
36;2025-08;288;vivienda;86124516;ARS
36;2025-08;286;transporte;33674302;ARS
36;2025-08;284;salud;19099010;ARS
36;2025-08;282;educacion;21343043;ARS
36;2025-08;285;servicios;35508325;ARS
36;2025-08;283;recreacion;22216714;ARS
36;2025-08;287;vestimenta;11703416;ARS
36;2025-09;281;alimentos;113300009;ARS
36;2025-09;288;vivienda;87234905;ARS
36;2025-09;286;transporte;33173908;ARS
36;2025-09;284;salud;16757478;ARS
36;2025-09;282;educacion;22346018;ARS
36;2025-09;285;servicios;33114541;ARS
36;2025-09;283;recreacion;23158610;ARS
36;2025-09;287;vestimenta;11278963;ARS
36;2025-10;281;alimentos;104562627;ARS
36;2025-10;288;vivienda;88130696;ARS
36;2025-10;286;transporte;31376239;ARS
36;2025-10;284;salud;22502655;ARS
36;2025-10;282;educacion;23987993;ARS
36;2025-10;285;servicios;37089294;ARS
36;2025-10;283;recreacion;23393413;ARS
36;2025-10;287;vestimenta;14004582;ARS
36;2025-11;281;alimentos;137320469;ARS
36;2025-11;288;vivienda;94047680;ARS
36;2025-11;286;transporte;39685475;ARS
36;2025-11;284;salud;17453110;ARS
36;2025-11;282;educacion;21305547;ARS
36;2025-11;285;servicios;37616074;ARS
36;2025-11;283;recreacion;19767949;ARS
36;2025-11;287;vestimenta;14758733;ARS
36;2025-12;281;alimentos;97037852;ARS
36;2025-12;288;vivienda;101971954;ARS
36;2025-12;286;transporte;34533709;ARS
36;2025-12;284;salud;19966952;ARS
36;2025-12;282;educacion;22956267;ARS
36;2025-12;285;servicios;39028614;ARS
36;2025-12;283;recreacion;22788037;ARS
36;2025-12;287;vestimenta;18194037;ARS
37;2023-01;289;alimentos;23643304;ARS
37;2023-01;296;vivienda;25591306;ARS
37;2023-01;294;transporte;12706989;ARS
37;2023-01;292;salud;11009191;ARS
37;2023-01;290;educacion;7023920;ARS
37;2023-01;293;servicios;9075803;ARS
37;2023-01;291;recreacion;5317719;ARS
37;2023-01;295;vestimenta;3022745;ARS
37;2023-02;289;alimentos;33462660;ARS
37;2023-02;296;vivienda;26604556;ARS
37;2023-02;294;transporte;16143001;ARS
37;2023-02;292;salud;9230175;ARS
37;2023-02;290;educacion;8252873;ARS
37;2023-02;293;servicios;8309063;ARS
37;2023-02;291;recreacion;5184650;ARS
37;2023-02;295;vestimenta;2163024;ARS
37;2023-03;289;alimentos;24527488;ARS
37;2023-03;296;vivienda;26510088;ARS
37;2023-03;294;transporte;17292918;ARS
37;2023-03;292;salud;9803132;ARS
37;2023-03;290;educacion;8643377;ARS
37;2023-03;293;servicios;8826722;ARS
37;2023-03;291;recreacion;6012641;ARS
37;2023-03;295;vestimenta;2286560;ARS
37;2023-04;289;alimentos;29762152;ARS
37;2023-04;296;vivienda;29420697;ARS
37;2023-04;294;transporte;17557225;ARS
37;2023-04;292;salud;13379534;ARS
37;2023-04;290;educacion;8167947;ARS
37;2023-04;293;servicios;9718470;ARS
37;2023-04;291;recreacion;5927691;ARS
37;2023-04;295;vestimenta;3072591;ARS
37;2023-05;289;alimentos;29895403;ARS
37;2023-05;296;vivienda;31680142;ARS
37;2023-05;294;transporte;17874064;ARS
37;2023-05;292;salud;11332409;ARS
37;2023-05;290;educacion;8907408;ARS
37;2023-05;293;servicios;10461835;ARS
37;2023-05;291;recreacion;6180268;ARS
37;2023-05;295;vestimenta;2642906;ARS
37;2023-06;289;alimentos;35475875;ARS
37;2023-06;296;vivienda;32214820;ARS
37;2023-06;294;transporte;17103513;ARS
37;2023-06;292;salud;13207288;ARS
37;2023-06;290;educacion;9509119;ARS
37;2023-06;293;servicios;11133397;ARS
37;2023-06;291;recreacion;5524438;ARS
37;2023-06;295;vestimenta;3527221;ARS
37;2023-07;289;alimentos;28209371;ARS
37;2023-07;296;vivienda;33309460;ARS
37;2023-07;294;transporte;20994758;ARS
37;2023-07;292;salud;15995701;ARS
37;2023-07;290;educacion;9503018;ARS
37;2023-07;293;servicios;12583012;ARS
37;2023-07;291;recreacion;6222989;ARS
37;2023-07;295;vestimenta;2745346;ARS
37;2023-08;289;alimentos;32825653;ARS
37;2023-08;296;vivienda;35974893;ARS
37;2023-08;294;transporte;19142723;ARS
37;2023-08;292;salud;13993440;ARS
37;2023-08;290;educacion;10995281;ARS
37;2023-08;293;servicios;11422008;ARS
37;2023-08;291;recreacion;6098939;ARS
37;2023-08;295;vestimenta;3263032;ARS
37;2023-09;289;alimentos;41586327;ARS
37;2023-09;296;vivienda;37534704;ARS
37;2023-09;294;transporte;19499374;ARS
37;2023-09;292;salud;15227900;ARS
37;2023-09;290;educacion;10778643;ARS
37;2023-09;293;servicios;11675409;ARS
37;2023-09;291;recreacion;7518181;ARS
37;2023-09;295;vestimenta;3731351;ARS
37;2023-10;289;alimentos;41256343;ARS
37;2023-10;296;vivienda;37767574;ARS
37;2023-10;294;transporte;18601909;ARS
37;2023-10;292;salud;16220963;ARS
37;2023-10;290;educacion;10718105;ARS
37;2023-10;293;servicios;12408125;ARS
37;2023-10;291;recreacion;7300977;ARS
37;2023-10;295;vestimenta;4850658;ARS
37;2023-11;289;alimentos;33862166;ARS
37;2023-11;296;vivienda;37725482;ARS
37;2023-11;294;transporte;24016139;ARS
37;2023-11;292;salud;16449175;ARS
37;2023-11;290;educacion;10623483;ARS
37;2023-11;293;servicios;14975008;ARS
37;2023-11;291;recreacion;8867002;ARS
37;2023-11;295;vestimenta;4038758;ARS
37;2023-12;289;alimentos;33421688;ARS
37;2023-12;296;vivienda;41261381;ARS
37;2023-12;294;transporte;24809872;ARS
37;2023-12;292;salud;17045483;ARS
37;2023-12;290;educacion;12252801;ARS
37;2023-12;293;servicios;13319228;ARS
37;2023-12;291;recreacion;5779937;ARS
37;2023-12;295;vestimenta;4709350;ARS
37;2024-01;289;alimentos;44369625;ARS
37;2024-01;296;vivienda;42754243;ARS
37;2024-01;294;transporte;23966892;ARS
37;2024-01;292;salud;14132394;ARS
37;2024-01;290;educacion;13285292;ARS
37;2024-01;293;servicios;14539975;ARS
37;2024-01;291;recreacion;10378549;ARS
37;2024-01;295;vestimenta;4160818;ARS
37;2024-02;289;alimentos;41793220;ARS
37;2024-02;296;vivienda;42894081;ARS
37;2024-02;294;transporte;26030253;ARS
37;2024-02;292;salud;17823709;ARS
37;2024-02;290;educacion;12966097;ARS
37;2024-02;293;servicios;12267634;ARS
37;2024-02;291;recreacion;9440659;ARS
37;2024-02;295;vestimenta;3703147;ARS
37;2024-03;289;alimentos;58522312;ARS
37;2024-03;296;vivienda;48565555;ARS
37;2024-03;294;transporte;27722237;ARS
37;2024-03;292;salud;20194593;ARS
37;2024-03;290;educacion;15562584;ARS
37;2024-03;293;servicios;17325469;ARS
37;2024-03;291;recreacion;10083373;ARS
37;2024-03;295;vestimenta;3303959;ARS
37;2024-04;289;alimentos;49896413;ARS
37;2024-04;296;vivienda;49106420;ARS
37;2024-04;294;transporte;26142220;ARS
37;2024-04;292;salud;21546343;ARS
37;2024-04;290;educacion;14371454;ARS
37;2024-04;293;servicios;18815951;ARS
37;2024-04;291;recreacion;8745486;ARS
37;2024-04;295;vestimenta;4448307;ARS
37;2024-05;289;alimentos;51713634;ARS
37;2024-05;296;vivienda;51102270;ARS
37;2024-05;294;transporte;30678582;ARS
37;2024-05;292;salud;20398931;ARS
37;2024-05;290;educacion;14291086;ARS
37;2024-05;293;servicios;18562648;ARS
37;2024-05;291;recreacion;9452542;ARS
37;2024-05;295;vestimenta;4235742;ARS
37;2024-06;289;alimentos;59986414;ARS
37;2024-06;296;vivienda;54103213;ARS
37;2024-06;294;transporte;30334368;ARS
37;2024-06;292;salud;21491214;ARS
37;2024-06;290;educacion;15215780;ARS
37;2024-06;293;servicios;17123322;ARS
37;2024-06;291;recreacion;10270517;ARS
37;2024-06;295;vestimenta;6133458;ARS
37;2024-07;289;alimentos;61159684;ARS
37;2024-07;296;vivienda;57265520;ARS
37;2024-07;294;transporte;33807309;ARS
37;2024-07;292;salud;24599010;ARS
37;2024-07;290;educacion;15460927;ARS
37;2024-07;293;servicios;17860256;ARS
37;2024-07;291;recreacion;11645514;ARS
37;2024-07;295;vestimenta;6137893;ARS
37;2024-08;289;alimentos;56152866;ARS
37;2024-08;296;vivienda;55162210;ARS
37;2024-08;294;transporte;35177130;ARS
37;2024-08;292;salud;25051208;ARS
37;2024-08;290;educacion;17117377;ARS
37;2024-08;293;servicios;20105745;ARS
37;2024-08;291;recreacion;9658044;ARS
37;2024-08;295;vestimenta;4211187;ARS
37;2024-09;289;alimentos;52152775;ARS
37;2024-09;296;vivienda;61633496;ARS
37;2024-09;294;transporte;36380906;ARS
37;2024-09;292;salud;23540079;ARS
37;2024-09;290;educacion;16741366;ARS
37;2024-09;293;servicios;21422170;ARS
37;2024-09;291;recreacion;10772519;ARS
37;2024-09;295;vestimenta;5249916;ARS
37;2024-10;289;alimentos;65567707;ARS
37;2024-10;296;vivienda;64703780;ARS
37;2024-10;294;transporte;30831159;ARS
37;2024-10;292;salud;25624459;ARS
37;2024-10;290;educacion;20520265;ARS
37;2024-10;293;servicios;22142741;ARS
37;2024-10;291;recreacion;14250790;ARS
37;2024-10;295;vestimenta;5903215;ARS
37;2024-11;289;alimentos;74487000;ARS
37;2024-11;296;vivienda;67567909;ARS
37;2024-11;294;transporte;28817815;ARS
37;2024-11;292;salud;27330312;ARS
37;2024-11;290;educacion;20598483;ARS
37;2024-11;293;servicios;19300850;ARS
37;2024-11;291;recreacion;9494966;ARS
37;2024-11;295;vestimenta;6025529;ARS
37;2024-12;289;alimentos;63746627;ARS
37;2024-12;296;vivienda;71128520;ARS
37;2024-12;294;transporte;42081696;ARS
37;2024-12;292;salud;26624525;ARS
37;2024-12;290;educacion;19809466;ARS
37;2024-12;293;servicios;22762712;ARS
37;2024-12;291;recreacion;14803837;ARS
37;2024-12;295;vestimenta;5293197;ARS
37;2025-01;289;alimentos;83045922;ARS
37;2025-01;296;vivienda;78336194;ARS
37;2025-01;294;transporte;40804669;ARS
37;2025-01;292;salud;28822267;ARS
37;2025-01;290;educacion;24412853;ARS
37;2025-01;293;servicios;26404522;ARS
37;2025-01;291;recreacion;13979175;ARS
37;2025-01;295;vestimenta;4447689;ARS
37;2025-02;289;alimentos;88203746;ARS
37;2025-02;296;vivienda;82217002;ARS
37;2025-02;294;transporte;38334156;ARS
37;2025-02;292;salud;32852554;ARS
37;2025-02;290;educacion;23303235;ARS
37;2025-02;293;servicios;23344197;ARS
37;2025-02;291;recreacion;15956772;ARS
37;2025-02;295;vestimenta;7174373;ARS
37;2025-03;289;alimentos;81358699;ARS
37;2025-03;296;vivienda;82956307;ARS
37;2025-03;294;transporte;38376838;ARS
37;2025-03;292;salud;29380782;ARS
37;2025-03;290;educacion;24610451;ARS
37;2025-03;293;servicios;26029750;ARS
37;2025-03;291;recreacion;12368702;ARS
37;2025-03;295;vestimenta;9240306;ARS
37;2025-04;289;alimentos;82158606;ARS
37;2025-04;296;vivienda;83725217;ARS
37;2025-04;294;transporte;43387572;ARS
37;2025-04;292;salud;33114953;ARS
37;2025-04;290;educacion;25955115;ARS
37;2025-04;293;servicios;25359415;ARS
37;2025-04;291;recreacion;16097540;ARS
37;2025-04;295;vestimenta;5491677;ARS
37;2025-05;289;alimentos;76281989;ARS
37;2025-05;296;vivienda;92863673;ARS
37;2025-05;294;transporte;62120340;ARS
37;2025-05;292;salud;36779321;ARS
37;2025-05;290;educacion;24595489;ARS
37;2025-05;293;servicios;30345642;ARS
37;2025-05;291;recreacion;17248349;ARS
37;2025-05;295;vestimenta;9561756;ARS
37;2025-06;289;alimentos;95023655;ARS
37;2025-06;296;vivienda;96138711;ARS
37;2025-06;294;transporte;48204474;ARS
37;2025-06;292;salud;34642238;ARS
37;2025-06;290;educacion;23901581;ARS
37;2025-06;293;servicios;24396480;ARS
37;2025-06;291;recreacion;19712080;ARS
37;2025-06;295;vestimenta;7678178;ARS
37;2025-07;289;alimentos;97983058;ARS
37;2025-07;296;vivienda;106351466;ARS
37;2025-07;294;transporte;57690818;ARS
37;2025-07;292;salud;37520509;ARS
37;2025-07;290;educacion;27718204;ARS
37;2025-07;293;servicios;26751478;ARS
37;2025-07;291;recreacion;19780673;ARS
37;2025-07;295;vestimenta;7383689;ARS
37;2025-08;289;alimentos;96019129;ARS
37;2025-08;296;vivienda;102586901;ARS
37;2025-08;294;transporte;54368696;ARS
37;2025-08;292;salud;35473745;ARS
37;2025-08;290;educacion;28477648;ARS
37;2025-08;293;servicios;28640311;ARS
37;2025-08;291;recreacion;23287741;ARS
37;2025-08;295;vestimenta;7849005;ARS
37;2025-09;289;alimentos;126215751;ARS
37;2025-09;296;vivienda;110575391;ARS
37;2025-09;294;transporte;57298009;ARS
37;2025-09;292;salud;37337370;ARS
37;2025-09;290;educacion;31973511;ARS
37;2025-09;293;servicios;32750095;ARS
37;2025-09;291;recreacion;20969660;ARS
37;2025-09;295;vestimenta;8191385;ARS
37;2025-10;289;alimentos;103789716;ARS
37;2025-10;296;vivienda;109376707;ARS
37;2025-10;294;transporte;70887163;ARS
37;2025-10;292;salud;49425989;ARS
37;2025-10;290;educacion;33768518;ARS
37;2025-10;293;servicios;35729125;ARS
37;2025-10;291;recreacion;20214015;ARS
37;2025-10;295;vestimenta;12276347;ARS
37;2025-11;289;alimentos;97326510;ARS
37;2025-11;296;vivienda;115067035;ARS
37;2025-11;294;transporte;54282082;ARS
37;2025-11;292;salud;44884722;ARS
37;2025-11;290;educacion;27517075;ARS
37;2025-11;293;servicios;32552579;ARS
37;2025-11;291;recreacion;25603469;ARS
37;2025-11;295;vestimenta;10178615;ARS
37;2025-12;289;alimentos;130074270;ARS
37;2025-12;296;vivienda;117933268;ARS
37;2025-12;294;transporte;66741282;ARS
37;2025-12;292;salud;40614894;ARS
37;2025-12;290;educacion;33624419;ARS
37;2025-12;293;servicios;41292536;ARS
37;2025-12;291;recreacion;23578717;ARS
37;2025-12;295;vestimenta;12387816;ARS
38;2023-01;297;alimentos;15858764;ARS
38;2023-01;304;vivienda;18601651;ARS
38;2023-01;302;transporte;8349532;ARS
38;2023-01;300;salud;4907234;ARS
38;2023-01;298;educacion;5653130;ARS
38;2023-01;301;servicios;5520777;ARS
38;2023-01;299;recreacion;1980260;ARS
38;2023-01;303;vestimenta;1333143;ARS
38;2023-02;297;alimentos;14734890;ARS
38;2023-02;304;vivienda;20555704;ARS
38;2023-02;302;transporte;9339614;ARS
38;2023-02;300;salud;5021357;ARS
38;2023-02;298;educacion;6425720;ARS
38;2023-02;301;servicios;6414151;ARS
38;2023-02;299;recreacion;2015146;ARS
38;2023-02;303;vestimenta;1369073;ARS
38;2023-03;297;alimentos;14920173;ARS
38;2023-03;304;vivienda;21011595;ARS
38;2023-03;302;transporte;7680648;ARS
38;2023-03;300;salud;4078145;ARS
38;2023-03;298;educacion;7218839;ARS
38;2023-03;301;servicios;6623854;ARS
38;2023-03;299;recreacion;2583105;ARS
38;2023-03;303;vestimenta;1223925;ARS
38;2023-04;297;alimentos;14358556;ARS
38;2023-04;304;vivienda;21780747;ARS
38;2023-04;302;transporte;10199149;ARS
38;2023-04;300;salud;4992231;ARS
38;2023-04;298;educacion;6838795;ARS
38;2023-04;301;servicios;6316936;ARS
38;2023-04;299;recreacion;1747905;ARS
38;2023-04;303;vestimenta;1924717;ARS
38;2023-05;297;alimentos;17884669;ARS
38;2023-05;304;vivienda;21607807;ARS
38;2023-05;302;transporte;8538534;ARS
38;2023-05;300;salud;6049374;ARS
38;2023-05;298;educacion;6458213;ARS
38;2023-05;301;servicios;6652398;ARS
38;2023-05;299;recreacion;2086756;ARS
38;2023-05;303;vestimenta;1560729;ARS
38;2023-06;297;alimentos;16918761;ARS
38;2023-06;304;vivienda;23912341;ARS
38;2023-06;302;transporte;10607739;ARS
38;2023-06;300;salud;5447435;ARS
38;2023-06;298;educacion;6302762;ARS
38;2023-06;301;servicios;7410478;ARS
38;2023-06;299;recreacion;3028045;ARS
38;2023-06;303;vestimenta;1963225;ARS
38;2023-07;297;alimentos;15361120;ARS
38;2023-07;304;vivienda;24931793;ARS
38;2023-07;302;transporte;11349768;ARS
38;2023-07;300;salud;5574565;ARS
38;2023-07;298;educacion;7457267;ARS
38;2023-07;301;servicios;6988662;ARS
38;2023-07;299;recreacion;2887384;ARS
38;2023-07;303;vestimenta;1968699;ARS
38;2023-08;297;alimentos;23908273;ARS
38;2023-08;304;vivienda;25974146;ARS
38;2023-08;302;transporte;11259337;ARS
38;2023-08;300;salud;5650627;ARS
38;2023-08;298;educacion;7412186;ARS
38;2023-08;301;servicios;8672338;ARS
38;2023-08;299;recreacion;3790532;ARS
38;2023-08;303;vestimenta;1706639;ARS
38;2023-09;297;alimentos;22714429;ARS
38;2023-09;304;vivienda;25934873;ARS
38;2023-09;302;transporte;11089347;ARS
38;2023-09;300;salud;6496016;ARS
38;2023-09;298;educacion;6484075;ARS
38;2023-09;301;servicios;9294123;ARS
38;2023-09;299;recreacion;3517972;ARS
38;2023-09;303;vestimenta;1702778;ARS
38;2023-10;297;alimentos;21803866;ARS
38;2023-10;304;vivienda;27912467;ARS
38;2023-10;302;transporte;11684469;ARS
38;2023-10;300;salud;5867094;ARS
38;2023-10;298;educacion;7293538;ARS
38;2023-10;301;servicios;8739792;ARS
38;2023-10;299;recreacion;2614754;ARS
38;2023-10;303;vestimenta;1215262;ARS
38;2023-11;297;alimentos;17051191;ARS
38;2023-11;304;vivienda;28828584;ARS
38;2023-11;302;transporte;12284516;ARS
38;2023-11;300;salud;7568154;ARS
38;2023-11;298;educacion;8107515;ARS
38;2023-11;301;servicios;7844397;ARS
38;2023-11;299;recreacion;3113551;ARS
38;2023-11;303;vestimenta;2644285;ARS
38;2023-12;297;alimentos;21660604;ARS
38;2023-12;304;vivienda;31380503;ARS
38;2023-12;302;transporte;12924291;ARS
38;2023-12;300;salud;7467594;ARS
38;2023-12;298;educacion;7968287;ARS
38;2023-12;301;servicios;9728062;ARS
38;2023-12;299;recreacion;3185168;ARS
38;2023-12;303;vestimenta;2547460;ARS
38;2024-01;297;alimentos;24098781;ARS
38;2024-01;304;vivienda;32675301;ARS
38;2024-01;302;transporte;13206735;ARS
38;2024-01;300;salud;7350104;ARS
38;2024-01;298;educacion;8410177;ARS
38;2024-01;301;servicios;10882761;ARS
38;2024-01;299;recreacion;3484505;ARS
38;2024-01;303;vestimenta;2751659;ARS
38;2024-02;297;alimentos;25757132;ARS
38;2024-02;304;vivienda;34955587;ARS
38;2024-02;302;transporte;15492021;ARS
38;2024-02;300;salud;9360254;ARS
38;2024-02;298;educacion;10822306;ARS
38;2024-02;301;servicios;9027369;ARS
38;2024-02;299;recreacion;4712334;ARS
38;2024-02;303;vestimenta;2002936;ARS
38;2024-03;297;alimentos;27074571;ARS
38;2024-03;304;vivienda;34865205;ARS
38;2024-03;302;transporte;14546315;ARS
38;2024-03;300;salud;8199472;ARS
38;2024-03;298;educacion;12330622;ARS
38;2024-03;301;servicios;12402949;ARS
38;2024-03;299;recreacion;3534865;ARS
38;2024-03;303;vestimenta;2065814;ARS
38;2024-04;297;alimentos;27852406;ARS
38;2024-04;304;vivienda;36535753;ARS
38;2024-04;302;transporte;17846759;ARS
38;2024-04;300;salud;7703919;ARS
38;2024-04;298;educacion;11214126;ARS
38;2024-04;301;servicios;9996493;ARS
38;2024-04;299;recreacion;3635079;ARS
38;2024-04;303;vestimenta;3638638;ARS
38;2024-05;297;alimentos;32808678;ARS
38;2024-05;304;vivienda;38094326;ARS
38;2024-05;302;transporte;15743407;ARS
38;2024-05;300;salud;10275325;ARS
38;2024-05;298;educacion;11313323;ARS
38;2024-05;301;servicios;11922543;ARS
38;2024-05;299;recreacion;4987279;ARS
38;2024-05;303;vestimenta;2920016;ARS
38;2024-06;297;alimentos;32608208;ARS
38;2024-06;304;vivienda;42486855;ARS
38;2024-06;302;transporte;16919660;ARS
38;2024-06;300;salud;11462120;ARS
38;2024-06;298;educacion;10452717;ARS
38;2024-06;301;servicios;11743399;ARS
38;2024-06;299;recreacion;4895608;ARS
38;2024-06;303;vestimenta;3398440;ARS
38;2024-07;297;alimentos;28356219;ARS
38;2024-07;304;vivienda;41166717;ARS
38;2024-07;302;transporte;15850021;ARS
38;2024-07;300;salud;10091770;ARS
38;2024-07;298;educacion;12075168;ARS
38;2024-07;301;servicios;12341125;ARS
38;2024-07;299;recreacion;4964325;ARS
38;2024-07;303;vestimenta;3340447;ARS
38;2024-08;297;alimentos;42507424;ARS
38;2024-08;304;vivienda;45524178;ARS
38;2024-08;302;transporte;17771338;ARS
38;2024-08;300;salud;11123530;ARS
38;2024-08;298;educacion;13623661;ARS
38;2024-08;301;servicios;14623833;ARS
38;2024-08;299;recreacion;5271775;ARS
38;2024-08;303;vestimenta;3251778;ARS
38;2024-09;297;alimentos;35833403;ARS
38;2024-09;304;vivienda;43253526;ARS
38;2024-09;302;transporte;20523538;ARS
38;2024-09;300;salud;10336250;ARS
38;2024-09;298;educacion;13226555;ARS
38;2024-09;301;servicios;15506442;ARS
38;2024-09;299;recreacion;5206696;ARS
38;2024-09;303;vestimenta;3312363;ARS
38;2024-10;297;alimentos;32898436;ARS
38;2024-10;304;vivienda;51734838;ARS
38;2024-10;302;transporte;20084893;ARS
38;2024-10;300;salud;10253094;ARS
38;2024-10;298;educacion;13560303;ARS
38;2024-10;301;servicios;14517705;ARS
38;2024-10;299;recreacion;5707060;ARS
38;2024-10;303;vestimenta;2574333;ARS
38;2024-11;297;alimentos;27350202;ARS
38;2024-11;304;vivienda;50023280;ARS
38;2024-11;302;transporte;22017424;ARS
38;2024-11;300;salud;12525753;ARS
38;2024-11;298;educacion;13983407;ARS
38;2024-11;301;servicios;15429157;ARS
38;2024-11;299;recreacion;4337954;ARS
38;2024-11;303;vestimenta;3267252;ARS
38;2024-12;297;alimentos;39322586;ARS
38;2024-12;304;vivienda;55753716;ARS
38;2024-12;302;transporte;21855160;ARS
38;2024-12;300;salud;14051737;ARS
38;2024-12;298;educacion;15492559;ARS
38;2024-12;301;servicios;15702099;ARS
38;2024-12;299;recreacion;6970898;ARS
38;2024-12;303;vestimenta;4439594;ARS
38;2025-01;297;alimentos;39007201;ARS
38;2025-01;304;vivienda;54986572;ARS
38;2025-01;302;transporte;24624268;ARS
38;2025-01;300;salud;13886938;ARS
38;2025-01;298;educacion;15810142;ARS
38;2025-01;301;servicios;18003432;ARS
38;2025-01;299;recreacion;6391839;ARS
38;2025-01;303;vestimenta;4271733;ARS
38;2025-02;297;alimentos;43471564;ARS
38;2025-02;304;vivienda;56392518;ARS
38;2025-02;302;transporte;21209863;ARS
38;2025-02;300;salud;13936573;ARS
38;2025-02;298;educacion;18497772;ARS
38;2025-02;301;servicios;16660472;ARS
38;2025-02;299;recreacion;7472845;ARS
38;2025-02;303;vestimenta;4593309;ARS
38;2025-03;297;alimentos;40227460;ARS
38;2025-03;304;vivienda;59241937;ARS
38;2025-03;302;transporte;25956534;ARS
38;2025-03;300;salud;15408624;ARS
38;2025-03;298;educacion;18382990;ARS
38;2025-03;301;servicios;18830780;ARS
38;2025-03;299;recreacion;6828042;ARS
38;2025-03;303;vestimenta;5189909;ARS
38;2025-04;297;alimentos;46670982;ARS
38;2025-04;304;vivienda;60546762;ARS
38;2025-04;302;transporte;27376518;ARS
38;2025-04;300;salud;12884557;ARS
38;2025-04;298;educacion;17093147;ARS
38;2025-04;301;servicios;23110503;ARS
38;2025-04;299;recreacion;6974227;ARS
38;2025-04;303;vestimenta;5341306;ARS
38;2025-05;297;alimentos;46063725;ARS
38;2025-05;304;vivienda;63250848;ARS
38;2025-05;302;transporte;32907092;ARS
38;2025-05;300;salud;16688033;ARS
38;2025-05;298;educacion;18409691;ARS
38;2025-05;301;servicios;19330890;ARS
38;2025-05;299;recreacion;7430241;ARS
38;2025-05;303;vestimenta;3830730;ARS
38;2025-06;297;alimentos;43825331;ARS
38;2025-06;304;vivienda;69184218;ARS
38;2025-06;302;transporte;31925889;ARS
38;2025-06;300;salud;16843071;ARS
38;2025-06;298;educacion;18845638;ARS
38;2025-06;301;servicios;19544935;ARS
38;2025-06;299;recreacion;7046704;ARS
38;2025-06;303;vestimenta;6411697;ARS
38;2025-07;297;alimentos;62050933;ARS
38;2025-07;304;vivienda;72931398;ARS
38;2025-07;302;transporte;27991779;ARS
38;2025-07;300;salud;19695676;ARS
38;2025-07;298;educacion;20828635;ARS
38;2025-07;301;servicios;21401163;ARS
38;2025-07;299;recreacion;9383667;ARS
38;2025-07;303;vestimenta;4243691;ARS
38;2025-08;297;alimentos;50702188;ARS
38;2025-08;304;vivienda;74704338;ARS
38;2025-08;302;transporte;35715232;ARS
38;2025-08;300;salud;17464975;ARS
38;2025-08;298;educacion;20937655;ARS
38;2025-08;301;servicios;25209121;ARS
38;2025-08;299;recreacion;9369669;ARS
38;2025-08;303;vestimenta;6401025;ARS
38;2025-09;297;alimentos;56297942;ARS
38;2025-09;304;vivienda;77401753;ARS
38;2025-09;302;transporte;36353152;ARS
38;2025-09;300;salud;17448843;ARS
38;2025-09;298;educacion;19876017;ARS
38;2025-09;301;servicios;27237491;ARS
38;2025-09;299;recreacion;8736571;ARS
38;2025-09;303;vestimenta;5895802;ARS
38;2025-10;297;alimentos;88224480;ARS
38;2025-10;304;vivienda;80239678;ARS
38;2025-10;302;transporte;40615923;ARS
38;2025-10;300;salud;19328277;ARS
38;2025-10;298;educacion;21182465;ARS
38;2025-10;301;servicios;25052893;ARS
38;2025-10;299;recreacion;8519869;ARS
38;2025-10;303;vestimenta;6833899;ARS
38;2025-11;297;alimentos;64403274;ARS
38;2025-11;304;vivienda;82343241;ARS
38;2025-11;302;transporte;45781581;ARS
38;2025-11;300;salud;24666939;ARS
38;2025-11;298;educacion;23160095;ARS
38;2025-11;301;servicios;26578771;ARS
38;2025-11;299;recreacion;9558183;ARS
38;2025-11;303;vestimenta;6291091;ARS
38;2025-12;297;alimentos;72999790;ARS
38;2025-12;304;vivienda;90922701;ARS
38;2025-12;302;transporte;37252809;ARS
38;2025-12;300;salud;20208109;ARS
38;2025-12;298;educacion;26736712;ARS
38;2025-12;301;servicios;28973302;ARS
38;2025-12;299;recreacion;11150441;ARS
38;2025-12;303;vestimenta;8899792;ARS
39;2023-01;305;alimentos;45572441;ARS
39;2023-01;312;vivienda;45188410;ARS
39;2023-01;310;transporte;10659597;ARS
39;2023-01;308;salud;12668915;ARS
39;2023-01;306;educacion;8162808;ARS
39;2023-01;309;servicios;12901135;ARS
39;2023-01;307;recreacion;7190024;ARS
39;2023-01;311;vestimenta;3034109;ARS
39;2023-02;305;alimentos;55637399;ARS
39;2023-02;312;vivienda;48941081;ARS
39;2023-02;310;transporte;12130673;ARS
39;2023-02;308;salud;14871531;ARS
39;2023-02;306;educacion;8830104;ARS
39;2023-02;309;servicios;13550930;ARS
39;2023-02;307;recreacion;7015312;ARS
39;2023-02;311;vestimenta;4935372;ARS
39;2023-03;305;alimentos;60599305;ARS
39;2023-03;312;vivienda;47842350;ARS
39;2023-03;310;transporte;15789726;ARS
39;2023-03;308;salud;16351795;ARS
39;2023-03;306;educacion;10843058;ARS
39;2023-03;309;servicios;14822654;ARS
39;2023-03;307;recreacion;7001236;ARS
39;2023-03;311;vestimenta;3123994;ARS
39;2023-04;305;alimentos;55255022;ARS
39;2023-04;312;vivienda;53296988;ARS
39;2023-04;310;transporte;14204790;ARS
39;2023-04;308;salud;14892537;ARS
39;2023-04;306;educacion;8938649;ARS
39;2023-04;309;servicios;14199267;ARS
39;2023-04;307;recreacion;9176821;ARS
39;2023-04;311;vestimenta;4238130;ARS
39;2023-05;305;alimentos;71362522;ARS
39;2023-05;312;vivienda;54394595;ARS
39;2023-05;310;transporte;14395190;ARS
39;2023-05;308;salud;18783713;ARS
39;2023-05;306;educacion;10555325;ARS
39;2023-05;309;servicios;14172332;ARS
39;2023-05;307;recreacion;6898516;ARS
39;2023-05;311;vestimenta;3469726;ARS
39;2023-06;305;alimentos;61587956;ARS
39;2023-06;312;vivienda;53731180;ARS
39;2023-06;310;transporte;14314226;ARS
39;2023-06;308;salud;20929538;ARS
39;2023-06;306;educacion;9131885;ARS
39;2023-06;309;servicios;17422420;ARS
39;2023-06;307;recreacion;7360204;ARS
39;2023-06;311;vestimenta;3709990;ARS
39;2023-07;305;alimentos;82549428;ARS
39;2023-07;312;vivienda;59962521;ARS
39;2023-07;310;transporte;16708751;ARS
39;2023-07;308;salud;19346011;ARS
39;2023-07;306;educacion;9419066;ARS
39;2023-07;309;servicios;17041748;ARS
39;2023-07;307;recreacion;7332137;ARS
39;2023-07;311;vestimenta;4112119;ARS
39;2023-08;305;alimentos;74049072;ARS
39;2023-08;312;vivienda;60655031;ARS
39;2023-08;310;transporte;17313911;ARS
39;2023-08;308;salud;19645815;ARS
39;2023-08;306;educacion;11517915;ARS
39;2023-08;309;servicios;16488394;ARS
39;2023-08;307;recreacion;7931366;ARS
39;2023-08;311;vestimenta;5779382;ARS
39;2023-09;305;alimentos;79296143;ARS
39;2023-09;312;vivienda;61089864;ARS
39;2023-09;310;transporte;17757284;ARS
39;2023-09;308;salud;19999193;ARS
39;2023-09;306;educacion;12554020;ARS
39;2023-09;309;servicios;18762607;ARS
39;2023-09;307;recreacion;11463659;ARS
39;2023-09;311;vestimenta;4204926;ARS
39;2023-10;305;alimentos;104198594;ARS
39;2023-10;312;vivienda;67479882;ARS
39;2023-10;310;transporte;19612211;ARS
39;2023-10;308;salud;20132160;ARS
39;2023-10;306;educacion;12838163;ARS
39;2023-10;309;servicios;16719261;ARS
39;2023-10;307;recreacion;8296914;ARS
39;2023-10;311;vestimenta;5119809;ARS
39;2023-11;305;alimentos;62269186;ARS
39;2023-11;312;vivienda;66433759;ARS
39;2023-11;310;transporte;16408321;ARS
39;2023-11;308;salud;21311972;ARS
39;2023-11;306;educacion;12707241;ARS
39;2023-11;309;servicios;19265121;ARS
39;2023-11;307;recreacion;9532470;ARS
39;2023-11;311;vestimenta;5903362;ARS
39;2023-12;305;alimentos;87153349;ARS
39;2023-12;312;vivienda;77034952;ARS
39;2023-12;310;transporte;19380503;ARS
39;2023-12;308;salud;22732803;ARS
39;2023-12;306;educacion;14124468;ARS
39;2023-12;309;servicios;22304783;ARS
39;2023-12;307;recreacion;11888158;ARS
39;2023-12;311;vestimenta;6316263;ARS
39;2024-01;305;alimentos;102744756;ARS
39;2024-01;312;vivienda;77065705;ARS
39;2024-01;310;transporte;20327688;ARS
39;2024-01;308;salud;22547756;ARS
39;2024-01;306;educacion;14985233;ARS
39;2024-01;309;servicios;18331550;ARS
39;2024-01;307;recreacion;10287379;ARS
39;2024-01;311;vestimenta;4868672;ARS
39;2024-02;305;alimentos;70529447;ARS
39;2024-02;312;vivienda;77825371;ARS
39;2024-02;310;transporte;22534549;ARS
39;2024-02;308;salud;26827491;ARS
39;2024-02;306;educacion;15776240;ARS
39;2024-02;309;servicios;22208060;ARS
39;2024-02;307;recreacion;9943841;ARS
39;2024-02;311;vestimenta;6638422;ARS
39;2024-03;305;alimentos;85482247;ARS
39;2024-03;312;vivienda;83690174;ARS
39;2024-03;310;transporte;19134311;ARS
39;2024-03;308;salud;29051879;ARS
39;2024-03;306;educacion;16575873;ARS
39;2024-03;309;servicios;23995952;ARS
39;2024-03;307;recreacion;11164122;ARS
39;2024-03;311;vestimenta;4486570;ARS
39;2024-04;305;alimentos;99473686;ARS
39;2024-04;312;vivienda;87605515;ARS
39;2024-04;310;transporte;22469659;ARS
39;2024-04;308;salud;29268680;ARS
39;2024-04;306;educacion;13850277;ARS
39;2024-04;309;servicios;24718586;ARS
39;2024-04;307;recreacion;12895416;ARS
39;2024-04;311;vestimenta;5739796;ARS
39;2024-05;305;alimentos;110779156;ARS
39;2024-05;312;vivienda;94054081;ARS
39;2024-05;310;transporte;25763205;ARS
39;2024-05;308;salud;28920998;ARS
39;2024-05;306;educacion;17040479;ARS
39;2024-05;309;servicios;26062404;ARS
39;2024-05;307;recreacion;11553660;ARS
39;2024-05;311;vestimenta;6412179;ARS
39;2024-06;305;alimentos;92478286;ARS
39;2024-06;312;vivienda;99507210;ARS
39;2024-06;310;transporte;27076236;ARS
39;2024-06;308;salud;25332888;ARS
39;2024-06;306;educacion;18465465;ARS
39;2024-06;309;servicios;30730423;ARS
39;2024-06;307;recreacion;8325422;ARS
39;2024-06;311;vestimenta;4269452;ARS
39;2024-07;305;alimentos;129216483;ARS
39;2024-07;312;vivienda;98937164;ARS
39;2024-07;310;transporte;28030345;ARS
39;2024-07;308;salud;36876490;ARS
39;2024-07;306;educacion;16505761;ARS
39;2024-07;309;servicios;30403366;ARS
39;2024-07;307;recreacion;15705118;ARS
39;2024-07;311;vestimenta;5066930;ARS
39;2024-08;305;alimentos;159138753;ARS
39;2024-08;312;vivienda;106888728;ARS
39;2024-08;310;transporte;27830587;ARS
39;2024-08;308;salud;41191934;ARS
39;2024-08;306;educacion;18240123;ARS
39;2024-08;309;servicios;29909881;ARS
39;2024-08;307;recreacion;12194581;ARS
39;2024-08;311;vestimenta;6852008;ARS
39;2024-09;305;alimentos;136947443;ARS
39;2024-09;312;vivienda;107508644;ARS
39;2024-09;310;transporte;28647869;ARS
39;2024-09;308;salud;36914442;ARS
39;2024-09;306;educacion;19723679;ARS
39;2024-09;309;servicios;26372309;ARS
39;2024-09;307;recreacion;15157273;ARS
39;2024-09;311;vestimenta;7042200;ARS
39;2024-10;305;alimentos;125508772;ARS
39;2024-10;312;vivienda;117071228;ARS
39;2024-10;310;transporte;33718864;ARS
39;2024-10;308;salud;32964978;ARS
39;2024-10;306;educacion;19582730;ARS
39;2024-10;309;servicios;32942038;ARS
39;2024-10;307;recreacion;17563105;ARS
39;2024-10;311;vestimenta;9317456;ARS
39;2024-11;305;alimentos;133297813;ARS
39;2024-11;312;vivienda;111803753;ARS
39;2024-11;310;transporte;29699329;ARS
39;2024-11;308;salud;36561596;ARS
39;2024-11;306;educacion;22148081;ARS
39;2024-11;309;servicios;36435943;ARS
39;2024-11;307;recreacion;20722640;ARS
39;2024-11;311;vestimenta;7183643;ARS
39;2024-12;305;alimentos;127104659;ARS
39;2024-12;312;vivienda;118463842;ARS
39;2024-12;310;transporte;33368849;ARS
39;2024-12;308;salud;46736334;ARS
39;2024-12;306;educacion;23552027;ARS
39;2024-12;309;servicios;32161995;ARS
39;2024-12;307;recreacion;18779152;ARS
39;2024-12;311;vestimenta;7901530;ARS
39;2025-01;305;alimentos;138232666;ARS
39;2025-01;312;vivienda;132389551;ARS
39;2025-01;310;transporte;30708939;ARS
39;2025-01;308;salud;39052339;ARS
39;2025-01;306;educacion;24770794;ARS
39;2025-01;309;servicios;37668763;ARS
39;2025-01;307;recreacion;21962744;ARS
39;2025-01;311;vestimenta;7881022;ARS
39;2025-02;305;alimentos;158588252;ARS
39;2025-02;312;vivienda;128943986;ARS
39;2025-02;310;transporte;37822898;ARS
39;2025-02;308;salud;44886811;ARS
39;2025-02;306;educacion;31061138;ARS
39;2025-02;309;servicios;32550147;ARS
39;2025-02;307;recreacion;23441858;ARS
39;2025-02;311;vestimenta;9854156;ARS
39;2025-03;305;alimentos;171072691;ARS
39;2025-03;312;vivienda;141664756;ARS
39;2025-03;310;transporte;41418191;ARS
39;2025-03;308;salud;49130924;ARS
39;2025-03;306;educacion;28930239;ARS
39;2025-03;309;servicios;45543455;ARS
39;2025-03;307;recreacion;21798725;ARS
39;2025-03;311;vestimenta;11003606;ARS
39;2025-04;305;alimentos;166722589;ARS
39;2025-04;312;vivienda;148415663;ARS
39;2025-04;310;transporte;41889426;ARS
39;2025-04;308;salud;43818558;ARS
39;2025-04;306;educacion;27417684;ARS
39;2025-04;309;servicios;44732435;ARS
39;2025-04;307;recreacion;26023958;ARS
39;2025-04;311;vestimenta;12372787;ARS
39;2025-05;305;alimentos;199100529;ARS
39;2025-05;312;vivienda;153405830;ARS
39;2025-05;310;transporte;41194377;ARS
39;2025-05;308;salud;45150835;ARS
39;2025-05;306;educacion;27356487;ARS
39;2025-05;309;servicios;50143380;ARS
39;2025-05;307;recreacion;28486595;ARS
39;2025-05;311;vestimenta;10540876;ARS
39;2025-06;305;alimentos;211941298;ARS
39;2025-06;312;vivienda;157089559;ARS
39;2025-06;310;transporte;49958964;ARS
39;2025-06;308;salud;48932269;ARS
39;2025-06;306;educacion;31537744;ARS
39;2025-06;309;servicios;44796004;ARS
39;2025-06;307;recreacion;23141080;ARS
39;2025-06;311;vestimenta;9614755;ARS
39;2025-07;305;alimentos;210048396;ARS
39;2025-07;312;vivienda;163251288;ARS
39;2025-07;310;transporte;49521737;ARS
39;2025-07;308;salud;54567695;ARS
39;2025-07;306;educacion;31180938;ARS
39;2025-07;309;servicios;49866422;ARS
39;2025-07;307;recreacion;19408513;ARS
39;2025-07;311;vestimenta;12138202;ARS
39;2025-08;305;alimentos;214628046;ARS
39;2025-08;312;vivienda;184831272;ARS
39;2025-08;310;transporte;46572142;ARS
39;2025-08;308;salud;60762163;ARS
39;2025-08;306;educacion;31295253;ARS
39;2025-08;309;servicios;51676500;ARS
39;2025-08;307;recreacion;27177417;ARS
39;2025-08;311;vestimenta;10855184;ARS
39;2025-09;305;alimentos;219077885;ARS
39;2025-09;312;vivienda;190999157;ARS
39;2025-09;310;transporte;47698703;ARS
39;2025-09;308;salud;54799789;ARS
39;2025-09;306;educacion;35196764;ARS
39;2025-09;309;servicios;47782564;ARS
39;2025-09;307;recreacion;24083205;ARS
39;2025-09;311;vestimenta;9779077;ARS
39;2025-10;305;alimentos;230808964;ARS
39;2025-10;312;vivienda;187039017;ARS
39;2025-10;310;transporte;52660589;ARS
39;2025-10;308;salud;45761549;ARS
39;2025-10;306;educacion;33864032;ARS
39;2025-10;309;servicios;53655310;ARS
39;2025-10;307;recreacion;22724107;ARS
39;2025-10;311;vestimenta;15094281;ARS
39;2025-11;305;alimentos;263549726;ARS
39;2025-11;312;vivienda;201641887;ARS
39;2025-11;310;transporte;52795847;ARS
39;2025-11;308;salud;64774620;ARS
39;2025-11;306;educacion;36596897;ARS
39;2025-11;309;servicios;56303202;ARS
39;2025-11;307;recreacion;28582237;ARS
39;2025-11;311;vestimenta;16958621;ARS
39;2025-12;305;alimentos;273089528;ARS
39;2025-12;312;vivienda;212097280;ARS
39;2025-12;310;transporte;66057496;ARS
39;2025-12;308;salud;65017223;ARS
39;2025-12;306;educacion;39154302;ARS
39;2025-12;309;servicios;56770285;ARS
39;2025-12;307;recreacion;33266084;ARS
39;2025-12;311;vestimenta;20109732;ARS
40;2023-01;313;alimentos;45808436;ARS
40;2023-01;320;vivienda;25149065;ARS
40;2023-01;318;transporte;18006077;ARS
40;2023-01;316;salud;6880200;ARS
40;2023-01;314;educacion;9485411;ARS
40;2023-01;317;servicios;8357005;ARS
40;2023-01;315;recreacion;9785269;ARS
40;2023-01;319;vestimenta;2790940;ARS
40;2023-02;313;alimentos;41212469;ARS
40;2023-02;320;vivienda;29009597;ARS
40;2023-02;318;transporte;16411954;ARS
40;2023-02;316;salud;8695289;ARS
40;2023-02;314;educacion;10631235;ARS
40;2023-02;317;servicios;9886781;ARS
40;2023-02;315;recreacion;7978386;ARS
40;2023-02;319;vestimenta;3697673;ARS
40;2023-03;313;alimentos;40556731;ARS
40;2023-03;320;vivienda;28918233;ARS
40;2023-03;318;transporte;17507521;ARS
40;2023-03;316;salud;9545453;ARS
40;2023-03;314;educacion;11188165;ARS
40;2023-03;317;servicios;11344317;ARS
40;2023-03;315;recreacion;9514261;ARS
40;2023-03;319;vestimenta;3919519;ARS
40;2023-04;313;alimentos;46263482;ARS
40;2023-04;320;vivienda;29490987;ARS
40;2023-04;318;transporte;18564439;ARS
40;2023-04;316;salud;9755350;ARS
40;2023-04;314;educacion;10477240;ARS
40;2023-04;317;servicios;10083741;ARS
40;2023-04;315;recreacion;9373636;ARS
40;2023-04;319;vestimenta;3198175;ARS
40;2023-05;313;alimentos;51480297;ARS
40;2023-05;320;vivienda;32968426;ARS
40;2023-05;318;transporte;19156904;ARS
40;2023-05;316;salud;10247136;ARS
40;2023-05;314;educacion;10071391;ARS
40;2023-05;317;servicios;10548627;ARS
40;2023-05;315;recreacion;8489728;ARS
40;2023-05;319;vestimenta;4163654;ARS
40;2023-06;313;alimentos;51586012;ARS
40;2023-06;320;vivienda;29775919;ARS
40;2023-06;318;transporte;17481591;ARS
40;2023-06;316;salud;10261735;ARS
40;2023-06;314;educacion;11457699;ARS
40;2023-06;317;servicios;11820700;ARS
40;2023-06;315;recreacion;10452625;ARS
40;2023-06;319;vestimenta;3009792;ARS
40;2023-07;313;alimentos;54745053;ARS
40;2023-07;320;vivienda;33948242;ARS
40;2023-07;318;transporte;22598030;ARS
40;2023-07;316;salud;9775065;ARS
40;2023-07;314;educacion;10308139;ARS
40;2023-07;317;servicios;10430417;ARS
40;2023-07;315;recreacion;9995910;ARS
40;2023-07;319;vestimenta;3398716;ARS
40;2023-08;313;alimentos;67906039;ARS
40;2023-08;320;vivienda;35163917;ARS
40;2023-08;318;transporte;18608109;ARS
40;2023-08;316;salud;11273265;ARS
40;2023-08;314;educacion;9892583;ARS
40;2023-08;317;servicios;13092143;ARS
40;2023-08;315;recreacion;8275587;ARS
40;2023-08;319;vestimenta;3151882;ARS
40;2023-09;313;alimentos;48475382;ARS
40;2023-09;320;vivienda;37039126;ARS
40;2023-09;318;transporte;22980658;ARS
40;2023-09;316;salud;13540521;ARS
40;2023-09;314;educacion;12625296;ARS
40;2023-09;317;servicios;13010798;ARS
40;2023-09;315;recreacion;11524415;ARS
40;2023-09;319;vestimenta;4980967;ARS
40;2023-10;313;alimentos;81753802;ARS
40;2023-10;320;vivienda;37189910;ARS
40;2023-10;318;transporte;22040041;ARS
40;2023-10;316;salud;10618604;ARS
40;2023-10;314;educacion;13485699;ARS
40;2023-10;317;servicios;15682114;ARS
40;2023-10;315;recreacion;10168551;ARS
40;2023-10;319;vestimenta;4711794;ARS
40;2023-11;313;alimentos;75764508;ARS
40;2023-11;320;vivienda;43109097;ARS
40;2023-11;318;transporte;20938688;ARS
40;2023-11;316;salud;13066004;ARS
40;2023-11;314;educacion;13113166;ARS
40;2023-11;317;servicios;15129783;ARS
40;2023-11;315;recreacion;14457987;ARS
40;2023-11;319;vestimenta;5994048;ARS
40;2023-12;313;alimentos;79437080;ARS
40;2023-12;320;vivienda;40636074;ARS
40;2023-12;318;transporte;23386240;ARS
40;2023-12;316;salud;14277734;ARS
40;2023-12;314;educacion;13866980;ARS
40;2023-12;317;servicios;14788673;ARS
40;2023-12;315;recreacion;12388334;ARS
40;2023-12;319;vestimenta;5979917;ARS
40;2024-01;313;alimentos;67243132;ARS
40;2024-01;320;vivienda;43407465;ARS
40;2024-01;318;transporte;27005724;ARS
40;2024-01;316;salud;13142540;ARS
40;2024-01;314;educacion;15725795;ARS
40;2024-01;317;servicios;17390646;ARS
40;2024-01;315;recreacion;14509030;ARS
40;2024-01;319;vestimenta;5304922;ARS
40;2024-02;313;alimentos;86806693;ARS
40;2024-02;320;vivienda;46042597;ARS
40;2024-02;318;transporte;22449294;ARS
40;2024-02;316;salud;15102861;ARS
40;2024-02;314;educacion;16781021;ARS
40;2024-02;317;servicios;16630915;ARS
40;2024-02;315;recreacion;12862492;ARS
40;2024-02;319;vestimenta;5202891;ARS
40;2024-03;313;alimentos;63587965;ARS
40;2024-03;320;vivienda;48371438;ARS
40;2024-03;318;transporte;24690879;ARS
40;2024-03;316;salud;19910984;ARS
40;2024-03;314;educacion;20553094;ARS
40;2024-03;317;servicios;18998013;ARS
40;2024-03;315;recreacion;14090310;ARS
40;2024-03;319;vestimenta;5951731;ARS
40;2024-04;313;alimentos;79116921;ARS
40;2024-04;320;vivienda;47091890;ARS
40;2024-04;318;transporte;26842213;ARS
40;2024-04;316;salud;17022471;ARS
40;2024-04;314;educacion;19101111;ARS
40;2024-04;317;servicios;20014276;ARS
40;2024-04;315;recreacion;14627977;ARS
40;2024-04;319;vestimenta;4844490;ARS
40;2024-05;313;alimentos;78168998;ARS
40;2024-05;320;vivienda;52918025;ARS
40;2024-05;318;transporte;33669683;ARS
40;2024-05;316;salud;17709886;ARS
40;2024-05;314;educacion;20424151;ARS
40;2024-05;317;servicios;19789920;ARS
40;2024-05;315;recreacion;12839557;ARS
40;2024-05;319;vestimenta;6100851;ARS
40;2024-06;313;alimentos;89934353;ARS
40;2024-06;320;vivienda;55643645;ARS
40;2024-06;318;transporte;31148259;ARS
40;2024-06;316;salud;18907890;ARS
40;2024-06;314;educacion;21827087;ARS
40;2024-06;317;servicios;20187955;ARS
40;2024-06;315;recreacion;14938360;ARS
40;2024-06;319;vestimenta;5624993;ARS
40;2024-07;313;alimentos;74197814;ARS
40;2024-07;320;vivienda;53977010;ARS
40;2024-07;318;transporte;37225104;ARS
40;2024-07;316;salud;18167325;ARS
40;2024-07;314;educacion;17620862;ARS
40;2024-07;317;servicios;20213996;ARS
40;2024-07;315;recreacion;21333762;ARS
40;2024-07;319;vestimenta;7644475;ARS
40;2024-08;313;alimentos;82278385;ARS
40;2024-08;320;vivienda;58266704;ARS
40;2024-08;318;transporte;31527750;ARS
40;2024-08;316;salud;23592286;ARS
40;2024-08;314;educacion;20009697;ARS
40;2024-08;317;servicios;20488621;ARS
40;2024-08;315;recreacion;17519682;ARS
40;2024-08;319;vestimenta;8222383;ARS
40;2024-09;313;alimentos;96823101;ARS
40;2024-09;320;vivienda;64624144;ARS
40;2024-09;318;transporte;46578535;ARS
40;2024-09;316;salud;16285037;ARS
40;2024-09;314;educacion;23049096;ARS
40;2024-09;317;servicios;22817098;ARS
40;2024-09;315;recreacion;18204129;ARS
40;2024-09;319;vestimenta;7662044;ARS
40;2024-10;313;alimentos;84316317;ARS
40;2024-10;320;vivienda;66450019;ARS
40;2024-10;318;transporte;31578886;ARS
40;2024-10;316;salud;21278667;ARS
40;2024-10;314;educacion;22206384;ARS
40;2024-10;317;servicios;27473492;ARS
40;2024-10;315;recreacion;14790903;ARS
40;2024-10;319;vestimenta;7837761;ARS
40;2024-11;313;alimentos;101331489;ARS
40;2024-11;320;vivienda;66126836;ARS
40;2024-11;318;transporte;33045667;ARS
40;2024-11;316;salud;19618943;ARS
40;2024-11;314;educacion;23667071;ARS
40;2024-11;317;servicios;27206143;ARS
40;2024-11;315;recreacion;19629448;ARS
40;2024-11;319;vestimenta;7390916;ARS
40;2024-12;313;alimentos;100739551;ARS
40;2024-12;320;vivienda;80430342;ARS
40;2024-12;318;transporte;48069715;ARS
40;2024-12;316;salud;26909133;ARS
40;2024-12;314;educacion;29702842;ARS
40;2024-12;317;servicios;29887596;ARS
40;2024-12;315;recreacion;25152595;ARS
40;2024-12;319;vestimenta;9373785;ARS
40;2025-01;313;alimentos;118981113;ARS
40;2025-01;320;vivienda;75211799;ARS
40;2025-01;318;transporte;41342504;ARS
40;2025-01;316;salud;24280497;ARS
40;2025-01;314;educacion;28949802;ARS
40;2025-01;317;servicios;28305205;ARS
40;2025-01;315;recreacion;18366223;ARS
40;2025-01;319;vestimenta;10543434;ARS
40;2025-02;313;alimentos;109850863;ARS
40;2025-02;320;vivienda;77157476;ARS
40;2025-02;318;transporte;46111061;ARS
40;2025-02;316;salud;24525823;ARS
40;2025-02;314;educacion;29229417;ARS
40;2025-02;317;servicios;29962324;ARS
40;2025-02;315;recreacion;28396035;ARS
40;2025-02;319;vestimenta;11930738;ARS
40;2025-03;313;alimentos;111130633;ARS
40;2025-03;320;vivienda;81921260;ARS
40;2025-03;318;transporte;46148148;ARS
40;2025-03;316;salud;27829621;ARS
40;2025-03;314;educacion;36436554;ARS
40;2025-03;317;servicios;30868831;ARS
40;2025-03;315;recreacion;29585149;ARS
40;2025-03;319;vestimenta;8965940;ARS
40;2025-04;313;alimentos;143181442;ARS
40;2025-04;320;vivienda;84826242;ARS
40;2025-04;318;transporte;55678324;ARS
40;2025-04;316;salud;22005364;ARS
40;2025-04;314;educacion;31006947;ARS
40;2025-04;317;servicios;29347264;ARS
40;2025-04;315;recreacion;28668735;ARS
40;2025-04;319;vestimenta;9439532;ARS
40;2025-05;313;alimentos;163035141;ARS
40;2025-05;320;vivienda;82448849;ARS
40;2025-05;318;transporte;55121926;ARS
40;2025-05;316;salud;29408701;ARS
40;2025-05;314;educacion;32138190;ARS
40;2025-05;317;servicios;25463824;ARS
40;2025-05;315;recreacion;29191606;ARS
40;2025-05;319;vestimenta;10746361;ARS
40;2025-06;313;alimentos;141257289;ARS
40;2025-06;320;vivienda;90292631;ARS
40;2025-06;318;transporte;58955273;ARS
40;2025-06;316;salud;24568681;ARS
40;2025-06;314;educacion;32525428;ARS
40;2025-06;317;servicios;33197060;ARS
40;2025-06;315;recreacion;18441583;ARS
40;2025-06;319;vestimenta;8825637;ARS
40;2025-07;313;alimentos;172967873;ARS
40;2025-07;320;vivienda;92998698;ARS
40;2025-07;318;transporte;55592867;ARS
40;2025-07;316;salud;29060893;ARS
40;2025-07;314;educacion;36999010;ARS
40;2025-07;317;servicios;35200728;ARS
40;2025-07;315;recreacion;29295969;ARS
40;2025-07;319;vestimenta;10339899;ARS
40;2025-08;313;alimentos;142074253;ARS
40;2025-08;320;vivienda;111900802;ARS
40;2025-08;318;transporte;66035645;ARS
40;2025-08;316;salud;31161101;ARS
40;2025-08;314;educacion;37750616;ARS
40;2025-08;317;servicios;34715219;ARS
40;2025-08;315;recreacion;33089695;ARS
40;2025-08;319;vestimenta;13779729;ARS
40;2025-09;313;alimentos;175071857;ARS
40;2025-09;320;vivienda;107708264;ARS
40;2025-09;318;transporte;58726881;ARS
40;2025-09;316;salud;33415210;ARS
40;2025-09;314;educacion;38286543;ARS
40;2025-09;317;servicios;35744129;ARS
40;2025-09;315;recreacion;32048277;ARS
40;2025-09;319;vestimenta;8222042;ARS
40;2025-10;313;alimentos;206574024;ARS
40;2025-10;320;vivienda;114277289;ARS
40;2025-10;318;transporte;79864638;ARS
40;2025-10;316;salud;34331149;ARS
40;2025-10;314;educacion;35549964;ARS
40;2025-10;317;servicios;40892333;ARS
40;2025-10;315;recreacion;34384056;ARS
40;2025-10;319;vestimenta;10319633;ARS
40;2025-11;313;alimentos;176126886;ARS
40;2025-11;320;vivienda;119208392;ARS
40;2025-11;318;transporte;63986104;ARS
40;2025-11;316;salud;35122483;ARS
40;2025-11;314;educacion;40313895;ARS
40;2025-11;317;servicios;48665262;ARS
40;2025-11;315;recreacion;30686432;ARS
40;2025-11;319;vestimenta;16999172;ARS
40;2025-12;313;alimentos;182921023;ARS
40;2025-12;320;vivienda;126471200;ARS
40;2025-12;318;transporte;63345512;ARS
40;2025-12;316;salud;39465404;ARS
40;2025-12;314;educacion;44625958;ARS
40;2025-12;317;servicios;39676849;ARS
40;2025-12;315;recreacion;43911889;ARS
40;2025-12;319;vestimenta;13435738;ARS
41;2023-01;321;alimentos;25339311;ARS
41;2023-01;328;vivienda;21051299;ARS
41;2023-01;326;transporte;12001348;ARS
41;2023-01;324;salud;6151612;ARS
41;2023-01;322;educacion;5630765;ARS
41;2023-01;325;servicios;5376825;ARS
41;2023-01;323;recreacion;2982947;ARS
41;2023-01;327;vestimenta;1693407;ARS
41;2023-02;321;alimentos;28102683;ARS
41;2023-02;328;vivienda;21369590;ARS
41;2023-02;326;transporte;11818523;ARS
41;2023-02;324;salud;6444185;ARS
41;2023-02;322;educacion;6902335;ARS
41;2023-02;325;servicios;7163519;ARS
41;2023-02;323;recreacion;2541812;ARS
41;2023-02;327;vestimenta;1996533;ARS
41;2023-03;321;alimentos;26214090;ARS
41;2023-03;328;vivienda;21257773;ARS
41;2023-03;326;transporte;9330509;ARS
41;2023-03;324;salud;6119027;ARS
41;2023-03;322;educacion;7839575;ARS
41;2023-03;325;servicios;7224664;ARS
41;2023-03;323;recreacion;2657863;ARS
41;2023-03;327;vestimenta;2087966;ARS
41;2023-04;321;alimentos;28940911;ARS
41;2023-04;328;vivienda;22476119;ARS
41;2023-04;326;transporte;12752819;ARS
41;2023-04;324;salud;7113178;ARS
41;2023-04;322;educacion;7849797;ARS
41;2023-04;325;servicios;7148643;ARS
41;2023-04;323;recreacion;2734645;ARS
41;2023-04;327;vestimenta;2349734;ARS
41;2023-05;321;alimentos;25884873;ARS
41;2023-05;328;vivienda;23189822;ARS
41;2023-05;326;transporte;11563527;ARS
41;2023-05;324;salud;5988138;ARS
41;2023-05;322;educacion;7057304;ARS
41;2023-05;325;servicios;7979462;ARS
41;2023-05;323;recreacion;3604300;ARS
41;2023-05;327;vestimenta;1596359;ARS
41;2023-06;321;alimentos;28788881;ARS
41;2023-06;328;vivienda;24791203;ARS
41;2023-06;326;transporte;14323184;ARS
41;2023-06;324;salud;6570596;ARS
41;2023-06;322;educacion;7481314;ARS
41;2023-06;325;servicios;8298919;ARS
41;2023-06;323;recreacion;3610842;ARS
41;2023-06;327;vestimenta;2199528;ARS
41;2023-07;321;alimentos;41364344;ARS
41;2023-07;328;vivienda;27985034;ARS
41;2023-07;326;transporte;13483905;ARS
41;2023-07;324;salud;7228537;ARS
41;2023-07;322;educacion;7318871;ARS
41;2023-07;325;servicios;9322050;ARS
41;2023-07;323;recreacion;2914838;ARS
41;2023-07;327;vestimenta;2523950;ARS
41;2023-08;321;alimentos;39245895;ARS
41;2023-08;328;vivienda;27381727;ARS
41;2023-08;326;transporte;13565950;ARS
41;2023-08;324;salud;7066678;ARS
41;2023-08;322;educacion;7163090;ARS
41;2023-08;325;servicios;8992526;ARS
41;2023-08;323;recreacion;4500881;ARS
41;2023-08;327;vestimenta;2458454;ARS
41;2023-09;321;alimentos;43444756;ARS
41;2023-09;328;vivienda;26993369;ARS
41;2023-09;326;transporte;15250641;ARS
41;2023-09;324;salud;7705668;ARS
41;2023-09;322;educacion;8999135;ARS
41;2023-09;325;servicios;9290098;ARS
41;2023-09;323;recreacion;3877603;ARS
41;2023-09;327;vestimenta;3144365;ARS
41;2023-10;321;alimentos;30309974;ARS
41;2023-10;328;vivienda;29254355;ARS
41;2023-10;326;transporte;14988705;ARS
41;2023-10;324;salud;9255313;ARS
41;2023-10;322;educacion;8393475;ARS
41;2023-10;325;servicios;8571640;ARS
41;2023-10;323;recreacion;3834282;ARS
41;2023-10;327;vestimenta;3685939;ARS
41;2023-11;321;alimentos;41685560;ARS
41;2023-11;328;vivienda;31240857;ARS
41;2023-11;326;transporte;16012260;ARS
41;2023-11;324;salud;9434407;ARS
41;2023-11;322;educacion;9615113;ARS
41;2023-11;325;servicios;9512567;ARS
41;2023-11;323;recreacion;4122003;ARS
41;2023-11;327;vestimenta;3099344;ARS
41;2023-12;321;alimentos;49376384;ARS
41;2023-12;328;vivienda;30261816;ARS
41;2023-12;326;transporte;18632671;ARS
41;2023-12;324;salud;9444432;ARS
41;2023-12;322;educacion;8754695;ARS
41;2023-12;325;servicios;9905544;ARS
41;2023-12;323;recreacion;5236941;ARS
41;2023-12;327;vestimenta;3441289;ARS
41;2024-01;321;alimentos;42860339;ARS
41;2024-01;328;vivienda;33704012;ARS
41;2024-01;326;transporte;15794494;ARS
41;2024-01;324;salud;10425905;ARS
41;2024-01;322;educacion;9196647;ARS
41;2024-01;325;servicios;9087764;ARS
41;2024-01;323;recreacion;5230615;ARS
41;2024-01;327;vestimenta;3400376;ARS
41;2024-02;321;alimentos;40970346;ARS
41;2024-02;328;vivienda;34995126;ARS
41;2024-02;326;transporte;19531199;ARS
41;2024-02;324;salud;9974019;ARS
41;2024-02;322;educacion;11691960;ARS
41;2024-02;325;servicios;12544645;ARS
41;2024-02;323;recreacion;5580279;ARS
41;2024-02;327;vestimenta;4259311;ARS
41;2024-03;321;alimentos;48924667;ARS
41;2024-03;328;vivienda;36843878;ARS
41;2024-03;326;transporte;20402412;ARS
41;2024-03;324;salud;10454732;ARS
41;2024-03;322;educacion;10284414;ARS
41;2024-03;325;servicios;12798237;ARS
41;2024-03;323;recreacion;4916268;ARS
41;2024-03;327;vestimenta;3318342;ARS
41;2024-04;321;alimentos;53325384;ARS
41;2024-04;328;vivienda;37912266;ARS
41;2024-04;326;transporte;17411040;ARS
41;2024-04;324;salud;10323837;ARS
41;2024-04;322;educacion;10610766;ARS
41;2024-04;325;servicios;12607894;ARS
41;2024-04;323;recreacion;5570528;ARS
41;2024-04;327;vestimenta;3091879;ARS
41;2024-05;321;alimentos;56902262;ARS
41;2024-05;328;vivienda;39052068;ARS
41;2024-05;326;transporte;18782578;ARS
41;2024-05;324;salud;11205297;ARS
41;2024-05;322;educacion;11289619;ARS
41;2024-05;325;servicios;12880858;ARS
41;2024-05;323;recreacion;4583716;ARS
41;2024-05;327;vestimenta;4307479;ARS
41;2024-06;321;alimentos;39344326;ARS
41;2024-06;328;vivienda;41580264;ARS
41;2024-06;326;transporte;20517701;ARS
41;2024-06;324;salud;11676694;ARS
41;2024-06;322;educacion;13692845;ARS
41;2024-06;325;servicios;14963582;ARS
41;2024-06;323;recreacion;4439770;ARS
41;2024-06;327;vestimenta;3879442;ARS
41;2024-07;321;alimentos;64683249;ARS
41;2024-07;328;vivienda;46341841;ARS
41;2024-07;326;transporte;24604848;ARS
41;2024-07;324;salud;11655119;ARS
41;2024-07;322;educacion;13501183;ARS
41;2024-07;325;servicios;12165722;ARS
41;2024-07;323;recreacion;6702077;ARS
41;2024-07;327;vestimenta;4603055;ARS
41;2024-08;321;alimentos;59471772;ARS
41;2024-08;328;vivienda;45206923;ARS
41;2024-08;326;transporte;22732963;ARS
41;2024-08;324;salud;11086655;ARS
41;2024-08;322;educacion;12364965;ARS
41;2024-08;325;servicios;13420420;ARS
41;2024-08;323;recreacion;5898104;ARS
41;2024-08;327;vestimenta;5828320;ARS
41;2024-09;321;alimentos;59437691;ARS
41;2024-09;328;vivienda;48871042;ARS
41;2024-09;326;transporte;22121352;ARS
41;2024-09;324;salud;14294806;ARS
41;2024-09;322;educacion;13897334;ARS
41;2024-09;325;servicios;13640337;ARS
41;2024-09;323;recreacion;5036893;ARS
41;2024-09;327;vestimenta;7182516;ARS
41;2024-10;321;alimentos;73414353;ARS
41;2024-10;328;vivienda;53434152;ARS
41;2024-10;326;transporte;25304095;ARS
41;2024-10;324;salud;14118196;ARS
41;2024-10;322;educacion;14051350;ARS
41;2024-10;325;servicios;16028603;ARS
41;2024-10;323;recreacion;6816562;ARS
41;2024-10;327;vestimenta;7065498;ARS
41;2024-11;321;alimentos;60430780;ARS
41;2024-11;328;vivienda;52889737;ARS
41;2024-11;326;transporte;29835504;ARS
41;2024-11;324;salud;14264658;ARS
41;2024-11;322;educacion;15311745;ARS
41;2024-11;325;servicios;15889923;ARS
41;2024-11;323;recreacion;6794025;ARS
41;2024-11;327;vestimenta;5515223;ARS
41;2024-12;321;alimentos;71653669;ARS
41;2024-12;328;vivienda;57961203;ARS
41;2024-12;326;transporte;29489251;ARS
41;2024-12;324;salud;14683283;ARS
41;2024-12;322;educacion;16797341;ARS
41;2024-12;325;servicios;18406548;ARS
41;2024-12;323;recreacion;8036558;ARS
41;2024-12;327;vestimenta;5812151;ARS
41;2025-01;321;alimentos;76754188;ARS
41;2025-01;328;vivienda;58217287;ARS
41;2025-01;326;transporte;22325653;ARS
41;2025-01;324;salud;17356114;ARS
41;2025-01;322;educacion;18506817;ARS
41;2025-01;325;servicios;16267795;ARS
41;2025-01;323;recreacion;8685874;ARS
41;2025-01;327;vestimenta;8183285;ARS
41;2025-02;321;alimentos;79032396;ARS
41;2025-02;328;vivienda;60798258;ARS
41;2025-02;326;transporte;36823426;ARS
41;2025-02;324;salud;17284308;ARS
41;2025-02;322;educacion;20319838;ARS
41;2025-02;325;servicios;19934284;ARS
41;2025-02;323;recreacion;7628317;ARS
41;2025-02;327;vestimenta;5796150;ARS
41;2025-03;321;alimentos;83894581;ARS
41;2025-03;328;vivienda;63211144;ARS
41;2025-03;326;transporte;34284422;ARS
41;2025-03;324;salud;16698968;ARS
41;2025-03;322;educacion;21802828;ARS
41;2025-03;325;servicios;19117817;ARS
41;2025-03;323;recreacion;8736310;ARS
41;2025-03;327;vestimenta;5467274;ARS
41;2025-04;321;alimentos;90570796;ARS
41;2025-04;328;vivienda;67853750;ARS
41;2025-04;326;transporte;31677517;ARS
41;2025-04;324;salud;17735661;ARS
41;2025-04;322;educacion;20120610;ARS
41;2025-04;325;servicios;22519141;ARS
41;2025-04;323;recreacion;7747718;ARS
41;2025-04;327;vestimenta;7217266;ARS
41;2025-05;321;alimentos;104974143;ARS
41;2025-05;328;vivienda;67262096;ARS
41;2025-05;326;transporte;38345484;ARS
41;2025-05;324;salud;19385626;ARS
41;2025-05;322;educacion;19512862;ARS
41;2025-05;325;servicios;19142306;ARS
41;2025-05;323;recreacion;8137687;ARS
41;2025-05;327;vestimenta;6286475;ARS
41;2025-06;321;alimentos;86648546;ARS
41;2025-06;328;vivienda;68459424;ARS
41;2025-06;326;transporte;37786535;ARS
41;2025-06;324;salud;20439548;ARS
41;2025-06;322;educacion;18875164;ARS
41;2025-06;325;servicios;23018932;ARS
41;2025-06;323;recreacion;10397991;ARS
41;2025-06;327;vestimenta;7723642;ARS
41;2025-07;321;alimentos;118387635;ARS
41;2025-07;328;vivienda;72349263;ARS
41;2025-07;326;transporte;39596469;ARS
41;2025-07;324;salud;20524515;ARS
41;2025-07;322;educacion;19341157;ARS
41;2025-07;325;servicios;22694918;ARS
41;2025-07;323;recreacion;8607238;ARS
41;2025-07;327;vestimenta;6268688;ARS
41;2025-08;321;alimentos;117814216;ARS
41;2025-08;328;vivienda;82181351;ARS
41;2025-08;326;transporte;38297291;ARS
41;2025-08;324;salud;22201951;ARS
41;2025-08;322;educacion;21284822;ARS
41;2025-08;325;servicios;27723056;ARS
41;2025-08;323;recreacion;9147421;ARS
41;2025-08;327;vestimenta;8978582;ARS
41;2025-09;321;alimentos;107692863;ARS
41;2025-09;328;vivienda;76256606;ARS
41;2025-09;326;transporte;44790566;ARS
41;2025-09;324;salud;23079711;ARS
41;2025-09;322;educacion;24513929;ARS
41;2025-09;325;servicios;25301816;ARS
41;2025-09;323;recreacion;10989087;ARS
41;2025-09;327;vestimenta;9880037;ARS
41;2025-10;321;alimentos;129420466;ARS
41;2025-10;328;vivienda;88469503;ARS
41;2025-10;326;transporte;43609222;ARS
41;2025-10;324;salud;23173348;ARS
41;2025-10;322;educacion;24567219;ARS
41;2025-10;325;servicios;26497933;ARS
41;2025-10;323;recreacion;15200748;ARS
41;2025-10;327;vestimenta;9108235;ARS
41;2025-11;321;alimentos;115533089;ARS
41;2025-11;328;vivienda;84805075;ARS
41;2025-11;326;transporte;46788682;ARS
41;2025-11;324;salud;25624776;ARS
41;2025-11;322;educacion;29102082;ARS
41;2025-11;325;servicios;27150975;ARS
41;2025-11;323;recreacion;15036615;ARS
41;2025-11;327;vestimenta;8353310;ARS
41;2025-12;321;alimentos;112806806;ARS
41;2025-12;328;vivienda;96648327;ARS
41;2025-12;326;transporte;48572141;ARS
41;2025-12;324;salud;26073641;ARS
41;2025-12;322;educacion;24363573;ARS
41;2025-12;325;servicios;32405330;ARS
41;2025-12;323;recreacion;15831825;ARS
41;2025-12;327;vestimenta;10441338;ARS
42;2023-01;329;alimentos;14728574;ARS
42;2023-01;336;vivienda;14031453;ARS
42;2023-01;334;transporte;6246580;ARS
42;2023-01;332;salud;5123747;ARS
42;2023-01;330;educacion;4591703;ARS
42;2023-01;333;servicios;4723768;ARS
42;2023-01;331;recreacion;3726584;ARS
42;2023-01;335;vestimenta;1539715;ARS
42;2023-02;329;alimentos;14885790;ARS
42;2023-02;336;vivienda;14949329;ARS
42;2023-02;334;transporte;8366234;ARS
42;2023-02;332;salud;4290260;ARS
42;2023-02;330;educacion;6213787;ARS
42;2023-02;333;servicios;5603356;ARS
42;2023-02;331;recreacion;3186418;ARS
42;2023-02;335;vestimenta;2513146;ARS
42;2023-03;329;alimentos;12996750;ARS
42;2023-03;336;vivienda;16464249;ARS
42;2023-03;334;transporte;9013939;ARS
42;2023-03;332;salud;4739672;ARS
42;2023-03;330;educacion;6124227;ARS
42;2023-03;333;servicios;4788239;ARS
42;2023-03;331;recreacion;4333345;ARS
42;2023-03;335;vestimenta;1513871;ARS
42;2023-04;329;alimentos;14129482;ARS
42;2023-04;336;vivienda;16280346;ARS
42;2023-04;334;transporte;8028213;ARS
42;2023-04;332;salud;4692047;ARS
42;2023-04;330;educacion;5719574;ARS
42;2023-04;333;servicios;6156592;ARS
42;2023-04;331;recreacion;4474334;ARS
42;2023-04;335;vestimenta;2542755;ARS
42;2023-05;329;alimentos;17797317;ARS
42;2023-05;336;vivienda;19021647;ARS
42;2023-05;334;transporte;9805798;ARS
42;2023-05;332;salud;4846547;ARS
42;2023-05;330;educacion;5734560;ARS
42;2023-05;333;servicios;5696160;ARS
42;2023-05;331;recreacion;5440582;ARS
42;2023-05;335;vestimenta;2100112;ARS
42;2023-06;329;alimentos;17706944;ARS
42;2023-06;336;vivienda;19403716;ARS
42;2023-06;334;transporte;8742663;ARS
42;2023-06;332;salud;4686645;ARS
42;2023-06;330;educacion;6044278;ARS
42;2023-06;333;servicios;5915668;ARS
42;2023-06;331;recreacion;4788697;ARS
42;2023-06;335;vestimenta;2249256;ARS
42;2023-07;329;alimentos;17062487;ARS
42;2023-07;336;vivienda;18360245;ARS
42;2023-07;334;transporte;9841877;ARS
42;2023-07;332;salud;5852865;ARS
42;2023-07;330;educacion;7029977;ARS
42;2023-07;333;servicios;6894864;ARS
42;2023-07;331;recreacion;5517334;ARS
42;2023-07;335;vestimenta;2162033;ARS
42;2023-08;329;alimentos;19562991;ARS
42;2023-08;336;vivienda;20049575;ARS
42;2023-08;334;transporte;10826904;ARS
42;2023-08;332;salud;5625573;ARS
42;2023-08;330;educacion;6323928;ARS
42;2023-08;333;servicios;6857953;ARS
42;2023-08;331;recreacion;4778217;ARS
42;2023-08;335;vestimenta;2611634;ARS
42;2023-09;329;alimentos;20962940;ARS
42;2023-09;336;vivienda;20910137;ARS
42;2023-09;334;transporte;12917012;ARS
42;2023-09;332;salud;7511355;ARS
42;2023-09;330;educacion;7618349;ARS
42;2023-09;333;servicios;6393673;ARS
42;2023-09;331;recreacion;4569244;ARS
42;2023-09;335;vestimenta;2758148;ARS
42;2023-10;329;alimentos;18842517;ARS
42;2023-10;336;vivienda;22212856;ARS
42;2023-10;334;transporte;10439780;ARS
42;2023-10;332;salud;5930576;ARS
42;2023-10;330;educacion;6961443;ARS
42;2023-10;333;servicios;7563257;ARS
42;2023-10;331;recreacion;6293220;ARS
42;2023-10;335;vestimenta;3105503;ARS
42;2023-11;329;alimentos;20005951;ARS
42;2023-11;336;vivienda;22174383;ARS
42;2023-11;334;transporte;11558733;ARS
42;2023-11;332;salud;7104782;ARS
42;2023-11;330;educacion;7169016;ARS
42;2023-11;333;servicios;7604238;ARS
42;2023-11;331;recreacion;5652639;ARS
42;2023-11;335;vestimenta;3140793;ARS
42;2023-12;329;alimentos;21550771;ARS
42;2023-12;336;vivienda;24196076;ARS
42;2023-12;334;transporte;14701480;ARS
42;2023-12;332;salud;6524654;ARS
42;2023-12;330;educacion;7494878;ARS
42;2023-12;333;servicios;7083559;ARS
42;2023-12;331;recreacion;6701536;ARS
42;2023-12;335;vestimenta;2840318;ARS
42;2024-01;329;alimentos;25999517;ARS
42;2024-01;336;vivienda;23769841;ARS
42;2024-01;334;transporte;12507703;ARS
42;2024-01;332;salud;5979271;ARS
42;2024-01;330;educacion;8056889;ARS
42;2024-01;333;servicios;7640622;ARS
42;2024-01;331;recreacion;6461216;ARS
42;2024-01;335;vestimenta;4174403;ARS
42;2024-02;329;alimentos;21509529;ARS
42;2024-02;336;vivienda;27637109;ARS
42;2024-02;334;transporte;11940629;ARS
42;2024-02;332;salud;6907981;ARS
42;2024-02;330;educacion;10662026;ARS
42;2024-02;333;servicios;8948012;ARS
42;2024-02;331;recreacion;6039318;ARS
42;2024-02;335;vestimenta;3785986;ARS
42;2024-03;329;alimentos;29688740;ARS
42;2024-03;336;vivienda;26867294;ARS
42;2024-03;334;transporte;11631497;ARS
42;2024-03;332;salud;6760050;ARS
42;2024-03;330;educacion;9323604;ARS
42;2024-03;333;servicios;7603670;ARS
42;2024-03;331;recreacion;7761758;ARS
42;2024-03;335;vestimenta;4654545;ARS
42;2024-04;329;alimentos;27555292;ARS
42;2024-04;336;vivienda;28607342;ARS
42;2024-04;334;transporte;12624912;ARS
42;2024-04;332;salud;8664158;ARS
42;2024-04;330;educacion;10225041;ARS
42;2024-04;333;servicios;10449628;ARS
42;2024-04;331;recreacion;8593319;ARS
42;2024-04;335;vestimenta;3475744;ARS
42;2024-05;329;alimentos;20652772;ARS
42;2024-05;336;vivienda;30275749;ARS
42;2024-05;334;transporte;15533685;ARS
42;2024-05;332;salud;9680068;ARS
42;2024-05;330;educacion;9307700;ARS
42;2024-05;333;servicios;11334681;ARS
42;2024-05;331;recreacion;5121423;ARS
42;2024-05;335;vestimenta;3895592;ARS
42;2024-06;329;alimentos;27549167;ARS
42;2024-06;336;vivienda;30960939;ARS
42;2024-06;334;transporte;14192385;ARS
42;2024-06;332;salud;8106089;ARS
42;2024-06;330;educacion;10906020;ARS
42;2024-06;333;servicios;10051341;ARS
42;2024-06;331;recreacion;7758665;ARS
42;2024-06;335;vestimenta;4162880;ARS
42;2024-07;329;alimentos;26265668;ARS
42;2024-07;336;vivienda;33033221;ARS
42;2024-07;334;transporte;16770802;ARS
42;2024-07;332;salud;10358973;ARS
42;2024-07;330;educacion;11092027;ARS
42;2024-07;333;servicios;9619697;ARS
42;2024-07;331;recreacion;8903107;ARS
42;2024-07;335;vestimenta;4263358;ARS
42;2024-08;329;alimentos;24534102;ARS
42;2024-08;336;vivienda;32823013;ARS
42;2024-08;334;transporte;15445222;ARS
42;2024-08;332;salud;9491943;ARS
42;2024-08;330;educacion;10464459;ARS
42;2024-08;333;servicios;10873821;ARS
42;2024-08;331;recreacion;5718903;ARS
42;2024-08;335;vestimenta;5190118;ARS
42;2024-09;329;alimentos;23693295;ARS
42;2024-09;336;vivienda;36171485;ARS
42;2024-09;334;transporte;19097981;ARS
42;2024-09;332;salud;7919488;ARS
42;2024-09;330;educacion;11860587;ARS
42;2024-09;333;servicios;10291300;ARS
42;2024-09;331;recreacion;10802183;ARS
42;2024-09;335;vestimenta;2650880;ARS
42;2024-10;329;alimentos;30373236;ARS
42;2024-10;336;vivienda;38089767;ARS
42;2024-10;334;transporte;19081511;ARS
42;2024-10;332;salud;8898460;ARS
42;2024-10;330;educacion;13751906;ARS
42;2024-10;333;servicios;12462515;ARS
42;2024-10;331;recreacion;11227561;ARS
42;2024-10;335;vestimenta;4614292;ARS
42;2024-11;329;alimentos;45175112;ARS
42;2024-11;336;vivienda;40138529;ARS
42;2024-11;334;transporte;20739378;ARS
42;2024-11;332;salud;10563624;ARS
42;2024-11;330;educacion;12320047;ARS
42;2024-11;333;servicios;13321069;ARS
42;2024-11;331;recreacion;10171922;ARS
42;2024-11;335;vestimenta;5655146;ARS
42;2024-12;329;alimentos;32683395;ARS
42;2024-12;336;vivienda;40504102;ARS
42;2024-12;334;transporte;21126089;ARS
42;2024-12;332;salud;11259097;ARS
42;2024-12;330;educacion;12899207;ARS
42;2024-12;333;servicios;15762135;ARS
42;2024-12;331;recreacion;11507075;ARS
42;2024-12;335;vestimenta;5913871;ARS
42;2025-01;329;alimentos;48037598;ARS
42;2025-01;336;vivienda;43007695;ARS
42;2025-01;334;transporte;23290485;ARS
42;2025-01;332;salud;10648970;ARS
42;2025-01;330;educacion;14559408;ARS
42;2025-01;333;servicios;13970666;ARS
42;2025-01;331;recreacion;14688146;ARS
42;2025-01;335;vestimenta;5677974;ARS
42;2025-02;329;alimentos;38031112;ARS
42;2025-02;336;vivienda;40322687;ARS
42;2025-02;334;transporte;25364103;ARS
42;2025-02;332;salud;10293513;ARS
42;2025-02;330;educacion;16775363;ARS
42;2025-02;333;servicios;16298554;ARS
42;2025-02;331;recreacion;13497138;ARS
42;2025-02;335;vestimenta;6080931;ARS
42;2025-03;329;alimentos;40879993;ARS
42;2025-03;336;vivienda;46483807;ARS
42;2025-03;334;transporte;21840520;ARS
42;2025-03;332;salud;15293357;ARS
42;2025-03;330;educacion;21698528;ARS
42;2025-03;333;servicios;14827980;ARS
42;2025-03;331;recreacion;13674693;ARS
42;2025-03;335;vestimenta;6059693;ARS
42;2025-04;329;alimentos;39281867;ARS
42;2025-04;336;vivienda;49149018;ARS
42;2025-04;334;transporte;20517729;ARS
42;2025-04;332;salud;12561262;ARS
42;2025-04;330;educacion;16800778;ARS
42;2025-04;333;servicios;14547301;ARS
42;2025-04;331;recreacion;12030793;ARS
42;2025-04;335;vestimenta;8050986;ARS
42;2025-05;329;alimentos;35315074;ARS
42;2025-05;336;vivienda;48785776;ARS
42;2025-05;334;transporte;27451444;ARS
42;2025-05;332;salud;14394458;ARS
42;2025-05;330;educacion;17352455;ARS
42;2025-05;333;servicios;15915599;ARS
42;2025-05;331;recreacion;19058759;ARS
42;2025-05;335;vestimenta;5634070;ARS
42;2025-06;329;alimentos;43936952;ARS
42;2025-06;336;vivienda;56601430;ARS
42;2025-06;334;transporte;28775874;ARS
42;2025-06;332;salud;12438051;ARS
42;2025-06;330;educacion;16705565;ARS
42;2025-06;333;servicios;19380597;ARS
42;2025-06;331;recreacion;13553596;ARS
42;2025-06;335;vestimenta;9548526;ARS
42;2025-07;329;alimentos;46261719;ARS
42;2025-07;336;vivienda;54225726;ARS
42;2025-07;334;transporte;34218556;ARS
42;2025-07;332;salud;15029891;ARS
42;2025-07;330;educacion;17442235;ARS
42;2025-07;333;servicios;19813112;ARS
42;2025-07;331;recreacion;17481147;ARS
42;2025-07;335;vestimenta;7672492;ARS
42;2025-08;329;alimentos;62108792;ARS
42;2025-08;336;vivienda;56354588;ARS
42;2025-08;334;transporte;23801387;ARS
42;2025-08;332;salud;15165789;ARS
42;2025-08;330;educacion;16670800;ARS
42;2025-08;333;servicios;20100704;ARS
42;2025-08;331;recreacion;15081588;ARS
42;2025-08;335;vestimenta;7157718;ARS
42;2025-09;329;alimentos;41471710;ARS
42;2025-09;336;vivienda;60333985;ARS
42;2025-09;334;transporte;35122611;ARS
42;2025-09;332;salud;17383672;ARS
42;2025-09;330;educacion;21139132;ARS
42;2025-09;333;servicios;19614420;ARS
42;2025-09;331;recreacion;18586530;ARS
42;2025-09;335;vestimenta;7114139;ARS
42;2025-10;329;alimentos;57925978;ARS
42;2025-10;336;vivienda;62767899;ARS
42;2025-10;334;transporte;36910896;ARS
42;2025-10;332;salud;14811005;ARS
42;2025-10;330;educacion;19347123;ARS
42;2025-10;333;servicios;20885916;ARS
42;2025-10;331;recreacion;17239125;ARS
42;2025-10;335;vestimenta;9945583;ARS
42;2025-11;329;alimentos;52293043;ARS
42;2025-11;336;vivienda;65779893;ARS
42;2025-11;334;transporte;35607980;ARS
42;2025-11;332;salud;19393018;ARS
42;2025-11;330;educacion;22134879;ARS
42;2025-11;333;servicios;17400951;ARS
42;2025-11;331;recreacion;14110072;ARS
42;2025-11;335;vestimenta;11159073;ARS
42;2025-12;329;alimentos;59457549;ARS
42;2025-12;336;vivienda;68391586;ARS
42;2025-12;334;transporte;39254253;ARS
42;2025-12;332;salud;19643289;ARS
42;2025-12;330;educacion;24536138;ARS
42;2025-12;333;servicios;22546103;ARS
42;2025-12;331;recreacion;15772064;ARS
42;2025-12;335;vestimenta;12232114;ARS
43;2023-01;337;alimentos;28743739;ARS
43;2023-01;344;vivienda;23674477;ARS
43;2023-01;342;transporte;8851155;ARS
43;2023-01;340;salud;7794180;ARS
43;2023-01;338;educacion;6016988;ARS
43;2023-01;341;servicios;7866934;ARS
43;2023-01;339;recreacion;6989149;ARS
43;2023-01;343;vestimenta;1938739;ARS
43;2023-02;337;alimentos;33500891;ARS
43;2023-02;344;vivienda;24637085;ARS
43;2023-02;342;transporte;9560084;ARS
43;2023-02;340;salud;10357454;ARS
43;2023-02;338;educacion;6634746;ARS
43;2023-02;341;servicios;8712555;ARS
43;2023-02;339;recreacion;5973437;ARS
43;2023-02;343;vestimenta;1946079;ARS
43;2023-03;337;alimentos;39244451;ARS
43;2023-03;344;vivienda;26668183;ARS
43;2023-03;342;transporte;9863170;ARS
43;2023-03;340;salud;8880961;ARS
43;2023-03;338;educacion;7020093;ARS
43;2023-03;341;servicios;8802885;ARS
43;2023-03;339;recreacion;6835011;ARS
43;2023-03;343;vestimenta;2330013;ARS
43;2023-04;337;alimentos;42076759;ARS
43;2023-04;344;vivienda;27653819;ARS
43;2023-04;342;transporte;10584905;ARS
43;2023-04;340;salud;10147965;ARS
43;2023-04;338;educacion;7157049;ARS
43;2023-04;341;servicios;8728287;ARS
43;2023-04;339;recreacion;6987650;ARS
43;2023-04;343;vestimenta;2475058;ARS
43;2023-05;337;alimentos;41122348;ARS
43;2023-05;344;vivienda;29669643;ARS
43;2023-05;342;transporte;11836779;ARS
43;2023-05;340;salud;11304845;ARS
43;2023-05;338;educacion;7513522;ARS
43;2023-05;341;servicios;9832985;ARS
43;2023-05;339;recreacion;6239774;ARS
43;2023-05;343;vestimenta;3167388;ARS
43;2023-06;337;alimentos;40475731;ARS
43;2023-06;344;vivienda;30536777;ARS
43;2023-06;342;transporte;10836878;ARS
43;2023-06;340;salud;11352144;ARS
43;2023-06;338;educacion;8154019;ARS
43;2023-06;341;servicios;9309604;ARS
43;2023-06;339;recreacion;7777851;ARS
43;2023-06;343;vestimenta;2460998;ARS
43;2023-07;337;alimentos;51765374;ARS
43;2023-07;344;vivienda;31963588;ARS
43;2023-07;342;transporte;12333773;ARS
43;2023-07;340;salud;11553088;ARS
43;2023-07;338;educacion;8857187;ARS
43;2023-07;341;servicios;10492751;ARS
43;2023-07;339;recreacion;8012273;ARS
43;2023-07;343;vestimenta;3453655;ARS
43;2023-08;337;alimentos;41470699;ARS
43;2023-08;344;vivienda;30399729;ARS
43;2023-08;342;transporte;12550690;ARS
43;2023-08;340;salud;12386636;ARS
43;2023-08;338;educacion;9680903;ARS
43;2023-08;341;servicios;12268561;ARS
43;2023-08;339;recreacion;7083396;ARS
43;2023-08;343;vestimenta;3415915;ARS
43;2023-09;337;alimentos;49721987;ARS
43;2023-09;344;vivienda;34194011;ARS
43;2023-09;342;transporte;13433891;ARS
43;2023-09;340;salud;14782678;ARS
43;2023-09;338;educacion;8507590;ARS
43;2023-09;341;servicios;12663655;ARS
43;2023-09;339;recreacion;7000086;ARS
43;2023-09;343;vestimenta;2192952;ARS
43;2023-10;337;alimentos;45416411;ARS
43;2023-10;344;vivienda;37221650;ARS
43;2023-10;342;transporte;13359454;ARS
43;2023-10;340;salud;13118011;ARS
43;2023-10;338;educacion;8914118;ARS
43;2023-10;341;servicios;11971552;ARS
43;2023-10;339;recreacion;6499210;ARS
43;2023-10;343;vestimenta;2068115;ARS
43;2023-11;337;alimentos;41545166;ARS
43;2023-11;344;vivienda;37588558;ARS
43;2023-11;342;transporte;13867101;ARS
43;2023-11;340;salud;12045544;ARS
43;2023-11;338;educacion;9793185;ARS
43;2023-11;341;servicios;14165537;ARS
43;2023-11;339;recreacion;8741643;ARS
43;2023-11;343;vestimenta;3969178;ARS
43;2023-12;337;alimentos;49048040;ARS
43;2023-12;344;vivienda;40232335;ARS
43;2023-12;342;transporte;14514201;ARS
43;2023-12;340;salud;14292274;ARS
43;2023-12;338;educacion;10098143;ARS
43;2023-12;341;servicios;13680414;ARS
43;2023-12;339;recreacion;9427929;ARS
43;2023-12;343;vestimenta;4649204;ARS
43;2024-01;337;alimentos;43882696;ARS
43;2024-01;344;vivienda;42212049;ARS
43;2024-01;342;transporte;14474967;ARS
43;2024-01;340;salud;15582442;ARS
43;2024-01;338;educacion;11648106;ARS
43;2024-01;341;servicios;12806289;ARS
43;2024-01;339;recreacion;10658759;ARS
43;2024-01;343;vestimenta;4256123;ARS
43;2024-02;337;alimentos;65869678;ARS
43;2024-02;344;vivienda;41720835;ARS
43;2024-02;342;transporte;17012366;ARS
43;2024-02;340;salud;14537192;ARS
43;2024-02;338;educacion;13353412;ARS
43;2024-02;341;servicios;16951871;ARS
43;2024-02;339;recreacion;10346409;ARS
43;2024-02;343;vestimenta;5652780;ARS
43;2024-03;337;alimentos;63546193;ARS
43;2024-03;344;vivienda;45043787;ARS
43;2024-03;342;transporte;18502300;ARS
43;2024-03;340;salud;17777894;ARS
43;2024-03;338;educacion;13283204;ARS
43;2024-03;341;servicios;14385485;ARS
43;2024-03;339;recreacion;9900460;ARS
43;2024-03;343;vestimenta;3926789;ARS
43;2024-04;337;alimentos;63863257;ARS
43;2024-04;344;vivienda;47404577;ARS
43;2024-04;342;transporte;15850898;ARS
43;2024-04;340;salud;16760916;ARS
43;2024-04;338;educacion;12384994;ARS
43;2024-04;341;servicios;15612059;ARS
43;2024-04;339;recreacion;13325179;ARS
43;2024-04;343;vestimenta;3976881;ARS
43;2024-05;337;alimentos;62548058;ARS
43;2024-05;344;vivienda;50901221;ARS
43;2024-05;342;transporte;16415922;ARS
43;2024-05;340;salud;17841692;ARS
43;2024-05;338;educacion;11578451;ARS
43;2024-05;341;servicios;16363933;ARS
43;2024-05;339;recreacion;14533179;ARS
43;2024-05;343;vestimenta;4823721;ARS
43;2024-06;337;alimentos;73813161;ARS
43;2024-06;344;vivienda;48127389;ARS
43;2024-06;342;transporte;17427010;ARS
43;2024-06;340;salud;16095076;ARS
43;2024-06;338;educacion;14185452;ARS
43;2024-06;341;servicios;15102727;ARS
43;2024-06;339;recreacion;12235532;ARS
43;2024-06;343;vestimenta;4045682;ARS
43;2024-07;337;alimentos;68698385;ARS
43;2024-07;344;vivienda;56880064;ARS
43;2024-07;342;transporte;17561232;ARS
43;2024-07;340;salud;19710668;ARS
43;2024-07;338;educacion;14843055;ARS
43;2024-07;341;servicios;16998813;ARS
43;2024-07;339;recreacion;12084153;ARS
43;2024-07;343;vestimenta;6749330;ARS
43;2024-08;337;alimentos;62848180;ARS
43;2024-08;344;vivienda;58076927;ARS
43;2024-08;342;transporte;22097185;ARS
43;2024-08;340;salud;24485445;ARS
43;2024-08;338;educacion;16035753;ARS
43;2024-08;341;servicios;19363602;ARS
43;2024-08;339;recreacion;10815100;ARS
43;2024-08;343;vestimenta;7124857;ARS
43;2024-09;337;alimentos;99051885;ARS
43;2024-09;344;vivienda;54179926;ARS
43;2024-09;342;transporte;21886822;ARS
43;2024-09;340;salud;21435323;ARS
43;2024-09;338;educacion;15087822;ARS
43;2024-09;341;servicios;20455970;ARS
43;2024-09;339;recreacion;13737655;ARS
43;2024-09;343;vestimenta;5547378;ARS
43;2024-10;337;alimentos;80782106;ARS
43;2024-10;344;vivienda;63715690;ARS
43;2024-10;342;transporte;23181860;ARS
43;2024-10;340;salud;22810707;ARS
43;2024-10;338;educacion;17511311;ARS
43;2024-10;341;servicios;21084916;ARS
43;2024-10;339;recreacion;14414964;ARS
43;2024-10;343;vestimenta;7410804;ARS
43;2024-11;337;alimentos;74454404;ARS
43;2024-11;344;vivienda;61250373;ARS
43;2024-11;342;transporte;26324327;ARS
43;2024-11;340;salud;21009516;ARS
43;2024-11;338;educacion;15694626;ARS
43;2024-11;341;servicios;21096317;ARS
43;2024-11;339;recreacion;15418308;ARS
43;2024-11;343;vestimenta;9037274;ARS
43;2024-12;337;alimentos;96399228;ARS
43;2024-12;344;vivienda;66919517;ARS
43;2024-12;342;transporte;25024275;ARS
43;2024-12;340;salud;22856923;ARS
43;2024-12;338;educacion;18068561;ARS
43;2024-12;341;servicios;22642634;ARS
43;2024-12;339;recreacion;14880637;ARS
43;2024-12;343;vestimenta;6193920;ARS
43;2025-01;337;alimentos;103008188;ARS
43;2025-01;344;vivienda;73325914;ARS
43;2025-01;342;transporte;28098354;ARS
43;2025-01;340;salud;26327395;ARS
43;2025-01;338;educacion;18927928;ARS
43;2025-01;341;servicios;24889087;ARS
43;2025-01;339;recreacion;16947916;ARS
43;2025-01;343;vestimenta;7718536;ARS
43;2025-02;337;alimentos;81076895;ARS
43;2025-02;344;vivienda;72458722;ARS
43;2025-02;342;transporte;28274139;ARS
43;2025-02;340;salud;25152117;ARS
43;2025-02;338;educacion;22165739;ARS
43;2025-02;341;servicios;23924337;ARS
43;2025-02;339;recreacion;21091546;ARS
43;2025-02;343;vestimenta;9509020;ARS
43;2025-03;337;alimentos;94731028;ARS
43;2025-03;344;vivienda;79458100;ARS
43;2025-03;342;transporte;20912324;ARS
43;2025-03;340;salud;29642531;ARS
43;2025-03;338;educacion;20952008;ARS
43;2025-03;341;servicios;28506882;ARS
43;2025-03;339;recreacion;21368255;ARS
43;2025-03;343;vestimenta;9894851;ARS
43;2025-04;337;alimentos;110724125;ARS
43;2025-04;344;vivienda;84647087;ARS
43;2025-04;342;transporte;30668982;ARS
43;2025-04;340;salud;31912982;ARS
43;2025-04;338;educacion;21993799;ARS
43;2025-04;341;servicios;28969879;ARS
43;2025-04;339;recreacion;18466496;ARS
43;2025-04;343;vestimenta;7396815;ARS
43;2025-05;337;alimentos;96431361;ARS
43;2025-05;344;vivienda;78405785;ARS
43;2025-05;342;transporte;30398281;ARS
43;2025-05;340;salud;27709012;ARS
43;2025-05;338;educacion;20478121;ARS
43;2025-05;341;servicios;27409893;ARS
43;2025-05;339;recreacion;16257507;ARS
43;2025-05;343;vestimenta;9857079;ARS
43;2025-06;337;alimentos;100471328;ARS
43;2025-06;344;vivienda;92005687;ARS
43;2025-06;342;transporte;29189819;ARS
43;2025-06;340;salud;32318899;ARS
43;2025-06;338;educacion;25241744;ARS
43;2025-06;341;servicios;31888986;ARS
43;2025-06;339;recreacion;25526883;ARS
43;2025-06;343;vestimenta;7467434;ARS
43;2025-07;337;alimentos;100803875;ARS
43;2025-07;344;vivienda;89671174;ARS
43;2025-07;342;transporte;35555460;ARS
43;2025-07;340;salud;36084371;ARS
43;2025-07;338;educacion;24238182;ARS
43;2025-07;341;servicios;29657736;ARS
43;2025-07;339;recreacion;20071449;ARS
43;2025-07;343;vestimenta;8977307;ARS
43;2025-08;337;alimentos;134358347;ARS
43;2025-08;344;vivienda;89901470;ARS
43;2025-08;342;transporte;32171813;ARS
43;2025-08;340;salud;39472842;ARS
43;2025-08;338;educacion;26001923;ARS
43;2025-08;341;servicios;31818601;ARS
43;2025-08;339;recreacion;23287442;ARS
43;2025-08;343;vestimenta;10833424;ARS
43;2025-09;337;alimentos;139757395;ARS
43;2025-09;344;vivienda;104181847;ARS
43;2025-09;342;transporte;43545110;ARS
43;2025-09;340;salud;30483277;ARS
43;2025-09;338;educacion;23886977;ARS
43;2025-09;341;servicios;36089481;ARS
43;2025-09;339;recreacion;27291664;ARS
43;2025-09;343;vestimenta;10050050;ARS
43;2025-10;337;alimentos;137804652;ARS
43;2025-10;344;vivienda;107249694;ARS
43;2025-10;342;transporte;40217751;ARS
43;2025-10;340;salud;38400814;ARS
43;2025-10;338;educacion;29331993;ARS
43;2025-10;341;servicios;37926174;ARS
43;2025-10;339;recreacion;25041076;ARS
43;2025-10;343;vestimenta;11437041;ARS
43;2025-11;337;alimentos;198934015;ARS
43;2025-11;344;vivienda;108757149;ARS
43;2025-11;342;transporte;43055056;ARS
43;2025-11;340;salud;43271539;ARS
43;2025-11;338;educacion;26672002;ARS
43;2025-11;341;servicios;39472883;ARS
43;2025-11;339;recreacion;23579794;ARS
43;2025-11;343;vestimenta;8178907;ARS
43;2025-12;337;alimentos;168196995;ARS
43;2025-12;344;vivienda;110548753;ARS
43;2025-12;342;transporte;40638326;ARS
43;2025-12;340;salud;39800475;ARS
43;2025-12;338;educacion;29303479;ARS
43;2025-12;341;servicios;38001422;ARS
43;2025-12;339;recreacion;25021287;ARS
43;2025-12;343;vestimenta;13672871;ARS
44;2023-01;345;alimentos;27055442;ARS
44;2023-01;352;vivienda;27992485;ARS
44;2023-01;350;transporte;11019574;ARS
44;2023-01;348;salud;6367987;ARS
44;2023-01;346;educacion;4787705;ARS
44;2023-01;349;servicios;8226504;ARS
44;2023-01;347;recreacion;4361705;ARS
44;2023-01;351;vestimenta;1846374;ARS
44;2023-02;345;alimentos;30808975;ARS
44;2023-02;352;vivienda;31730840;ARS
44;2023-02;350;transporte;8357227;ARS
44;2023-02;348;salud;7303634;ARS
44;2023-02;346;educacion;5988888;ARS
44;2023-02;349;servicios;7622657;ARS
44;2023-02;347;recreacion;4037774;ARS
44;2023-02;351;vestimenta;2479784;ARS
44;2023-03;345;alimentos;26041063;ARS
44;2023-03;352;vivienda;31114127;ARS
44;2023-03;350;transporte;9336637;ARS
44;2023-03;348;salud;7475323;ARS
44;2023-03;346;educacion;6380215;ARS
44;2023-03;349;servicios;8266235;ARS
44;2023-03;347;recreacion;4551669;ARS
44;2023-03;351;vestimenta;2810222;ARS
44;2023-04;345;alimentos;24587931;ARS
44;2023-04;352;vivienda;33391903;ARS
44;2023-04;350;transporte;10379833;ARS
44;2023-04;348;salud;7145532;ARS
44;2023-04;346;educacion;5528883;ARS
44;2023-04;349;servicios;8630279;ARS
44;2023-04;347;recreacion;4397473;ARS
44;2023-04;351;vestimenta;2207364;ARS
44;2023-05;345;alimentos;30352803;ARS
44;2023-05;352;vivienda;34333668;ARS
44;2023-05;350;transporte;11013796;ARS
44;2023-05;348;salud;7827966;ARS
44;2023-05;346;educacion;5596199;ARS
44;2023-05;349;servicios;8980012;ARS
44;2023-05;347;recreacion;3825993;ARS
44;2023-05;351;vestimenta;2463984;ARS
44;2023-06;345;alimentos;37444472;ARS
44;2023-06;352;vivienda;35580688;ARS
44;2023-06;350;transporte;11140927;ARS
44;2023-06;348;salud;7082375;ARS
44;2023-06;346;educacion;5520144;ARS
44;2023-06;349;servicios;8576900;ARS
44;2023-06;347;recreacion;4300516;ARS
44;2023-06;351;vestimenta;2703092;ARS
44;2023-07;345;alimentos;31427476;ARS
44;2023-07;352;vivienda;40531867;ARS
44;2023-07;350;transporte;11009391;ARS
44;2023-07;348;salud;9292130;ARS
44;2023-07;346;educacion;6068539;ARS
44;2023-07;349;servicios;10891314;ARS
44;2023-07;347;recreacion;4721648;ARS
44;2023-07;351;vestimenta;2119426;ARS
44;2023-08;345;alimentos;33470389;ARS
44;2023-08;352;vivienda;40313866;ARS
44;2023-08;350;transporte;11611345;ARS
44;2023-08;348;salud;8550226;ARS
44;2023-08;346;educacion;6114137;ARS
44;2023-08;349;servicios;9449584;ARS
44;2023-08;347;recreacion;5352980;ARS
44;2023-08;351;vestimenta;2998298;ARS
44;2023-09;345;alimentos;41148669;ARS
44;2023-09;352;vivienda;42920291;ARS
44;2023-09;350;transporte;11733057;ARS
44;2023-09;348;salud;9796459;ARS
44;2023-09;346;educacion;6507911;ARS
44;2023-09;349;servicios;9927257;ARS
44;2023-09;347;recreacion;5830884;ARS
44;2023-09;351;vestimenta;3105351;ARS
44;2023-10;345;alimentos;39917508;ARS
44;2023-10;352;vivienda;42203023;ARS
44;2023-10;350;transporte;10644469;ARS
44;2023-10;348;salud;9695270;ARS
44;2023-10;346;educacion;6289005;ARS
44;2023-10;349;servicios;11906304;ARS
44;2023-10;347;recreacion;5777461;ARS
44;2023-10;351;vestimenta;3753990;ARS
44;2023-11;345;alimentos;25546421;ARS
44;2023-11;352;vivienda;44019652;ARS
44;2023-11;350;transporte;15315962;ARS
44;2023-11;348;salud;9103990;ARS
44;2023-11;346;educacion;6704916;ARS
44;2023-11;349;servicios;12648698;ARS
44;2023-11;347;recreacion;5250182;ARS
44;2023-11;351;vestimenta;3818220;ARS
44;2023-12;345;alimentos;39335566;ARS
44;2023-12;352;vivienda;50034944;ARS
44;2023-12;350;transporte;15179093;ARS
44;2023-12;348;salud;9691976;ARS
44;2023-12;346;educacion;7713540;ARS
44;2023-12;349;servicios;10794250;ARS
44;2023-12;347;recreacion;8524060;ARS
44;2023-12;351;vestimenta;3751400;ARS
44;2024-01;345;alimentos;45453432;ARS
44;2024-01;352;vivienda;48756330;ARS
44;2024-01;350;transporte;12995425;ARS
44;2024-01;348;salud;11678744;ARS
44;2024-01;346;educacion;8340877;ARS
44;2024-01;349;servicios;12362310;ARS
44;2024-01;347;recreacion;6223604;ARS
44;2024-01;351;vestimenta;2891251;ARS
44;2024-02;345;alimentos;41524581;ARS
44;2024-02;352;vivienda;50418128;ARS
44;2024-02;350;transporte;14935111;ARS
44;2024-02;348;salud;10366540;ARS
44;2024-02;346;educacion;9509697;ARS
44;2024-02;349;servicios;14091854;ARS
44;2024-02;347;recreacion;5458961;ARS
44;2024-02;351;vestimenta;4329143;ARS
44;2024-03;345;alimentos;40920652;ARS
44;2024-03;352;vivienda;55250915;ARS
44;2024-03;350;transporte;16836196;ARS
44;2024-03;348;salud;11206048;ARS
44;2024-03;346;educacion;9753145;ARS
44;2024-03;349;servicios;13243815;ARS
44;2024-03;347;recreacion;5933843;ARS
44;2024-03;351;vestimenta;3657490;ARS
44;2024-04;345;alimentos;48066740;ARS
44;2024-04;352;vivienda;55724310;ARS
44;2024-04;350;transporte;16855801;ARS
44;2024-04;348;salud;13350265;ARS
44;2024-04;346;educacion;8752118;ARS
44;2024-04;349;servicios;15520064;ARS
44;2024-04;347;recreacion;7648298;ARS
44;2024-04;351;vestimenta;5029751;ARS
44;2024-05;345;alimentos;52595707;ARS
44;2024-05;352;vivienda;58053240;ARS
44;2024-05;350;transporte;15765533;ARS
44;2024-05;348;salud;11486381;ARS
44;2024-05;346;educacion;8983881;ARS
44;2024-05;349;servicios;16038952;ARS
44;2024-05;347;recreacion;9075159;ARS
44;2024-05;351;vestimenta;3791773;ARS
44;2024-06;345;alimentos;48381073;ARS
44;2024-06;352;vivienda;62594202;ARS
44;2024-06;350;transporte;20980048;ARS
44;2024-06;348;salud;12227509;ARS
44;2024-06;346;educacion;10258762;ARS
44;2024-06;349;servicios;15180919;ARS
44;2024-06;347;recreacion;7189210;ARS
44;2024-06;351;vestimenta;3637309;ARS
44;2024-07;345;alimentos;52434010;ARS
44;2024-07;352;vivienda;68517836;ARS
44;2024-07;350;transporte;18731847;ARS
44;2024-07;348;salud;13177888;ARS
44;2024-07;346;educacion;9225406;ARS
44;2024-07;349;servicios;17529479;ARS
44;2024-07;347;recreacion;8263235;ARS
44;2024-07;351;vestimenta;3361674;ARS
44;2024-08;345;alimentos;63093398;ARS
44;2024-08;352;vivienda;70972585;ARS
44;2024-08;350;transporte;18110129;ARS
44;2024-08;348;salud;14069316;ARS
44;2024-08;346;educacion;10270482;ARS
44;2024-08;349;servicios;18115636;ARS
44;2024-08;347;recreacion;8515003;ARS
44;2024-08;351;vestimenta;3968062;ARS
44;2024-09;345;alimentos;71955175;ARS
44;2024-09;352;vivienda;66250322;ARS
44;2024-09;350;transporte;23250115;ARS
44;2024-09;348;salud;14650165;ARS
44;2024-09;346;educacion;10531408;ARS
44;2024-09;349;servicios;21121754;ARS
44;2024-09;347;recreacion;9042560;ARS
44;2024-09;351;vestimenta;4811888;ARS
44;2024-10;345;alimentos;73444877;ARS
44;2024-10;352;vivienda;73105205;ARS
44;2024-10;350;transporte;19469906;ARS
44;2024-10;348;salud;15981365;ARS
44;2024-10;346;educacion;11502100;ARS
44;2024-10;349;servicios;18623611;ARS
44;2024-10;347;recreacion;9061386;ARS
44;2024-10;351;vestimenta;4837634;ARS
44;2024-11;345;alimentos;42522003;ARS
44;2024-11;352;vivienda;73574443;ARS
44;2024-11;350;transporte;23507927;ARS
44;2024-11;348;salud;15429101;ARS
44;2024-11;346;educacion;11335935;ARS
44;2024-11;349;servicios;20509211;ARS
44;2024-11;347;recreacion;10784904;ARS
44;2024-11;351;vestimenta;5886955;ARS
44;2024-12;345;alimentos;57033169;ARS
44;2024-12;352;vivienda;83020901;ARS
44;2024-12;350;transporte;25049501;ARS
44;2024-12;348;salud;21658262;ARS
44;2024-12;346;educacion;13734395;ARS
44;2024-12;349;servicios;20023790;ARS
44;2024-12;347;recreacion;12531404;ARS
44;2024-12;351;vestimenta;6246748;ARS
44;2025-01;345;alimentos;72231112;ARS
44;2025-01;352;vivienda;80063189;ARS
44;2025-01;350;transporte;25892948;ARS
44;2025-01;348;salud;21319871;ARS
44;2025-01;346;educacion;13750569;ARS
44;2025-01;349;servicios;24080297;ARS
44;2025-01;347;recreacion;15549558;ARS
44;2025-01;351;vestimenta;4932318;ARS
44;2025-02;345;alimentos;75709927;ARS
44;2025-02;352;vivienda;87783430;ARS
44;2025-02;350;transporte;31482208;ARS
44;2025-02;348;salud;18885624;ARS
44;2025-02;346;educacion;16539018;ARS
44;2025-02;349;servicios;25091114;ARS
44;2025-02;347;recreacion;11344237;ARS
44;2025-02;351;vestimenta;5016986;ARS
44;2025-03;345;alimentos;73383636;ARS
44;2025-03;352;vivienda;92245218;ARS
44;2025-03;350;transporte;28259844;ARS
44;2025-03;348;salud;22684058;ARS
44;2025-03;346;educacion;17492855;ARS
44;2025-03;349;servicios;21967710;ARS
44;2025-03;347;recreacion;10775588;ARS
44;2025-03;351;vestimenta;8442091;ARS
44;2025-04;345;alimentos;64468701;ARS
44;2025-04;352;vivienda;92577735;ARS
44;2025-04;350;transporte;31839669;ARS
44;2025-04;348;salud;21502136;ARS
44;2025-04;346;educacion;14843249;ARS
44;2025-04;349;servicios;24540969;ARS
44;2025-04;347;recreacion;10627872;ARS
44;2025-04;351;vestimenta;5990127;ARS
44;2025-05;345;alimentos;82387949;ARS
44;2025-05;352;vivienda;98844361;ARS
44;2025-05;350;transporte;30181006;ARS
44;2025-05;348;salud;22826957;ARS
44;2025-05;346;educacion;15783852;ARS
44;2025-05;349;servicios;26452443;ARS
44;2025-05;347;recreacion;12721512;ARS
44;2025-05;351;vestimenta;8753256;ARS
44;2025-06;345;alimentos;92354117;ARS
44;2025-06;352;vivienda;103262445;ARS
44;2025-06;350;transporte;31490222;ARS
44;2025-06;348;salud;22827300;ARS
44;2025-06;346;educacion;16597354;ARS
44;2025-06;349;servicios;26425934;ARS
44;2025-06;347;recreacion;16324418;ARS
44;2025-06;351;vestimenta;8433789;ARS
44;2025-07;345;alimentos;80338646;ARS
44;2025-07;352;vivienda;107238471;ARS
44;2025-07;350;transporte;40040160;ARS
44;2025-07;348;salud;22603472;ARS
44;2025-07;346;educacion;17650837;ARS
44;2025-07;349;servicios;29298838;ARS
44;2025-07;347;recreacion;16089661;ARS
44;2025-07;351;vestimenta;5447629;ARS
44;2025-08;345;alimentos;87195232;ARS
44;2025-08;352;vivienda;116220648;ARS
44;2025-08;350;transporte;29829323;ARS
44;2025-08;348;salud;23358818;ARS
44;2025-08;346;educacion;18977663;ARS
44;2025-08;349;servicios;27495777;ARS
44;2025-08;347;recreacion;11934828;ARS
44;2025-08;351;vestimenta;6868811;ARS
44;2025-09;345;alimentos;111943082;ARS
44;2025-09;352;vivienda;117841761;ARS
44;2025-09;350;transporte;36716156;ARS
44;2025-09;348;salud;25305059;ARS
44;2025-09;346;educacion;19020718;ARS
44;2025-09;349;servicios;30290166;ARS
44;2025-09;347;recreacion;16924093;ARS
44;2025-09;351;vestimenta;8918424;ARS
44;2025-10;345;alimentos;101442234;ARS
44;2025-10;352;vivienda;128338497;ARS
44;2025-10;350;transporte;42687316;ARS
44;2025-10;348;salud;28304568;ARS
44;2025-10;346;educacion;19654163;ARS
44;2025-10;349;servicios;28770954;ARS
44;2025-10;347;recreacion;14711102;ARS
44;2025-10;351;vestimenta;8351166;ARS
44;2025-11;345;alimentos;103365817;ARS
44;2025-11;352;vivienda;134568727;ARS
44;2025-11;350;transporte;45446597;ARS
44;2025-11;348;salud;30173986;ARS
44;2025-11;346;educacion;17848413;ARS
44;2025-11;349;servicios;33851653;ARS
44;2025-11;347;recreacion;18417001;ARS
44;2025-11;351;vestimenta;6782573;ARS
44;2025-12;345;alimentos;111045222;ARS
44;2025-12;352;vivienda;131764465;ARS
44;2025-12;350;transporte;43791077;ARS
44;2025-12;348;salud;32438804;ARS
44;2025-12;346;educacion;21522213;ARS
44;2025-12;349;servicios;34737407;ARS
44;2025-12;347;recreacion;18254887;ARS
44;2025-12;351;vestimenta;9948289;ARS
45;2023-01;353;alimentos;30944204;ARS
45;2023-01;360;vivienda;45924681;ARS
45;2023-01;358;transporte;13137965;ARS
45;2023-01;356;salud;11398972;ARS
45;2023-01;354;educacion;10168782;ARS
45;2023-01;357;servicios;10079261;ARS
45;2023-01;355;recreacion;4208274;ARS
45;2023-01;359;vestimenta;4083795;ARS
45;2023-02;353;alimentos;40677654;ARS
45;2023-02;360;vivienda;44581840;ARS
45;2023-02;358;transporte;14651710;ARS
45;2023-02;356;salud;11976753;ARS
45;2023-02;354;educacion;10597093;ARS
45;2023-02;357;servicios;9684109;ARS
45;2023-02;355;recreacion;4484728;ARS
45;2023-02;359;vestimenta;6099658;ARS
45;2023-03;353;alimentos;42994879;ARS
45;2023-03;360;vivienda;48611076;ARS
45;2023-03;358;transporte;14487130;ARS
45;2023-03;356;salud;12992911;ARS
45;2023-03;354;educacion;11531980;ARS
45;2023-03;357;servicios;10144698;ARS
45;2023-03;355;recreacion;6026392;ARS
45;2023-03;359;vestimenta;4834010;ARS
45;2023-04;353;alimentos;36231040;ARS
45;2023-04;360;vivienda;52793103;ARS
45;2023-04;358;transporte;17309746;ARS
45;2023-04;356;salud;14801383;ARS
45;2023-04;354;educacion;10891596;ARS
45;2023-04;357;servicios;9980366;ARS
45;2023-04;355;recreacion;5776002;ARS
45;2023-04;359;vestimenta;5450805;ARS
45;2023-05;353;alimentos;34798467;ARS
45;2023-05;360;vivienda;55221265;ARS
45;2023-05;358;transporte;15455895;ARS
45;2023-05;356;salud;12118420;ARS
45;2023-05;354;educacion;11043218;ARS
45;2023-05;357;servicios;11008318;ARS
45;2023-05;355;recreacion;4885822;ARS
45;2023-05;359;vestimenta;4149633;ARS
45;2023-06;353;alimentos;41659107;ARS
45;2023-06;360;vivienda;58545354;ARS
45;2023-06;358;transporte;17209104;ARS
45;2023-06;356;salud;12496016;ARS
45;2023-06;354;educacion;11739546;ARS
45;2023-06;357;servicios;10573453;ARS
45;2023-06;355;recreacion;5493117;ARS
45;2023-06;359;vestimenta;8614541;ARS
45;2023-07;353;alimentos;39645146;ARS
45;2023-07;360;vivienda;58693116;ARS
45;2023-07;358;transporte;15043410;ARS
45;2023-07;356;salud;15684985;ARS
45;2023-07;354;educacion;13239823;ARS
45;2023-07;357;servicios;11498086;ARS
45;2023-07;355;recreacion;5098987;ARS
45;2023-07;359;vestimenta;7398402;ARS
45;2023-08;353;alimentos;33425415;ARS
45;2023-08;360;vivienda;58493774;ARS
45;2023-08;358;transporte;18603886;ARS
45;2023-08;356;salud;15612905;ARS
45;2023-08;354;educacion;12570146;ARS
45;2023-08;357;servicios;12520846;ARS
45;2023-08;355;recreacion;5816373;ARS
45;2023-08;359;vestimenta;7714443;ARS
45;2023-09;353;alimentos;41523313;ARS
45;2023-09;360;vivienda;59614319;ARS
45;2023-09;358;transporte;16786300;ARS
45;2023-09;356;salud;16266750;ARS
45;2023-09;354;educacion;13875822;ARS
45;2023-09;357;servicios;12939323;ARS
45;2023-09;355;recreacion;4282021;ARS
45;2023-09;359;vestimenta;7315056;ARS
45;2023-10;353;alimentos;53588849;ARS
45;2023-10;360;vivienda;65563416;ARS
45;2023-10;358;transporte;21340021;ARS
45;2023-10;356;salud;15707450;ARS
45;2023-10;354;educacion;13311512;ARS
45;2023-10;357;servicios;14341147;ARS
45;2023-10;355;recreacion;7381786;ARS
45;2023-10;359;vestimenta;7820630;ARS
45;2023-11;353;alimentos;47417842;ARS
45;2023-11;360;vivienda;66527473;ARS
45;2023-11;358;transporte;22443524;ARS
45;2023-11;356;salud;17607233;ARS
45;2023-11;354;educacion;13599029;ARS
45;2023-11;357;servicios;12369270;ARS
45;2023-11;355;recreacion;6222386;ARS
45;2023-11;359;vestimenta;7649864;ARS
45;2023-12;353;alimentos;42146929;ARS
45;2023-12;360;vivienda;70227467;ARS
45;2023-12;358;transporte;24124980;ARS
45;2023-12;356;salud;17130250;ARS
45;2023-12;354;educacion;14175682;ARS
45;2023-12;357;servicios;13933098;ARS
45;2023-12;355;recreacion;9884856;ARS
45;2023-12;359;vestimenta;10513080;ARS
45;2024-01;353;alimentos;60914082;ARS
45;2024-01;360;vivienda;76393042;ARS
45;2024-01;358;transporte;22941005;ARS
45;2024-01;356;salud;21436101;ARS
45;2024-01;354;educacion;15447188;ARS
45;2024-01;357;servicios;15302778;ARS
45;2024-01;355;recreacion;7317414;ARS
45;2024-01;359;vestimenta;9664372;ARS
45;2024-02;353;alimentos;36224497;ARS
45;2024-02;360;vivienda;77225045;ARS
45;2024-02;358;transporte;21070386;ARS
45;2024-02;356;salud;20068543;ARS
45;2024-02;354;educacion;20004833;ARS
45;2024-02;357;servicios;17454267;ARS
45;2024-02;355;recreacion;10765495;ARS
45;2024-02;359;vestimenta;6483020;ARS
45;2024-03;353;alimentos;54022020;ARS
45;2024-03;360;vivienda;86583155;ARS
45;2024-03;358;transporte;23630416;ARS
45;2024-03;356;salud;20707276;ARS
45;2024-03;354;educacion;20356972;ARS
45;2024-03;357;servicios;14684699;ARS
45;2024-03;355;recreacion;10153250;ARS
45;2024-03;359;vestimenta;10415766;ARS
45;2024-04;353;alimentos;59534697;ARS
45;2024-04;360;vivienda;90649463;ARS
45;2024-04;358;transporte;28213387;ARS
45;2024-04;356;salud;21999467;ARS
45;2024-04;354;educacion;16909567;ARS
45;2024-04;357;servicios;16625862;ARS
45;2024-04;355;recreacion;8732247;ARS
45;2024-04;359;vestimenta;10326108;ARS
45;2024-05;353;alimentos;69402373;ARS
45;2024-05;360;vivienda;91244038;ARS
45;2024-05;358;transporte;30297479;ARS
45;2024-05;356;salud;22097596;ARS
45;2024-05;354;educacion;20842728;ARS
45;2024-05;357;servicios;16062992;ARS
45;2024-05;355;recreacion;10403792;ARS
45;2024-05;359;vestimenta;7550452;ARS
45;2024-06;353;alimentos;68742565;ARS
45;2024-06;360;vivienda;99112820;ARS
45;2024-06;358;transporte;24202249;ARS
45;2024-06;356;salud;23128781;ARS
45;2024-06;354;educacion;21504707;ARS
45;2024-06;357;servicios;17539228;ARS
45;2024-06;355;recreacion;9422970;ARS
45;2024-06;359;vestimenta;10781002;ARS
45;2024-07;353;alimentos;46656317;ARS
45;2024-07;360;vivienda;101308490;ARS
45;2024-07;358;transporte;28063701;ARS
45;2024-07;356;salud;24575918;ARS
45;2024-07;354;educacion;21967062;ARS
45;2024-07;357;servicios;17621294;ARS
45;2024-07;355;recreacion;10503800;ARS
45;2024-07;359;vestimenta;14074217;ARS
45;2024-08;353;alimentos;73331460;ARS
45;2024-08;360;vivienda;103713151;ARS
45;2024-08;358;transporte;31458157;ARS
45;2024-08;356;salud;29022139;ARS
45;2024-08;354;educacion;21351864;ARS
45;2024-08;357;servicios;19956561;ARS
45;2024-08;355;recreacion;9333938;ARS
45;2024-08;359;vestimenta;14250769;ARS
45;2024-09;353;alimentos;66953155;ARS
45;2024-09;360;vivienda;112685218;ARS
45;2024-09;358;transporte;31763242;ARS
45;2024-09;356;salud;26283733;ARS
45;2024-09;354;educacion;20565326;ARS
45;2024-09;357;servicios;21133080;ARS
45;2024-09;355;recreacion;12425772;ARS
45;2024-09;359;vestimenta;12954076;ARS
45;2024-10;353;alimentos;84213498;ARS
45;2024-10;360;vivienda;109721635;ARS
45;2024-10;358;transporte;29735216;ARS
45;2024-10;356;salud;27348103;ARS
45;2024-10;354;educacion;22903889;ARS
45;2024-10;357;servicios;22234040;ARS
45;2024-10;355;recreacion;10765387;ARS
45;2024-10;359;vestimenta;12812637;ARS
45;2024-11;353;alimentos;82980356;ARS
45;2024-11;360;vivienda;121947169;ARS
45;2024-11;358;transporte;43786403;ARS
45;2024-11;356;salud;26021987;ARS
45;2024-11;354;educacion;23352444;ARS
45;2024-11;357;servicios;26077861;ARS
45;2024-11;355;recreacion;10757008;ARS
45;2024-11;359;vestimenta;13324400;ARS
45;2024-12;353;alimentos;88103321;ARS
45;2024-12;360;vivienda;123120748;ARS
45;2024-12;358;transporte;29854913;ARS
45;2024-12;356;salud;28954644;ARS
45;2024-12;354;educacion;26859719;ARS
45;2024-12;357;servicios;25410855;ARS
45;2024-12;355;recreacion;15447519;ARS
45;2024-12;359;vestimenta;14743490;ARS
45;2025-01;353;alimentos;77431356;ARS
45;2025-01;360;vivienda;130913545;ARS
45;2025-01;358;transporte;38041469;ARS
45;2025-01;356;salud;33063018;ARS
45;2025-01;354;educacion;26431753;ARS
45;2025-01;357;servicios;20446222;ARS
45;2025-01;355;recreacion;16901387;ARS
45;2025-01;359;vestimenta;15588987;ARS
45;2025-02;353;alimentos;85720952;ARS
45;2025-02;360;vivienda;130850565;ARS
45;2025-02;358;transporte;43040662;ARS
45;2025-02;356;salud;34199003;ARS
45;2025-02;354;educacion;35280468;ARS
45;2025-02;357;servicios;29109926;ARS
45;2025-02;355;recreacion;10318849;ARS
45;2025-02;359;vestimenta;14762674;ARS
45;2025-03;353;alimentos;81334359;ARS
45;2025-03;360;vivienda;145145975;ARS
45;2025-03;358;transporte;46357355;ARS
45;2025-03;356;salud;40281470;ARS
45;2025-03;354;educacion;37465327;ARS
45;2025-03;357;servicios;30281060;ARS
45;2025-03;355;recreacion;18865116;ARS
45;2025-03;359;vestimenta;20342904;ARS
45;2025-04;353;alimentos;122823646;ARS
45;2025-04;360;vivienda;148505845;ARS
45;2025-04;358;transporte;48194581;ARS
45;2025-04;356;salud;35277741;ARS
45;2025-04;354;educacion;29673434;ARS
45;2025-04;357;servicios;30538374;ARS
45;2025-04;355;recreacion;18040713;ARS
45;2025-04;359;vestimenta;17172385;ARS
45;2025-05;353;alimentos;125345923;ARS
45;2025-05;360;vivienda;158681192;ARS
45;2025-05;358;transporte;45441267;ARS
45;2025-05;356;salud;44108356;ARS
45;2025-05;354;educacion;27650795;ARS
45;2025-05;357;servicios;35733947;ARS
45;2025-05;355;recreacion;21933158;ARS
45;2025-05;359;vestimenta;13624658;ARS
45;2025-06;353;alimentos;100050443;ARS
45;2025-06;360;vivienda;160642149;ARS
45;2025-06;358;transporte;48012597;ARS
45;2025-06;356;salud;44274061;ARS
45;2025-06;354;educacion;35191014;ARS
45;2025-06;357;servicios;32740113;ARS
45;2025-06;355;recreacion;13992506;ARS
45;2025-06;359;vestimenta;24106406;ARS
45;2025-07;353;alimentos;112388599;ARS
45;2025-07;360;vivienda;174443188;ARS
45;2025-07;358;transporte;41639019;ARS
45;2025-07;356;salud;41907055;ARS
45;2025-07;354;educacion;32699750;ARS
45;2025-07;357;servicios;34565538;ARS
45;2025-07;355;recreacion;16033528;ARS
45;2025-07;359;vestimenta;19843877;ARS
45;2025-08;353;alimentos;118543167;ARS
45;2025-08;360;vivienda;176884391;ARS
45;2025-08;358;transporte;55493981;ARS
45;2025-08;356;salud;39967687;ARS
45;2025-08;354;educacion;34823584;ARS
45;2025-08;357;servicios;34166577;ARS
45;2025-08;355;recreacion;12891085;ARS
45;2025-08;359;vestimenta;15985143;ARS
45;2025-09;353;alimentos;83672898;ARS
45;2025-09;360;vivienda;172865896;ARS
45;2025-09;358;transporte;63398505;ARS
45;2025-09;356;salud;49697354;ARS
45;2025-09;354;educacion;38222702;ARS
45;2025-09;357;servicios;36289810;ARS
45;2025-09;355;recreacion;15964583;ARS
45;2025-09;359;vestimenta;13811871;ARS
45;2025-10;353;alimentos;156684402;ARS
45;2025-10;360;vivienda;187331698;ARS
45;2025-10;358;transporte;53449057;ARS
45;2025-10;356;salud;47484171;ARS
45;2025-10;354;educacion;39455015;ARS
45;2025-10;357;servicios;35144085;ARS
45;2025-10;355;recreacion;17576595;ARS
45;2025-10;359;vestimenta;19418792;ARS
45;2025-11;353;alimentos;117279096;ARS
45;2025-11;360;vivienda;198302482;ARS
45;2025-11;358;transporte;63159572;ARS
45;2025-11;356;salud;49505573;ARS
45;2025-11;354;educacion;38885404;ARS
45;2025-11;357;servicios;42036491;ARS
45;2025-11;355;recreacion;21948827;ARS
45;2025-11;359;vestimenta;23921373;ARS
45;2025-12;353;alimentos;117756921;ARS
45;2025-12;360;vivienda;219666106;ARS
45;2025-12;358;transporte;51657091;ARS
45;2025-12;356;salud;59131078;ARS
45;2025-12;354;educacion;40786885;ARS
45;2025-12;357;servicios;40886779;ARS
45;2025-12;355;recreacion;22112734;ARS
45;2025-12;359;vestimenta;23664600;ARS
46;2023-01;361;alimentos;35062590;ARS
46;2023-01;368;vivienda;46296105;ARS
46;2023-01;366;transporte;17020433;ARS
46;2023-01;364;salud;16818716;ARS
46;2023-01;362;educacion;11591635;ARS
46;2023-01;365;servicios;11318146;ARS
46;2023-01;363;recreacion;9463407;ARS
46;2023-01;367;vestimenta;4085604;ARS
46;2023-02;361;alimentos;32640701;ARS
46;2023-02;368;vivienda;46181304;ARS
46;2023-02;366;transporte;19027647;ARS
46;2023-02;364;salud;16691841;ARS
46;2023-02;362;educacion;13527136;ARS
46;2023-02;365;servicios;10839938;ARS
46;2023-02;363;recreacion;9341847;ARS
46;2023-02;367;vestimenta;2755982;ARS
46;2023-03;361;alimentos;39671445;ARS
46;2023-03;368;vivienda;49493121;ARS
46;2023-03;366;transporte;16654389;ARS
46;2023-03;364;salud;16577904;ARS
46;2023-03;362;educacion;13594198;ARS
46;2023-03;365;servicios;11107293;ARS
46;2023-03;363;recreacion;10232748;ARS
46;2023-03;367;vestimenta;3643933;ARS
46;2023-04;361;alimentos;43982731;ARS
46;2023-04;368;vivienda;49897641;ARS
46;2023-04;366;transporte;18774835;ARS
46;2023-04;364;salud;17385957;ARS
46;2023-04;362;educacion;13821191;ARS
46;2023-04;365;servicios;11560373;ARS
46;2023-04;363;recreacion;11311321;ARS
46;2023-04;367;vestimenta;3655675;ARS
46;2023-05;361;alimentos;33855719;ARS
46;2023-05;368;vivienda;54692201;ARS
46;2023-05;366;transporte;21637606;ARS
46;2023-05;364;salud;17311505;ARS
46;2023-05;362;educacion;11910570;ARS
46;2023-05;365;servicios;11484625;ARS
46;2023-05;363;recreacion;9299271;ARS
46;2023-05;367;vestimenta;5005242;ARS
46;2023-06;361;alimentos;33491034;ARS
46;2023-06;368;vivienda;55747528;ARS
46;2023-06;366;transporte;17272315;ARS
46;2023-06;364;salud;21777718;ARS
46;2023-06;362;educacion;12874970;ARS
46;2023-06;365;servicios;13347697;ARS
46;2023-06;363;recreacion;10484229;ARS
46;2023-06;367;vestimenta;3838250;ARS
46;2023-07;361;alimentos;47087504;ARS
46;2023-07;368;vivienda;54871955;ARS
46;2023-07;366;transporte;21999008;ARS
46;2023-07;364;salud;14060392;ARS
46;2023-07;362;educacion;14716820;ARS
46;2023-07;365;servicios;11235587;ARS
46;2023-07;363;recreacion;14228272;ARS
46;2023-07;367;vestimenta;4264931;ARS
46;2023-08;361;alimentos;48439204;ARS
46;2023-08;368;vivienda;60461389;ARS
46;2023-08;366;transporte;20770797;ARS
46;2023-08;364;salud;17120867;ARS
46;2023-08;362;educacion;16485387;ARS
46;2023-08;365;servicios;13521531;ARS
46;2023-08;363;recreacion;14114410;ARS
46;2023-08;367;vestimenta;5527407;ARS
46;2023-09;361;alimentos;41728885;ARS
46;2023-09;368;vivienda;60542206;ARS
46;2023-09;366;transporte;26197845;ARS
46;2023-09;364;salud;23430183;ARS
46;2023-09;362;educacion;16039070;ARS
46;2023-09;365;servicios;13837008;ARS
46;2023-09;363;recreacion;14258536;ARS
46;2023-09;367;vestimenta;4336628;ARS
46;2023-10;361;alimentos;50702535;ARS
46;2023-10;368;vivienda;63058245;ARS
46;2023-10;366;transporte;26082381;ARS
46;2023-10;364;salud;21160446;ARS
46;2023-10;362;educacion;17351931;ARS
46;2023-10;365;servicios;15682081;ARS
46;2023-10;363;recreacion;15192248;ARS
46;2023-10;367;vestimenta;5365976;ARS
46;2023-11;361;alimentos;50774671;ARS
46;2023-11;368;vivienda;70495952;ARS
46;2023-11;366;transporte;22452269;ARS
46;2023-11;364;salud;20216955;ARS
46;2023-11;362;educacion;17206758;ARS
46;2023-11;365;servicios;16108632;ARS
46;2023-11;363;recreacion;11279603;ARS
46;2023-11;367;vestimenta;4339467;ARS
46;2023-12;361;alimentos;57063566;ARS
46;2023-12;368;vivienda;74461168;ARS
46;2023-12;366;transporte;22977462;ARS
46;2023-12;364;salud;25422352;ARS
46;2023-12;362;educacion;18376711;ARS
46;2023-12;365;servicios;16419812;ARS
46;2023-12;363;recreacion;14946963;ARS
46;2023-12;367;vestimenta;5457621;ARS
46;2024-01;361;alimentos;57276182;ARS
46;2024-01;368;vivienda;74721978;ARS
46;2024-01;366;transporte;33127682;ARS
46;2024-01;364;salud;24170247;ARS
46;2024-01;362;educacion;19594314;ARS
46;2024-01;365;servicios;14961117;ARS
46;2024-01;363;recreacion;22101063;ARS
46;2024-01;367;vestimenta;5467709;ARS
46;2024-02;361;alimentos;75590081;ARS
46;2024-02;368;vivienda;83061768;ARS
46;2024-02;366;transporte;27961807;ARS
46;2024-02;364;salud;21531780;ARS
46;2024-02;362;educacion;19554136;ARS
46;2024-02;365;servicios;18276277;ARS
46;2024-02;363;recreacion;13356425;ARS
46;2024-02;367;vestimenta;6464965;ARS
46;2024-03;361;alimentos;53273036;ARS
46;2024-03;368;vivienda;83725840;ARS
46;2024-03;366;transporte;28438107;ARS
46;2024-03;364;salud;27563006;ARS
46;2024-03;362;educacion;22540471;ARS
46;2024-03;365;servicios;16922781;ARS
46;2024-03;363;recreacion;22475109;ARS
46;2024-03;367;vestimenta;6415135;ARS
46;2024-04;361;alimentos;64250581;ARS
46;2024-04;368;vivienda;89150313;ARS
46;2024-04;366;transporte;26540257;ARS
46;2024-04;364;salud;26647653;ARS
46;2024-04;362;educacion;20854354;ARS
46;2024-04;365;servicios;20104730;ARS
46;2024-04;363;recreacion;14755162;ARS
46;2024-04;367;vestimenta;6238311;ARS
46;2024-05;361;alimentos;77062535;ARS
46;2024-05;368;vivienda;88844410;ARS
46;2024-05;366;transporte;39468296;ARS
46;2024-05;364;salud;29238515;ARS
46;2024-05;362;educacion;22736670;ARS
46;2024-05;365;servicios;21801167;ARS
46;2024-05;363;recreacion;19869448;ARS
46;2024-05;367;vestimenta;7001955;ARS
46;2024-06;361;alimentos;69627532;ARS
46;2024-06;368;vivienda;93698271;ARS
46;2024-06;366;transporte;26302134;ARS
46;2024-06;364;salud;33616341;ARS
46;2024-06;362;educacion;22374830;ARS
46;2024-06;365;servicios;22343435;ARS
46;2024-06;363;recreacion;16273558;ARS
46;2024-06;367;vestimenta;8055155;ARS
46;2024-07;361;alimentos;75365834;ARS
46;2024-07;368;vivienda;101083757;ARS
46;2024-07;366;transporte;31648569;ARS
46;2024-07;364;salud;37379475;ARS
46;2024-07;362;educacion;25648640;ARS
46;2024-07;365;servicios;20576156;ARS
46;2024-07;363;recreacion;22218701;ARS
46;2024-07;367;vestimenta;8040536;ARS
46;2024-08;361;alimentos;83052092;ARS
46;2024-08;368;vivienda;104403819;ARS
46;2024-08;366;transporte;34130758;ARS
46;2024-08;364;salud;38371702;ARS
46;2024-08;362;educacion;27007105;ARS
46;2024-08;365;servicios;24252625;ARS
46;2024-08;363;recreacion;22941839;ARS
46;2024-08;367;vestimenta;8813411;ARS
46;2024-09;361;alimentos;91930688;ARS
46;2024-09;368;vivienda;109650922;ARS
46;2024-09;366;transporte;37292361;ARS
46;2024-09;364;salud;35354951;ARS
46;2024-09;362;educacion;24385415;ARS
46;2024-09;365;servicios;24371429;ARS
46;2024-09;363;recreacion;24773901;ARS
46;2024-09;367;vestimenta;8274869;ARS
46;2024-10;361;alimentos;102072067;ARS
46;2024-10;368;vivienda;116404039;ARS
46;2024-10;366;transporte;43340624;ARS
46;2024-10;364;salud;35024490;ARS
46;2024-10;362;educacion;31469665;ARS
46;2024-10;365;servicios;30366930;ARS
46;2024-10;363;recreacion;21267638;ARS
46;2024-10;367;vestimenta;9228922;ARS
46;2024-11;361;alimentos;90775337;ARS
46;2024-11;368;vivienda;118759579;ARS
46;2024-11;366;transporte;52586099;ARS
46;2024-11;364;salud;39945150;ARS
46;2024-11;362;educacion;29638411;ARS
46;2024-11;365;servicios;27671791;ARS
46;2024-11;363;recreacion;25320485;ARS
46;2024-11;367;vestimenta;8508694;ARS
46;2024-12;361;alimentos;102997452;ARS
46;2024-12;368;vivienda;121398556;ARS
46;2024-12;366;transporte;40031388;ARS
46;2024-12;364;salud;35820137;ARS
46;2024-12;362;educacion;28307636;ARS
46;2024-12;365;servicios;28767861;ARS
46;2024-12;363;recreacion;29139123;ARS
46;2024-12;367;vestimenta;6449134;ARS
46;2025-01;361;alimentos;108084467;ARS
46;2025-01;368;vivienda;134082808;ARS
46;2025-01;366;transporte;48322921;ARS
46;2025-01;364;salud;43241600;ARS
46;2025-01;362;educacion;31573365;ARS
46;2025-01;365;servicios;29106920;ARS
46;2025-01;363;recreacion;27124973;ARS
46;2025-01;367;vestimenta;10124443;ARS
46;2025-02;361;alimentos;101840280;ARS
46;2025-02;368;vivienda;149760681;ARS
46;2025-02;366;transporte;43214971;ARS
46;2025-02;364;salud;46282111;ARS
46;2025-02;362;educacion;37947631;ARS
46;2025-02;365;servicios;29344746;ARS
46;2025-02;363;recreacion;23384102;ARS
46;2025-02;367;vestimenta;10378993;ARS
46;2025-03;361;alimentos;123494435;ARS
46;2025-03;368;vivienda;142899182;ARS
46;2025-03;366;transporte;51899566;ARS
46;2025-03;364;salud;45065237;ARS
46;2025-03;362;educacion;34020918;ARS
46;2025-03;365;servicios;34834372;ARS
46;2025-03;363;recreacion;33681174;ARS
46;2025-03;367;vestimenta;9793563;ARS
46;2025-04;361;alimentos;115278330;ARS
46;2025-04;368;vivienda;146624871;ARS
46;2025-04;366;transporte;53120476;ARS
46;2025-04;364;salud;45941293;ARS
46;2025-04;362;educacion;40140777;ARS
46;2025-04;365;servicios;35247303;ARS
46;2025-04;363;recreacion;33494604;ARS
46;2025-04;367;vestimenta;11423547;ARS
46;2025-05;361;alimentos;109839207;ARS
46;2025-05;368;vivienda;154679971;ARS
46;2025-05;366;transporte;57203201;ARS
46;2025-05;364;salud;46777555;ARS
46;2025-05;362;educacion;38817419;ARS
46;2025-05;365;servicios;35707713;ARS
46;2025-05;363;recreacion;30748840;ARS
46;2025-05;367;vestimenta;11049544;ARS
46;2025-06;361;alimentos;116263266;ARS
46;2025-06;368;vivienda;157038649;ARS
46;2025-06;366;transporte;51792993;ARS
46;2025-06;364;salud;57795799;ARS
46;2025-06;362;educacion;41806321;ARS
46;2025-06;365;servicios;35341388;ARS
46;2025-06;363;recreacion;40338448;ARS
46;2025-06;367;vestimenta;10340482;ARS
46;2025-07;361;alimentos;143564454;ARS
46;2025-07;368;vivienda;165678832;ARS
46;2025-07;366;transporte;53824683;ARS
46;2025-07;364;salud;59472921;ARS
46;2025-07;362;educacion;36969145;ARS
46;2025-07;365;servicios;40088275;ARS
46;2025-07;363;recreacion;32543201;ARS
46;2025-07;367;vestimenta;9813239;ARS
46;2025-08;361;alimentos;136798608;ARS
46;2025-08;368;vivienda;171818551;ARS
46;2025-08;366;transporte;60773267;ARS
46;2025-08;364;salud;57789770;ARS
46;2025-08;362;educacion;37861097;ARS
46;2025-08;365;servicios;39867336;ARS
46;2025-08;363;recreacion;33070078;ARS
46;2025-08;367;vestimenta;15908370;ARS
46;2025-09;361;alimentos;148545705;ARS
46;2025-09;368;vivienda;180193500;ARS
46;2025-09;366;transporte;64271196;ARS
46;2025-09;364;salud;65609572;ARS
46;2025-09;362;educacion;50129324;ARS
46;2025-09;365;servicios;41229287;ARS
46;2025-09;363;recreacion;42176369;ARS
46;2025-09;367;vestimenta;11926901;ARS
46;2025-10;361;alimentos;118877293;ARS
46;2025-10;368;vivienda;201580086;ARS
46;2025-10;366;transporte;69760584;ARS
46;2025-10;364;salud;54778995;ARS
46;2025-10;362;educacion;41975149;ARS
46;2025-10;365;servicios;42123066;ARS
46;2025-10;363;recreacion;36098292;ARS
46;2025-10;367;vestimenta;13137884;ARS
46;2025-11;361;alimentos;161662557;ARS
46;2025-11;368;vivienda;193810873;ARS
46;2025-11;366;transporte;77644856;ARS
46;2025-11;364;salud;62665185;ARS
46;2025-11;362;educacion;47652384;ARS
46;2025-11;365;servicios;40882804;ARS
46;2025-11;363;recreacion;32542616;ARS
46;2025-11;367;vestimenta;15356686;ARS
46;2025-12;361;alimentos;178558399;ARS
46;2025-12;368;vivienda;211335055;ARS
46;2025-12;366;transporte;79852538;ARS
46;2025-12;364;salud;70574106;ARS
46;2025-12;362;educacion;45670623;ARS
46;2025-12;365;servicios;48194947;ARS
46;2025-12;363;recreacion;45270996;ARS
46;2025-12;367;vestimenta;16627175;ARS
47;2023-01;369;alimentos;16073234;ARS
47;2023-01;376;vivienda;17434837;ARS
47;2023-01;374;transporte;8413103;ARS
47;2023-01;372;salud;5721039;ARS
47;2023-01;370;educacion;3562242;ARS
47;2023-01;373;servicios;5516703;ARS
47;2023-01;371;recreacion;3331862;ARS
47;2023-01;375;vestimenta;1657624;ARS
47;2023-02;369;alimentos;13924287;ARS
47;2023-02;376;vivienda;17259384;ARS
47;2023-02;374;transporte;9066282;ARS
47;2023-02;372;salud;5682490;ARS
47;2023-02;370;educacion;5836386;ARS
47;2023-02;373;servicios;6045874;ARS
47;2023-02;371;recreacion;2777610;ARS
47;2023-02;375;vestimenta;1957352;ARS
47;2023-03;369;alimentos;18403537;ARS
47;2023-03;376;vivienda;18044080;ARS
47;2023-03;374;transporte;7839623;ARS
47;2023-03;372;salud;6480548;ARS
47;2023-03;370;educacion;4828376;ARS
47;2023-03;373;servicios;6290639;ARS
47;2023-03;371;recreacion;3197564;ARS
47;2023-03;375;vestimenta;1991494;ARS
47;2023-04;369;alimentos;17517256;ARS
47;2023-04;376;vivienda;19702034;ARS
47;2023-04;374;transporte;9651374;ARS
47;2023-04;372;salud;6131389;ARS
47;2023-04;370;educacion;5508349;ARS
47;2023-04;373;servicios;5431129;ARS
47;2023-04;371;recreacion;2843213;ARS
47;2023-04;375;vestimenta;1544106;ARS
47;2023-05;369;alimentos;20413547;ARS
47;2023-05;376;vivienda;20843946;ARS
47;2023-05;374;transporte;10741681;ARS
47;2023-05;372;salud;6841535;ARS
47;2023-05;370;educacion;5394889;ARS
47;2023-05;373;servicios;6887560;ARS
47;2023-05;371;recreacion;3417834;ARS
47;2023-05;375;vestimenta;1127213;ARS
47;2023-06;369;alimentos;22636717;ARS
47;2023-06;376;vivienda;21184817;ARS
47;2023-06;374;transporte;10285874;ARS
47;2023-06;372;salud;7090172;ARS
47;2023-06;370;educacion;4940550;ARS
47;2023-06;373;servicios;7544486;ARS
47;2023-06;371;recreacion;2913432;ARS
47;2023-06;375;vestimenta;1358972;ARS
47;2023-07;369;alimentos;20136618;ARS
47;2023-07;376;vivienda;22415898;ARS
47;2023-07;374;transporte;9810802;ARS
47;2023-07;372;salud;7207547;ARS
47;2023-07;370;educacion;4860544;ARS
47;2023-07;373;servicios;6797878;ARS
47;2023-07;371;recreacion;3629714;ARS
47;2023-07;375;vestimenta;1491809;ARS
47;2023-08;369;alimentos;21455435;ARS
47;2023-08;376;vivienda;22835303;ARS
47;2023-08;374;transporte;12196897;ARS
47;2023-08;372;salud;7552223;ARS
47;2023-08;370;educacion;5605264;ARS
47;2023-08;373;servicios;7295866;ARS
47;2023-08;371;recreacion;4756476;ARS
47;2023-08;375;vestimenta;2477220;ARS
47;2023-09;369;alimentos;20733775;ARS
47;2023-09;376;vivienda;24081461;ARS
47;2023-09;374;transporte;10668210;ARS
47;2023-09;372;salud;7781273;ARS
47;2023-09;370;educacion;6662833;ARS
47;2023-09;373;servicios;6764534;ARS
47;2023-09;371;recreacion;3498659;ARS
47;2023-09;375;vestimenta;2553441;ARS
47;2023-10;369;alimentos;24934118;ARS
47;2023-10;376;vivienda;25875746;ARS
47;2023-10;374;transporte;12415990;ARS
47;2023-10;372;salud;8296290;ARS
47;2023-10;370;educacion;5963122;ARS
47;2023-10;373;servicios;7725811;ARS
47;2023-10;371;recreacion;4263534;ARS
47;2023-10;375;vestimenta;2454371;ARS
47;2023-11;369;alimentos;28480210;ARS
47;2023-11;376;vivienda;26871514;ARS
47;2023-11;374;transporte;14514151;ARS
47;2023-11;372;salud;7841583;ARS
47;2023-11;370;educacion;7180125;ARS
47;2023-11;373;servicios;9551603;ARS
47;2023-11;371;recreacion;4130153;ARS
47;2023-11;375;vestimenta;2790991;ARS
47;2023-12;369;alimentos;25947824;ARS
47;2023-12;376;vivienda;26447300;ARS
47;2023-12;374;transporte;12822165;ARS
47;2023-12;372;salud;8140567;ARS
47;2023-12;370;educacion;6517337;ARS
47;2023-12;373;servicios;9298409;ARS
47;2023-12;371;recreacion;3954525;ARS
47;2023-12;375;vestimenta;2162015;ARS
47;2024-01;369;alimentos;30341843;ARS
47;2024-01;376;vivienda;29331528;ARS
47;2024-01;374;transporte;13951816;ARS
47;2024-01;372;salud;8585743;ARS
47;2024-01;370;educacion;7646413;ARS
47;2024-01;373;servicios;8588216;ARS
47;2024-01;371;recreacion;4629271;ARS
47;2024-01;375;vestimenta;1853800;ARS
47;2024-02;369;alimentos;29171455;ARS
47;2024-02;376;vivienda;31673949;ARS
47;2024-02;374;transporte;14064095;ARS
47;2024-02;372;salud;9529179;ARS
47;2024-02;370;educacion;8625484;ARS
47;2024-02;373;servicios;10149483;ARS
47;2024-02;371;recreacion;3819822;ARS
47;2024-02;375;vestimenta;2802118;ARS
47;2024-03;369;alimentos;26958148;ARS
47;2024-03;376;vivienda;31869825;ARS
47;2024-03;374;transporte;13336549;ARS
47;2024-03;372;salud;10732971;ARS
47;2024-03;370;educacion;9857406;ARS
47;2024-03;373;servicios;9485658;ARS
47;2024-03;371;recreacion;5303577;ARS
47;2024-03;375;vestimenta;2370375;ARS
47;2024-04;369;alimentos;30703013;ARS
47;2024-04;376;vivienda;33783107;ARS
47;2024-04;374;transporte;13510484;ARS
47;2024-04;372;salud;10169196;ARS
47;2024-04;370;educacion;8688012;ARS
47;2024-04;373;servicios;10199607;ARS
47;2024-04;371;recreacion;4964433;ARS
47;2024-04;375;vestimenta;3033464;ARS
47;2024-05;369;alimentos;28107860;ARS
47;2024-05;376;vivienda;35782388;ARS
47;2024-05;374;transporte;18332836;ARS
47;2024-05;372;salud;9315726;ARS
47;2024-05;370;educacion;8200211;ARS
47;2024-05;373;servicios;10248643;ARS
47;2024-05;371;recreacion;5105320;ARS
47;2024-05;375;vestimenta;2710748;ARS
47;2024-06;369;alimentos;34679115;ARS
47;2024-06;376;vivienda;36484591;ARS
47;2024-06;374;transporte;16773305;ARS
47;2024-06;372;salud;11284010;ARS
47;2024-06;370;educacion;8956153;ARS
47;2024-06;373;servicios;12472985;ARS
47;2024-06;371;recreacion;4150081;ARS
47;2024-06;375;vestimenta;2818747;ARS
47;2024-07;369;alimentos;23816423;ARS
47;2024-07;376;vivienda;36667477;ARS
47;2024-07;374;transporte;16104004;ARS
47;2024-07;372;salud;10604665;ARS
47;2024-07;370;educacion;9781847;ARS
47;2024-07;373;servicios;10790168;ARS
47;2024-07;371;recreacion;4863963;ARS
47;2024-07;375;vestimenta;2614019;ARS
47;2024-08;369;alimentos;38238425;ARS
47;2024-08;376;vivienda;40292498;ARS
47;2024-08;374;transporte;18637809;ARS
47;2024-08;372;salud;12258461;ARS
47;2024-08;370;educacion;8720627;ARS
47;2024-08;373;servicios;13291539;ARS
47;2024-08;371;recreacion;6272535;ARS
47;2024-08;375;vestimenta;2984289;ARS
47;2024-09;369;alimentos;31928862;ARS
47;2024-09;376;vivienda;43619128;ARS
47;2024-09;374;transporte;20279707;ARS
47;2024-09;372;salud;14018118;ARS
47;2024-09;370;educacion;10891700;ARS
47;2024-09;373;servicios;14374853;ARS
47;2024-09;371;recreacion;5006832;ARS
47;2024-09;375;vestimenta;3331987;ARS
47;2024-10;369;alimentos;37213264;ARS
47;2024-10;376;vivienda;46356558;ARS
47;2024-10;374;transporte;23182123;ARS
47;2024-10;372;salud;12646684;ARS
47;2024-10;370;educacion;10319286;ARS
47;2024-10;373;servicios;14448112;ARS
47;2024-10;371;recreacion;7092687;ARS
47;2024-10;375;vestimenta;3770138;ARS
47;2024-11;369;alimentos;38627207;ARS
47;2024-11;376;vivienda;47224336;ARS
47;2024-11;374;transporte;18865697;ARS
47;2024-11;372;salud;15074210;ARS
47;2024-11;370;educacion;11144693;ARS
47;2024-11;373;servicios;15133299;ARS
47;2024-11;371;recreacion;6353099;ARS
47;2024-11;375;vestimenta;5086052;ARS
47;2024-12;369;alimentos;39505500;ARS
47;2024-12;376;vivienda;48695261;ARS
47;2024-12;374;transporte;23140980;ARS
47;2024-12;372;salud;15028506;ARS
47;2024-12;370;educacion;12437324;ARS
47;2024-12;373;servicios;15448978;ARS
47;2024-12;371;recreacion;7065526;ARS
47;2024-12;375;vestimenta;4370737;ARS
47;2025-01;369;alimentos;45896496;ARS
47;2025-01;376;vivienda;50019012;ARS
47;2025-01;374;transporte;21115334;ARS
47;2025-01;372;salud;14984355;ARS
47;2025-01;370;educacion;12508469;ARS
47;2025-01;373;servicios;16553705;ARS
47;2025-01;371;recreacion;8917846;ARS
47;2025-01;375;vestimenta;4943054;ARS
47;2025-02;369;alimentos;47036018;ARS
47;2025-02;376;vivienda;54626709;ARS
47;2025-02;374;transporte;22705407;ARS
47;2025-02;372;salud;18211276;ARS
47;2025-02;370;educacion;14746288;ARS
47;2025-02;373;servicios;17414870;ARS
47;2025-02;371;recreacion;8124476;ARS
47;2025-02;375;vestimenta;3179705;ARS
47;2025-03;369;alimentos;55684576;ARS
47;2025-03;376;vivienda;56257278;ARS
47;2025-03;374;transporte;28025961;ARS
47;2025-03;372;salud;15542197;ARS
47;2025-03;370;educacion;15560705;ARS
47;2025-03;373;servicios;18422874;ARS
47;2025-03;371;recreacion;8480627;ARS
47;2025-03;375;vestimenta;4501261;ARS
47;2025-04;369;alimentos;46532726;ARS
47;2025-04;376;vivienda;55675518;ARS
47;2025-04;374;transporte;24557893;ARS
47;2025-04;372;salud;16773137;ARS
47;2025-04;370;educacion;14078801;ARS
47;2025-04;373;servicios;15466343;ARS
47;2025-04;371;recreacion;7019730;ARS
47;2025-04;375;vestimenta;2960865;ARS
47;2025-05;369;alimentos;43925113;ARS
47;2025-05;376;vivienda;63247993;ARS
47;2025-05;374;transporte;25791930;ARS
47;2025-05;372;salud;17908258;ARS
47;2025-05;370;educacion;15991858;ARS
47;2025-05;373;servicios;17387129;ARS
47;2025-05;371;recreacion;10294218;ARS
47;2025-05;375;vestimenta;4978220;ARS
47;2025-06;369;alimentos;41540478;ARS
47;2025-06;376;vivienda;61284809;ARS
47;2025-06;374;transporte;27958171;ARS
47;2025-06;372;salud;19812504;ARS
47;2025-06;370;educacion;14753823;ARS
47;2025-06;373;servicios;21454973;ARS
47;2025-06;371;recreacion;9521801;ARS
47;2025-06;375;vestimenta;5145626;ARS
47;2025-07;369;alimentos;58816460;ARS
47;2025-07;376;vivienda;66837504;ARS
47;2025-07;374;transporte;31549008;ARS
47;2025-07;372;salud;19114509;ARS
47;2025-07;370;educacion;18160136;ARS
47;2025-07;373;servicios;17675130;ARS
47;2025-07;371;recreacion;9876263;ARS
47;2025-07;375;vestimenta;3610110;ARS
47;2025-08;369;alimentos;56936469;ARS
47;2025-08;376;vivienda;63525613;ARS
47;2025-08;374;transporte;27881831;ARS
47;2025-08;372;salud;20479184;ARS
47;2025-08;370;educacion;17895455;ARS
47;2025-08;373;servicios;19880399;ARS
47;2025-08;371;recreacion;8657914;ARS
47;2025-08;375;vestimenta;5637621;ARS
47;2025-09;369;alimentos;49742870;ARS
47;2025-09;376;vivienda;72848263;ARS
47;2025-09;374;transporte;34662199;ARS
47;2025-09;372;salud;22823833;ARS
47;2025-09;370;educacion;19235997;ARS
47;2025-09;373;servicios;22168168;ARS
47;2025-09;371;recreacion;11154258;ARS
47;2025-09;375;vestimenta;6996928;ARS
47;2025-10;369;alimentos;61548644;ARS
47;2025-10;376;vivienda;73826957;ARS
47;2025-10;374;transporte;43742364;ARS
47;2025-10;372;salud;23454492;ARS
47;2025-10;370;educacion;18944150;ARS
47;2025-10;373;servicios;23121744;ARS
47;2025-10;371;recreacion;11558868;ARS
47;2025-10;375;vestimenta;7250751;ARS
47;2025-11;369;alimentos;69372933;ARS
47;2025-11;376;vivienda;78385789;ARS
47;2025-11;374;transporte;37749679;ARS
47;2025-11;372;salud;29304961;ARS
47;2025-11;370;educacion;19273943;ARS
47;2025-11;373;servicios;25151505;ARS
47;2025-11;371;recreacion;9417845;ARS
47;2025-11;375;vestimenta;6249796;ARS
47;2025-12;369;alimentos;63952996;ARS
47;2025-12;376;vivienda;81185085;ARS
47;2025-12;374;transporte;37406865;ARS
47;2025-12;372;salud;25360557;ARS
47;2025-12;370;educacion;20013287;ARS
47;2025-12;373;servicios;25026023;ARS
47;2025-12;371;recreacion;11945410;ARS
47;2025-12;375;vestimenta;7195572;ARS
48;2023-01;377;alimentos;21303984;ARS
48;2023-01;384;vivienda;16114061;ARS
48;2023-01;382;transporte;7465613;ARS
48;2023-01;380;salud;6537252;ARS
48;2023-01;378;educacion;4262172;ARS
48;2023-01;381;servicios;5551566;ARS
48;2023-01;379;recreacion;2588874;ARS
48;2023-01;383;vestimenta;2973132;ARS
48;2023-02;377;alimentos;22904471;ARS
48;2023-02;384;vivienda;16560602;ARS
48;2023-02;382;transporte;7428350;ARS
48;2023-02;380;salud;7287863;ARS
48;2023-02;378;educacion;5040663;ARS
48;2023-02;381;servicios;4205626;ARS
48;2023-02;379;recreacion;2344966;ARS
48;2023-02;383;vestimenta;2930564;ARS
48;2023-03;377;alimentos;20852906;ARS
48;2023-03;384;vivienda;17556124;ARS
48;2023-03;382;transporte;8741558;ARS
48;2023-03;380;salud;7756151;ARS
48;2023-03;378;educacion;4714422;ARS
48;2023-03;381;servicios;4914711;ARS
48;2023-03;379;recreacion;3545518;ARS
48;2023-03;383;vestimenta;2713449;ARS
48;2023-04;377;alimentos;26646113;ARS
48;2023-04;384;vivienda;18627905;ARS
48;2023-04;382;transporte;7998610;ARS
48;2023-04;380;salud;8191991;ARS
48;2023-04;378;educacion;5078469;ARS
48;2023-04;381;servicios;5305867;ARS
48;2023-04;379;recreacion;3323957;ARS
48;2023-04;383;vestimenta;3438432;ARS
48;2023-05;377;alimentos;21706370;ARS
48;2023-05;384;vivienda;18877906;ARS
48;2023-05;382;transporte;9279928;ARS
48;2023-05;380;salud;8134491;ARS
48;2023-05;378;educacion;4568888;ARS
48;2023-05;381;servicios;5240800;ARS
48;2023-05;379;recreacion;3513480;ARS
48;2023-05;383;vestimenta;3945648;ARS
48;2023-06;377;alimentos;28466670;ARS
48;2023-06;384;vivienda;19652157;ARS
48;2023-06;382;transporte;8261998;ARS
48;2023-06;380;salud;9504298;ARS
48;2023-06;378;educacion;4531647;ARS
48;2023-06;381;servicios;5363684;ARS
48;2023-06;379;recreacion;2898130;ARS
48;2023-06;383;vestimenta;3264627;ARS
48;2023-07;377;alimentos;29337500;ARS
48;2023-07;384;vivienda;20922386;ARS
48;2023-07;382;transporte;10717716;ARS
48;2023-07;380;salud;12010449;ARS
48;2023-07;378;educacion;5924817;ARS
48;2023-07;381;servicios;5480125;ARS
48;2023-07;379;recreacion;3452025;ARS
48;2023-07;383;vestimenta;2949798;ARS
48;2023-08;377;alimentos;27083591;ARS
48;2023-08;384;vivienda;22019740;ARS
48;2023-08;382;transporte;10974494;ARS
48;2023-08;380;salud;10189957;ARS
48;2023-08;378;educacion;5665787;ARS
48;2023-08;381;servicios;6311958;ARS
48;2023-08;379;recreacion;4347706;ARS
48;2023-08;383;vestimenta;3936918;ARS
48;2023-09;377;alimentos;29516665;ARS
48;2023-09;384;vivienda;24393112;ARS
48;2023-09;382;transporte;12388797;ARS
48;2023-09;380;salud;8763309;ARS
48;2023-09;378;educacion;6939627;ARS
48;2023-09;381;servicios;8331540;ARS
48;2023-09;379;recreacion;4241407;ARS
48;2023-09;383;vestimenta;2631921;ARS
48;2023-10;377;alimentos;27528642;ARS
48;2023-10;384;vivienda;23637760;ARS
48;2023-10;382;transporte;10691281;ARS
48;2023-10;380;salud;8788245;ARS
48;2023-10;378;educacion;6526861;ARS
48;2023-10;381;servicios;7771664;ARS
48;2023-10;379;recreacion;3932335;ARS
48;2023-10;383;vestimenta;4839669;ARS
48;2023-11;377;alimentos;34743616;ARS
48;2023-11;384;vivienda;24802313;ARS
48;2023-11;382;transporte;9959478;ARS
48;2023-11;380;salud;11282578;ARS
48;2023-11;378;educacion;6778807;ARS
48;2023-11;381;servicios;7120427;ARS
48;2023-11;379;recreacion;4321500;ARS
48;2023-11;383;vestimenta;3934466;ARS
48;2023-12;377;alimentos;33743560;ARS
48;2023-12;384;vivienda;27814903;ARS
48;2023-12;382;transporte;11758364;ARS
48;2023-12;380;salud;10526907;ARS
48;2023-12;378;educacion;7049030;ARS
48;2023-12;381;servicios;7547133;ARS
48;2023-12;379;recreacion;4285731;ARS
48;2023-12;383;vestimenta;4180094;ARS
48;2024-01;377;alimentos;35721419;ARS
48;2024-01;384;vivienda;26608307;ARS
48;2024-01;382;transporte;15997624;ARS
48;2024-01;380;salud;12463311;ARS
48;2024-01;378;educacion;7070461;ARS
48;2024-01;381;servicios;7572357;ARS
48;2024-01;379;recreacion;4560463;ARS
48;2024-01;383;vestimenta;5407112;ARS
48;2024-02;377;alimentos;34537635;ARS
48;2024-02;384;vivienda;29053664;ARS
48;2024-02;382;transporte;13341689;ARS
48;2024-02;380;salud;11270102;ARS
48;2024-02;378;educacion;7985682;ARS
48;2024-02;381;servicios;8178378;ARS
48;2024-02;379;recreacion;5072535;ARS
48;2024-02;383;vestimenta;4961429;ARS
48;2024-03;377;alimentos;41086461;ARS
48;2024-03;384;vivienda;30421365;ARS
48;2024-03;382;transporte;12672726;ARS
48;2024-03;380;salud;13135890;ARS
48;2024-03;378;educacion;10066206;ARS
48;2024-03;381;servicios;8745827;ARS
48;2024-03;379;recreacion;5631885;ARS
48;2024-03;383;vestimenta;3877399;ARS
48;2024-04;377;alimentos;40930120;ARS
48;2024-04;384;vivienda;31316844;ARS
48;2024-04;382;transporte;17518491;ARS
48;2024-04;380;salud;13641359;ARS
48;2024-04;378;educacion;8952491;ARS
48;2024-04;381;servicios;8782623;ARS
48;2024-04;379;recreacion;5608540;ARS
48;2024-04;383;vestimenta;3651504;ARS
48;2024-05;377;alimentos;37122667;ARS
48;2024-05;384;vivienda;32591716;ARS
48;2024-05;382;transporte;18238685;ARS
48;2024-05;380;salud;14213536;ARS
48;2024-05;378;educacion;9882357;ARS
48;2024-05;381;servicios;8775378;ARS
48;2024-05;379;recreacion;4861834;ARS
48;2024-05;383;vestimenta;4843710;ARS
48;2024-06;377;alimentos;48602692;ARS
48;2024-06;384;vivienda;34537052;ARS
48;2024-06;382;transporte;17408239;ARS
48;2024-06;380;salud;15224177;ARS
48;2024-06;378;educacion;8187931;ARS
48;2024-06;381;servicios;11253863;ARS
48;2024-06;379;recreacion;5580075;ARS
48;2024-06;383;vestimenta;4606735;ARS
48;2024-07;377;alimentos;51015716;ARS
48;2024-07;384;vivienda;36384723;ARS
48;2024-07;382;transporte;14974850;ARS
48;2024-07;380;salud;15109229;ARS
48;2024-07;378;educacion;7839169;ARS
48;2024-07;381;servicios;10476324;ARS
48;2024-07;379;recreacion;5058864;ARS
48;2024-07;383;vestimenta;4145101;ARS
48;2024-08;377;alimentos;42589759;ARS
48;2024-08;384;vivienda;37492834;ARS
48;2024-08;382;transporte;15186901;ARS
48;2024-08;380;salud;17948981;ARS
48;2024-08;378;educacion;8768215;ARS
48;2024-08;381;servicios;11942219;ARS
48;2024-08;379;recreacion;8331348;ARS
48;2024-08;383;vestimenta;6154226;ARS
48;2024-09;377;alimentos;52551663;ARS
48;2024-09;384;vivienda;39969440;ARS
48;2024-09;382;transporte;16777831;ARS
48;2024-09;380;salud;15518735;ARS
48;2024-09;378;educacion;8922766;ARS
48;2024-09;381;servicios;12029699;ARS
48;2024-09;379;recreacion;6201152;ARS
48;2024-09;383;vestimenta;8852224;ARS
48;2024-10;377;alimentos;59177861;ARS
48;2024-10;384;vivienda;42931161;ARS
48;2024-10;382;transporte;22470608;ARS
48;2024-10;380;salud;16955007;ARS
48;2024-10;378;educacion;9723388;ARS
48;2024-10;381;servicios;12515833;ARS
48;2024-10;379;recreacion;6954369;ARS
48;2024-10;383;vestimenta;7722957;ARS
48;2024-11;377;alimentos;51426119;ARS
48;2024-11;384;vivienda;45199630;ARS
48;2024-11;382;transporte;19749226;ARS
48;2024-11;380;salud;19819035;ARS
48;2024-11;378;educacion;11703525;ARS
48;2024-11;381;servicios;12665779;ARS
48;2024-11;379;recreacion;6576715;ARS
48;2024-11;383;vestimenta;6904237;ARS
48;2024-12;377;alimentos;63398731;ARS
48;2024-12;384;vivienda;45198897;ARS
48;2024-12;382;transporte;21041633;ARS
48;2024-12;380;salud;21960341;ARS
48;2024-12;378;educacion;12812236;ARS
48;2024-12;381;servicios;12721621;ARS
48;2024-12;379;recreacion;7905319;ARS
48;2024-12;383;vestimenta;6327598;ARS
48;2025-01;377;alimentos;52463295;ARS
48;2025-01;384;vivienda;48389441;ARS
48;2025-01;382;transporte;22309247;ARS
48;2025-01;380;salud;20846449;ARS
48;2025-01;378;educacion;12329219;ARS
48;2025-01;381;servicios;14106121;ARS
48;2025-01;379;recreacion;9042709;ARS
48;2025-01;383;vestimenta;7483579;ARS
48;2025-02;377;alimentos;52000222;ARS
48;2025-02;384;vivienda;49700967;ARS
48;2025-02;382;transporte;20571237;ARS
48;2025-02;380;salud;20481152;ARS
48;2025-02;378;educacion;15567893;ARS
48;2025-02;381;servicios;15126540;ARS
48;2025-02;379;recreacion;8256526;ARS
48;2025-02;383;vestimenta;8808590;ARS
48;2025-03;377;alimentos;65007524;ARS
48;2025-03;384;vivienda;50219252;ARS
48;2025-03;382;transporte;24640529;ARS
48;2025-03;380;salud;22711730;ARS
48;2025-03;378;educacion;15513183;ARS
48;2025-03;381;servicios;14821360;ARS
48;2025-03;379;recreacion;9375666;ARS
48;2025-03;383;vestimenta;8077815;ARS
48;2025-04;377;alimentos;73799982;ARS
48;2025-04;384;vivienda;56418664;ARS
48;2025-04;382;transporte;27628552;ARS
48;2025-04;380;salud;21708071;ARS
48;2025-04;378;educacion;13887145;ARS
48;2025-04;381;servicios;16349763;ARS
48;2025-04;379;recreacion;9152909;ARS
48;2025-04;383;vestimenta;9734956;ARS
48;2025-05;377;alimentos;63061886;ARS
48;2025-05;384;vivienda;54833687;ARS
48;2025-05;382;transporte;22553224;ARS
48;2025-05;380;salud;21948360;ARS
48;2025-05;378;educacion;15448376;ARS
48;2025-05;381;servicios;15053789;ARS
48;2025-05;379;recreacion;9852342;ARS
48;2025-05;383;vestimenta;8556507;ARS
48;2025-06;377;alimentos;69715117;ARS
48;2025-06;384;vivienda;59596151;ARS
48;2025-06;382;transporte;32529571;ARS
48;2025-06;380;salud;27805386;ARS
48;2025-06;378;educacion;14532401;ARS
48;2025-06;381;servicios;17271967;ARS
48;2025-06;379;recreacion;6411447;ARS
48;2025-06;383;vestimenta;9568767;ARS
48;2025-07;377;alimentos;79152434;ARS
48;2025-07;384;vivienda;62174655;ARS
48;2025-07;382;transporte;28733021;ARS
48;2025-07;380;salud;24372757;ARS
48;2025-07;378;educacion;17377267;ARS
48;2025-07;381;servicios;14839245;ARS
48;2025-07;379;recreacion;11014518;ARS
48;2025-07;383;vestimenta;10986398;ARS
48;2025-08;377;alimentos;77942587;ARS
48;2025-08;384;vivienda;65490836;ARS
48;2025-08;382;transporte;29017414;ARS
48;2025-08;380;salud;26916648;ARS
48;2025-08;378;educacion;16558107;ARS
48;2025-08;381;servicios;16883695;ARS
48;2025-08;379;recreacion;11887310;ARS
48;2025-08;383;vestimenta;10886049;ARS
48;2025-09;377;alimentos;87861228;ARS
48;2025-09;384;vivienda;72288875;ARS
48;2025-09;382;transporte;36961899;ARS
48;2025-09;380;salud;25998384;ARS
48;2025-09;378;educacion;16553835;ARS
48;2025-09;381;servicios;20356254;ARS
48;2025-09;379;recreacion;13532250;ARS
48;2025-09;383;vestimenta;10287463;ARS
48;2025-10;377;alimentos;85108848;ARS
48;2025-10;384;vivienda;71223730;ARS
48;2025-10;382;transporte;30978110;ARS
48;2025-10;380;salud;32003729;ARS
48;2025-10;378;educacion;19594658;ARS
48;2025-10;381;servicios;17974247;ARS
48;2025-10;379;recreacion;10643716;ARS
48;2025-10;383;vestimenta;13311752;ARS
48;2025-11;377;alimentos;110259378;ARS
48;2025-11;384;vivienda;79291185;ARS
48;2025-11;382;transporte;36092001;ARS
48;2025-11;380;salud;30614050;ARS
48;2025-11;378;educacion;22302485;ARS
48;2025-11;381;servicios;20844788;ARS
48;2025-11;379;recreacion;11268505;ARS
48;2025-11;383;vestimenta;8496723;ARS
48;2025-12;377;alimentos;106616741;ARS
48;2025-12;384;vivienda;77257112;ARS
48;2025-12;382;transporte;33053789;ARS
48;2025-12;380;salud;30240911;ARS
48;2025-12;378;educacion;20795020;ARS
48;2025-12;381;servicios;23688758;ARS
48;2025-12;379;recreacion;14480118;ARS
48;2025-12;383;vestimenta;11314364;ARS
49;2023-01;385;alimentos;10599230;ARS
49;2023-01;392;vivienda;13834040;ARS
49;2023-01;390;transporte;3779726;ARS
49;2023-01;388;salud;2957941;ARS
49;2023-01;386;educacion;3013719;ARS
49;2023-01;389;servicios;3006822;ARS
49;2023-01;387;recreacion;1179514;ARS
49;2023-01;391;vestimenta;1245934;ARS
49;2023-02;385;alimentos;9706570;ARS
49;2023-02;392;vivienda;13985065;ARS
49;2023-02;390;transporte;3449470;ARS
49;2023-02;388;salud;2773997;ARS
49;2023-02;386;educacion;4055109;ARS
49;2023-02;389;servicios;2850849;ARS
49;2023-02;387;recreacion;1886179;ARS
49;2023-02;391;vestimenta;1270570;ARS
49;2023-03;385;alimentos;9272557;ARS
49;2023-03;392;vivienda;14824751;ARS
49;2023-03;390;transporte;5102933;ARS
49;2023-03;388;salud;2876971;ARS
49;2023-03;386;educacion;3584971;ARS
49;2023-03;389;servicios;3355937;ARS
49;2023-03;387;recreacion;2959292;ARS
49;2023-03;391;vestimenta;1741859;ARS
49;2023-04;385;alimentos;11123685;ARS
49;2023-04;392;vivienda;16336653;ARS
49;2023-04;390;transporte;5346616;ARS
49;2023-04;388;salud;2754315;ARS
49;2023-04;386;educacion;3575261;ARS
49;2023-04;389;servicios;3352352;ARS
49;2023-04;387;recreacion;2752875;ARS
49;2023-04;391;vestimenta;1067673;ARS
49;2023-05;385;alimentos;12191655;ARS
49;2023-05;392;vivienda;16071750;ARS
49;2023-05;390;transporte;5472232;ARS
49;2023-05;388;salud;2589139;ARS
49;2023-05;386;educacion;3430114;ARS
49;2023-05;389;servicios;3371401;ARS
49;2023-05;387;recreacion;2443342;ARS
49;2023-05;391;vestimenta;1385179;ARS
49;2023-06;385;alimentos;13097627;ARS
49;2023-06;392;vivienda;17580648;ARS
49;2023-06;390;transporte;5494259;ARS
49;2023-06;388;salud;3599415;ARS
49;2023-06;386;educacion;4158156;ARS
49;2023-06;389;servicios;3256684;ARS
49;2023-06;387;recreacion;2511521;ARS
49;2023-06;391;vestimenta;1351287;ARS
49;2023-07;385;alimentos;12126271;ARS
49;2023-07;392;vivienda;16953873;ARS
49;2023-07;390;transporte;5668648;ARS
49;2023-07;388;salud;3217813;ARS
49;2023-07;386;educacion;3265252;ARS
49;2023-07;389;servicios;3708407;ARS
49;2023-07;387;recreacion;1643519;ARS
49;2023-07;391;vestimenta;1022859;ARS
49;2023-08;385;alimentos;12699687;ARS
49;2023-08;392;vivienda;19014491;ARS
49;2023-08;390;transporte;5094730;ARS
49;2023-08;388;salud;3341179;ARS
49;2023-08;386;educacion;3961846;ARS
49;2023-08;389;servicios;4123259;ARS
49;2023-08;387;recreacion;3881386;ARS
49;2023-08;391;vestimenta;1491068;ARS
49;2023-09;385;alimentos;17870623;ARS
49;2023-09;392;vivienda;19062710;ARS
49;2023-09;390;transporte;7230089;ARS
49;2023-09;388;salud;4073656;ARS
49;2023-09;386;educacion;4089442;ARS
49;2023-09;389;servicios;4712809;ARS
49;2023-09;387;recreacion;3069150;ARS
49;2023-09;391;vestimenta;1314872;ARS
49;2023-10;385;alimentos;13518514;ARS
49;2023-10;392;vivienda;20085006;ARS
49;2023-10;390;transporte;6729950;ARS
49;2023-10;388;salud;3867277;ARS
49;2023-10;386;educacion;4816438;ARS
49;2023-10;389;servicios;4411682;ARS
49;2023-10;387;recreacion;3241590;ARS
49;2023-10;391;vestimenta;1832122;ARS
49;2023-11;385;alimentos;12678547;ARS
49;2023-11;392;vivienda;21688835;ARS
49;2023-11;390;transporte;7243884;ARS
49;2023-11;388;salud;4104372;ARS
49;2023-11;386;educacion;4521174;ARS
49;2023-11;389;servicios;5164850;ARS
49;2023-11;387;recreacion;3473069;ARS
49;2023-11;391;vestimenta;1406077;ARS
49;2023-12;385;alimentos;17658330;ARS
49;2023-12;392;vivienda;22630359;ARS
49;2023-12;390;transporte;5985237;ARS
49;2023-12;388;salud;4053407;ARS
49;2023-12;386;educacion;5820609;ARS
49;2023-12;389;servicios;4386538;ARS
49;2023-12;387;recreacion;3530045;ARS
49;2023-12;391;vestimenta;1961190;ARS
49;2024-01;385;alimentos;16613543;ARS
49;2024-01;392;vivienda;22330727;ARS
49;2024-01;390;transporte;6996014;ARS
49;2024-01;388;salud;4478332;ARS
49;2024-01;386;educacion;5723524;ARS
49;2024-01;389;servicios;4592885;ARS
49;2024-01;387;recreacion;3050411;ARS
49;2024-01;391;vestimenta;1864174;ARS
49;2024-02;385;alimentos;19160975;ARS
49;2024-02;392;vivienda;25313490;ARS
49;2024-02;390;transporte;8444430;ARS
49;2024-02;388;salud;4057801;ARS
49;2024-02;386;educacion;6070275;ARS
49;2024-02;389;servicios;5190848;ARS
49;2024-02;387;recreacion;3603624;ARS
49;2024-02;391;vestimenta;1929912;ARS
49;2024-03;385;alimentos;19161148;ARS
49;2024-03;392;vivienda;25320399;ARS
49;2024-03;390;transporte;7823381;ARS
49;2024-03;388;salud;4693751;ARS
49;2024-03;386;educacion;7047049;ARS
49;2024-03;389;servicios;4957557;ARS
49;2024-03;387;recreacion;3436860;ARS
49;2024-03;391;vestimenta;1226406;ARS
49;2024-04;385;alimentos;18715758;ARS
49;2024-04;392;vivienda;25370128;ARS
49;2024-04;390;transporte;7941872;ARS
49;2024-04;388;salud;5388891;ARS
49;2024-04;386;educacion;6013978;ARS
49;2024-04;389;servicios;5756109;ARS
49;2024-04;387;recreacion;4827607;ARS
49;2024-04;391;vestimenta;2008921;ARS
49;2024-05;385;alimentos;19096950;ARS
49;2024-05;392;vivienda;28297608;ARS
49;2024-05;390;transporte;7596937;ARS
49;2024-05;388;salud;4065067;ARS
49;2024-05;386;educacion;6849371;ARS
49;2024-05;389;servicios;6131245;ARS
49;2024-05;387;recreacion;2834378;ARS
49;2024-05;391;vestimenta;2633682;ARS
49;2024-06;385;alimentos;23209652;ARS
49;2024-06;392;vivienda;27776316;ARS
49;2024-06;390;transporte;7717225;ARS
49;2024-06;388;salud;5372029;ARS
49;2024-06;386;educacion;6188028;ARS
49;2024-06;389;servicios;5730982;ARS
49;2024-06;387;recreacion;4187512;ARS
49;2024-06;391;vestimenta;2714646;ARS
49;2024-07;385;alimentos;22317703;ARS
49;2024-07;392;vivienda;30476926;ARS
49;2024-07;390;transporte;9320253;ARS
49;2024-07;388;salud;6374631;ARS
49;2024-07;386;educacion;6836332;ARS
49;2024-07;389;servicios;5818566;ARS
49;2024-07;387;recreacion;3881853;ARS
49;2024-07;391;vestimenta;2565927;ARS
49;2024-08;385;alimentos;25579248;ARS
49;2024-08;392;vivienda;32054912;ARS
49;2024-08;390;transporte;8744973;ARS
49;2024-08;388;salud;5611039;ARS
49;2024-08;386;educacion;8193762;ARS
49;2024-08;389;servicios;6354837;ARS
49;2024-08;387;recreacion;3975904;ARS
49;2024-08;391;vestimenta;2661373;ARS
49;2024-09;385;alimentos;24813410;ARS
49;2024-09;392;vivienda;33290532;ARS
49;2024-09;390;transporte;10860129;ARS
49;2024-09;388;salud;6476066;ARS
49;2024-09;386;educacion;8206050;ARS
49;2024-09;389;servicios;6923547;ARS
49;2024-09;387;recreacion;5896906;ARS
49;2024-09;391;vestimenta;2371118;ARS
49;2024-10;385;alimentos;29527443;ARS
49;2024-10;392;vivienda;32454488;ARS
49;2024-10;390;transporte;11051352;ARS
49;2024-10;388;salud;6669259;ARS
49;2024-10;386;educacion;8052220;ARS
49;2024-10;389;servicios;7795964;ARS
49;2024-10;387;recreacion;4332252;ARS
49;2024-10;391;vestimenta;3414545;ARS
49;2024-11;385;alimentos;26106909;ARS
49;2024-11;392;vivienda;39293216;ARS
49;2024-11;390;transporte;11391655;ARS
49;2024-11;388;salud;7379218;ARS
49;2024-11;386;educacion;7727825;ARS
49;2024-11;389;servicios;7214977;ARS
49;2024-11;387;recreacion;5886224;ARS
49;2024-11;391;vestimenta;2625334;ARS
49;2024-12;385;alimentos;19291460;ARS
49;2024-12;392;vivienda;34652109;ARS
49;2024-12;390;transporte;9204826;ARS
49;2024-12;388;salud;6957232;ARS
49;2024-12;386;educacion;8113778;ARS
49;2024-12;389;servicios;8008631;ARS
49;2024-12;387;recreacion;6939416;ARS
49;2024-12;391;vestimenta;2341599;ARS
49;2025-01;385;alimentos;24680302;ARS
49;2025-01;392;vivienda;39465491;ARS
49;2025-01;390;transporte;9806792;ARS
49;2025-01;388;salud;6454592;ARS
49;2025-01;386;educacion;8089645;ARS
49;2025-01;389;servicios;8194816;ARS
49;2025-01;387;recreacion;7262897;ARS
49;2025-01;391;vestimenta;3805771;ARS
49;2025-02;385;alimentos;37325202;ARS
49;2025-02;392;vivienda;39847747;ARS
49;2025-02;390;transporte;12094137;ARS
49;2025-02;388;salud;8162553;ARS
49;2025-02;386;educacion;10590221;ARS
49;2025-02;389;servicios;8230527;ARS
49;2025-02;387;recreacion;5677922;ARS
49;2025-02;391;vestimenta;4353192;ARS
49;2025-03;385;alimentos;31186575;ARS
49;2025-03;392;vivienda;44880184;ARS
49;2025-03;390;transporte;13838773;ARS
49;2025-03;388;salud;8091488;ARS
49;2025-03;386;educacion;9829139;ARS
49;2025-03;389;servicios;9748350;ARS
49;2025-03;387;recreacion;6132246;ARS
49;2025-03;391;vestimenta;4003177;ARS
49;2025-04;385;alimentos;31554461;ARS
49;2025-04;392;vivienda;42356798;ARS
49;2025-04;390;transporte;15071646;ARS
49;2025-04;388;salud;10160776;ARS
49;2025-04;386;educacion;9450316;ARS
49;2025-04;389;servicios;9988120;ARS
49;2025-04;387;recreacion;5396772;ARS
49;2025-04;391;vestimenta;5853983;ARS
49;2025-05;385;alimentos;31583009;ARS
49;2025-05;392;vivienda;47289318;ARS
49;2025-05;390;transporte;15104261;ARS
49;2025-05;388;salud;9701953;ARS
49;2025-05;386;educacion;11287239;ARS
49;2025-05;389;servicios;9500353;ARS
49;2025-05;387;recreacion;6861112;ARS
49;2025-05;391;vestimenta;3982572;ARS
49;2025-06;385;alimentos;31807713;ARS
49;2025-06;392;vivienda;50073329;ARS
49;2025-06;390;transporte;15512154;ARS
49;2025-06;388;salud;9202984;ARS
49;2025-06;386;educacion;11255301;ARS
49;2025-06;389;servicios;10027962;ARS
49;2025-06;387;recreacion;6907616;ARS
49;2025-06;391;vestimenta;4252783;ARS
49;2025-07;385;alimentos;35541430;ARS
49;2025-07;392;vivienda;48816137;ARS
49;2025-07;390;transporte;12080838;ARS
49;2025-07;388;salud;10617439;ARS
49;2025-07;386;educacion;12165627;ARS
49;2025-07;389;servicios;10518222;ARS
49;2025-07;387;recreacion;5195309;ARS
49;2025-07;391;vestimenta;4089869;ARS
49;2025-08;385;alimentos;34844580;ARS
49;2025-08;392;vivienda;52704101;ARS
49;2025-08;390;transporte;13721231;ARS
49;2025-08;388;salud;9955537;ARS
49;2025-08;386;educacion;10890019;ARS
49;2025-08;389;servicios;11439743;ARS
49;2025-08;387;recreacion;8601985;ARS
49;2025-08;391;vestimenta;4779204;ARS
49;2025-09;385;alimentos;41136487;ARS
49;2025-09;392;vivienda;56266921;ARS
49;2025-09;390;transporte;16284757;ARS
49;2025-09;388;salud;9670487;ARS
49;2025-09;386;educacion;11630690;ARS
49;2025-09;389;servicios;12774565;ARS
49;2025-09;387;recreacion;7720302;ARS
49;2025-09;391;vestimenta;4803713;ARS
49;2025-10;385;alimentos;44562887;ARS
49;2025-10;392;vivienda;56146196;ARS
49;2025-10;390;transporte;18447832;ARS
49;2025-10;388;salud;9488269;ARS
49;2025-10;386;educacion;12840690;ARS
49;2025-10;389;servicios;12163069;ARS
49;2025-10;387;recreacion;7894398;ARS
49;2025-10;391;vestimenta;4887391;ARS
49;2025-11;385;alimentos;49494826;ARS
49;2025-11;392;vivienda;63576036;ARS
49;2025-11;390;transporte;19541967;ARS
49;2025-11;388;salud;11964815;ARS
49;2025-11;386;educacion;16049549;ARS
49;2025-11;389;servicios;12929846;ARS
49;2025-11;387;recreacion;9410223;ARS
49;2025-11;391;vestimenta;5336013;ARS
49;2025-12;385;alimentos;52329684;ARS
49;2025-12;392;vivienda;58180993;ARS
49;2025-12;390;transporte;16641437;ARS
49;2025-12;388;salud;11733926;ARS
49;2025-12;386;educacion;14716872;ARS
49;2025-12;389;servicios;13673994;ARS
49;2025-12;387;recreacion;9291908;ARS
49;2025-12;391;vestimenta;2869486;ARS
50;2023-01;393;alimentos;26301418;ARS
50;2023-01;400;vivienda;27748022;ARS
50;2023-01;398;transporte;9852721;ARS
50;2023-01;396;salud;6293641;ARS
50;2023-01;394;educacion;7506191;ARS
50;2023-01;397;servicios;8287527;ARS
50;2023-01;395;recreacion;4835769;ARS
50;2023-01;399;vestimenta;2156606;ARS
50;2023-02;393;alimentos;34075535;ARS
50;2023-02;400;vivienda;28120897;ARS
50;2023-02;398;transporte;10087604;ARS
50;2023-02;396;salud;6459122;ARS
50;2023-02;394;educacion;8282432;ARS
50;2023-02;397;servicios;7159846;ARS
50;2023-02;395;recreacion;4189856;ARS
50;2023-02;399;vestimenta;2529966;ARS
50;2023-03;393;alimentos;28953067;ARS
50;2023-03;400;vivienda;28508528;ARS
50;2023-03;398;transporte;10559970;ARS
50;2023-03;396;salud;7761206;ARS
50;2023-03;394;educacion;8751941;ARS
50;2023-03;397;servicios;8425859;ARS
50;2023-03;395;recreacion;5726096;ARS
50;2023-03;399;vestimenta;1655227;ARS
50;2023-04;393;alimentos;27900717;ARS
50;2023-04;400;vivienda;31745788;ARS
50;2023-04;398;transporte;11391499;ARS
50;2023-04;396;salud;7659718;ARS
50;2023-04;394;educacion;8049708;ARS
50;2023-04;397;servicios;8252841;ARS
50;2023-04;395;recreacion;5629330;ARS
50;2023-04;399;vestimenta;3125781;ARS
50;2023-05;393;alimentos;33500648;ARS
50;2023-05;400;vivienda;34122402;ARS
50;2023-05;398;transporte;11277355;ARS
50;2023-05;396;salud;7225152;ARS
50;2023-05;394;educacion;6843903;ARS
50;2023-05;397;servicios;9958943;ARS
50;2023-05;395;recreacion;5538817;ARS
50;2023-05;399;vestimenta;3831869;ARS
50;2023-06;393;alimentos;36702609;ARS
50;2023-06;400;vivienda;35730799;ARS
50;2023-06;398;transporte;10669459;ARS
50;2023-06;396;salud;6651661;ARS
50;2023-06;394;educacion;8204356;ARS
50;2023-06;397;servicios;9479682;ARS
50;2023-06;395;recreacion;6517556;ARS
50;2023-06;399;vestimenta;1980415;ARS
50;2023-07;393;alimentos;38278551;ARS
50;2023-07;400;vivienda;36855655;ARS
50;2023-07;398;transporte;12653716;ARS
50;2023-07;396;salud;7815823;ARS
50;2023-07;394;educacion;8453967;ARS
50;2023-07;397;servicios;11294868;ARS
50;2023-07;395;recreacion;5518483;ARS
50;2023-07;399;vestimenta;4441909;ARS
50;2023-08;393;alimentos;31755580;ARS
50;2023-08;400;vivienda;38156381;ARS
50;2023-08;398;transporte;14699677;ARS
50;2023-08;396;salud;8455578;ARS
50;2023-08;394;educacion;9472885;ARS
50;2023-08;397;servicios;9662473;ARS
50;2023-08;395;recreacion;6517781;ARS
50;2023-08;399;vestimenta;3108279;ARS
50;2023-09;393;alimentos;36229013;ARS
50;2023-09;400;vivienda;40289051;ARS
50;2023-09;398;transporte;12529372;ARS
50;2023-09;396;salud;7907922;ARS
50;2023-09;394;educacion;8931022;ARS
50;2023-09;397;servicios;12414226;ARS
50;2023-09;395;recreacion;7526201;ARS
50;2023-09;399;vestimenta;4288658;ARS
50;2023-10;393;alimentos;52221886;ARS
50;2023-10;400;vivienda;39700962;ARS
50;2023-10;398;transporte;14056101;ARS
50;2023-10;396;salud;8814137;ARS
50;2023-10;394;educacion;9937312;ARS
50;2023-10;397;servicios;12854658;ARS
50;2023-10;395;recreacion;7494920;ARS
50;2023-10;399;vestimenta;3266263;ARS
50;2023-11;393;alimentos;44545526;ARS
50;2023-11;400;vivienda;44505415;ARS
50;2023-11;398;transporte;14257178;ARS
50;2023-11;396;salud;8780018;ARS
50;2023-11;394;educacion;11147639;ARS
50;2023-11;397;servicios;12515333;ARS
50;2023-11;395;recreacion;7057865;ARS
50;2023-11;399;vestimenta;3930720;ARS
50;2023-12;393;alimentos;51514667;ARS
50;2023-12;400;vivienda;44683641;ARS
50;2023-12;398;transporte;16600141;ARS
50;2023-12;396;salud;10296232;ARS
50;2023-12;394;educacion;11554718;ARS
50;2023-12;397;servicios;13265862;ARS
50;2023-12;395;recreacion;6493764;ARS
50;2023-12;399;vestimenta;3455439;ARS
50;2024-01;393;alimentos;43502222;ARS
50;2024-01;400;vivienda;45508020;ARS
50;2024-01;398;transporte;13489715;ARS
50;2024-01;396;salud;9140445;ARS
50;2024-01;394;educacion;13390049;ARS
50;2024-01;397;servicios;13212445;ARS
50;2024-01;395;recreacion;10468210;ARS
50;2024-01;399;vestimenta;4132489;ARS
50;2024-02;393;alimentos;54149835;ARS
50;2024-02;400;vivienda;51790522;ARS
50;2024-02;398;transporte;17415574;ARS
50;2024-02;396;salud;11547208;ARS
50;2024-02;394;educacion;13494522;ARS
50;2024-02;397;servicios;13914565;ARS
50;2024-02;395;recreacion;8609736;ARS
50;2024-02;399;vestimenta;4661135;ARS
50;2024-03;393;alimentos;49228775;ARS
50;2024-03;400;vivienda;50863247;ARS
50;2024-03;398;transporte;15929720;ARS
50;2024-03;396;salud;12061320;ARS
50;2024-03;394;educacion;14127182;ARS
50;2024-03;397;servicios;13855323;ARS
50;2024-03;395;recreacion;7277323;ARS
50;2024-03;399;vestimenta;4933699;ARS
50;2024-04;393;alimentos;55270422;ARS
50;2024-04;400;vivienda;49698656;ARS
50;2024-04;398;transporte;20173145;ARS
50;2024-04;396;salud;12089994;ARS
50;2024-04;394;educacion;13388137;ARS
50;2024-04;397;servicios;13095492;ARS
50;2024-04;395;recreacion;12528322;ARS
50;2024-04;399;vestimenta;4774658;ARS
50;2024-05;393;alimentos;51506977;ARS
50;2024-05;400;vivienda;54459533;ARS
50;2024-05;398;transporte;18122164;ARS
50;2024-05;396;salud;14662488;ARS
50;2024-05;394;educacion;13411337;ARS
50;2024-05;397;servicios;18150445;ARS
50;2024-05;395;recreacion;9866178;ARS
50;2024-05;399;vestimenta;4811200;ARS
50;2024-06;393;alimentos;69522765;ARS
50;2024-06;400;vivienda;57296719;ARS
50;2024-06;398;transporte;17566317;ARS
50;2024-06;396;salud;12954998;ARS
50;2024-06;394;educacion;15621413;ARS
50;2024-06;397;servicios;17226536;ARS
50;2024-06;395;recreacion;8818209;ARS
50;2024-06;399;vestimenta;5287592;ARS
50;2024-07;393;alimentos;57111559;ARS
50;2024-07;400;vivienda;60629271;ARS
50;2024-07;398;transporte;21891641;ARS
50;2024-07;396;salud;12958777;ARS
50;2024-07;394;educacion;15455395;ARS
50;2024-07;397;servicios;16684268;ARS
50;2024-07;395;recreacion;13691344;ARS
50;2024-07;399;vestimenta;7132690;ARS
50;2024-08;393;alimentos;54645201;ARS
50;2024-08;400;vivienda;61346764;ARS
50;2024-08;398;transporte;21615610;ARS
50;2024-08;396;salud;14769621;ARS
50;2024-08;394;educacion;16410254;ARS
50;2024-08;397;servicios;16505322;ARS
50;2024-08;395;recreacion;12481288;ARS
50;2024-08;399;vestimenta;5246672;ARS
50;2024-09;393;alimentos;79218573;ARS
50;2024-09;400;vivienda;66524083;ARS
50;2024-09;398;transporte;22321543;ARS
50;2024-09;396;salud;17427577;ARS
50;2024-09;394;educacion;17547154;ARS
50;2024-09;397;servicios;15876726;ARS
50;2024-09;395;recreacion;10104621;ARS
50;2024-09;399;vestimenta;7453825;ARS
50;2024-10;393;alimentos;71245742;ARS
50;2024-10;400;vivienda;75040395;ARS
50;2024-10;398;transporte;19941029;ARS
50;2024-10;396;salud;17147280;ARS
50;2024-10;394;educacion;15511734;ARS
50;2024-10;397;servicios;16841136;ARS
50;2024-10;395;recreacion;10097887;ARS
50;2024-10;399;vestimenta;5691506;ARS
50;2024-11;393;alimentos;75278813;ARS
50;2024-11;400;vivienda;69782368;ARS
50;2024-11;398;transporte;24158616;ARS
50;2024-11;396;salud;16372456;ARS
50;2024-11;394;educacion;18970281;ARS
50;2024-11;397;servicios;20309274;ARS
50;2024-11;395;recreacion;12286592;ARS
50;2024-11;399;vestimenta;8073582;ARS
50;2024-12;393;alimentos;70259196;ARS
50;2024-12;400;vivienda;77476387;ARS
50;2024-12;398;transporte;25384079;ARS
50;2024-12;396;salud;16954466;ARS
50;2024-12;394;educacion;21113618;ARS
50;2024-12;397;servicios;21162446;ARS
50;2024-12;395;recreacion;14531260;ARS
50;2024-12;399;vestimenta;5795518;ARS
50;2025-01;393;alimentos;94814980;ARS
50;2025-01;400;vivienda;80755298;ARS
50;2025-01;398;transporte;30257309;ARS
50;2025-01;396;salud;17000907;ARS
50;2025-01;394;educacion;20528317;ARS
50;2025-01;397;servicios;25645748;ARS
50;2025-01;395;recreacion;17088213;ARS
50;2025-01;399;vestimenta;9170552;ARS
50;2025-02;393;alimentos;75747236;ARS
50;2025-02;400;vivienda;79917338;ARS
50;2025-02;398;transporte;32427443;ARS
50;2025-02;396;salud;18438507;ARS
50;2025-02;394;educacion;24376498;ARS
50;2025-02;397;servicios;24684541;ARS
50;2025-02;395;recreacion;12757862;ARS
50;2025-02;399;vestimenta;7067256;ARS
50;2025-03;393;alimentos;101040090;ARS
50;2025-03;400;vivienda;89647549;ARS
50;2025-03;398;transporte;37113788;ARS
50;2025-03;396;salud;18334964;ARS
50;2025-03;394;educacion;24098826;ARS
50;2025-03;397;servicios;23918815;ARS
50;2025-03;395;recreacion;10765772;ARS
50;2025-03;399;vestimenta;6573417;ARS
50;2025-04;393;alimentos;105814693;ARS
50;2025-04;400;vivienda;85506816;ARS
50;2025-04;398;transporte;33651838;ARS
50;2025-04;396;salud;23215106;ARS
50;2025-04;394;educacion;20995640;ARS
50;2025-04;397;servicios;27085304;ARS
50;2025-04;395;recreacion;16773585;ARS
50;2025-04;399;vestimenta;8531449;ARS
50;2025-05;393;alimentos;82343139;ARS
50;2025-05;400;vivienda;97636273;ARS
50;2025-05;398;transporte;31155570;ARS
50;2025-05;396;salud;21686553;ARS
50;2025-05;394;educacion;23761075;ARS
50;2025-05;397;servicios;29754823;ARS
50;2025-05;395;recreacion;20539046;ARS
50;2025-05;399;vestimenta;8572593;ARS
50;2025-06;393;alimentos;106100032;ARS
50;2025-06;400;vivienda;96467909;ARS
50;2025-06;398;transporte;32942019;ARS
50;2025-06;396;salud;22205050;ARS
50;2025-06;394;educacion;25739097;ARS
50;2025-06;397;servicios;32402697;ARS
50;2025-06;395;recreacion;15980574;ARS
50;2025-06;399;vestimenta;10864315;ARS
50;2025-07;393;alimentos;114462462;ARS
50;2025-07;400;vivienda;99892798;ARS
50;2025-07;398;transporte;39116850;ARS
50;2025-07;396;salud;24646292;ARS
50;2025-07;394;educacion;24553358;ARS
50;2025-07;397;servicios;31382514;ARS
50;2025-07;395;recreacion;18190038;ARS
50;2025-07;399;vestimenta;7389614;ARS
50;2025-08;393;alimentos;132622328;ARS
50;2025-08;400;vivienda;110248877;ARS
50;2025-08;398;transporte;42788439;ARS
50;2025-08;396;salud;24559822;ARS
50;2025-08;394;educacion;24712407;ARS
50;2025-08;397;servicios;31782522;ARS
50;2025-08;395;recreacion;16335673;ARS
50;2025-08;399;vestimenta;11234530;ARS
50;2025-09;393;alimentos;117582183;ARS
50;2025-09;400;vivienda;119195437;ARS
50;2025-09;398;transporte;39693254;ARS
50;2025-09;396;salud;22888325;ARS
50;2025-09;394;educacion;26347354;ARS
50;2025-09;397;servicios;33275496;ARS
50;2025-09;395;recreacion;18433622;ARS
50;2025-09;399;vestimenta;6327433;ARS
50;2025-10;393;alimentos;130964432;ARS
50;2025-10;400;vivienda;116664975;ARS
50;2025-10;398;transporte;35870868;ARS
50;2025-10;396;salud;29320736;ARS
50;2025-10;394;educacion;30961649;ARS
50;2025-10;397;servicios;31013533;ARS
50;2025-10;395;recreacion;24315241;ARS
50;2025-10;399;vestimenta;9824274;ARS
50;2025-11;393;alimentos;112032792;ARS
50;2025-11;400;vivienda;122578015;ARS
50;2025-11;398;transporte;36002835;ARS
50;2025-11;396;salud;24190542;ARS
50;2025-11;394;educacion;33079115;ARS
50;2025-11;397;servicios;30254344;ARS
50;2025-11;395;recreacion;25658402;ARS
50;2025-11;399;vestimenta;9118341;ARS
50;2025-12;393;alimentos;121299254;ARS
50;2025-12;400;vivienda;136681659;ARS
50;2025-12;398;transporte;40012026;ARS
50;2025-12;396;salud;27212095;ARS
50;2025-12;394;educacion;30027850;ARS
50;2025-12;397;servicios;35741366;ARS
50;2025-12;395;recreacion;19629541;ARS
50;2025-12;399;vestimenta;13749846;ARS
